2025-12-03 08:14:02 [scrapy.utils.log] INFO: Scrapy 2.13.4 started (bot: cbnu_crawler)
2025-12-03 08:14:02 [scrapy.utils.log] INFO: Versions:
{'lxml': '6.0.2',
 'libxml2': '2.14.6',
 'cssselect': '1.3.0',
 'parsel': '1.10.0',
 'w3lib': '2.3.1',
 'Twisted': '25.5.0',
 'Python': '3.11.9 (v3.11.9:de54cf5be3, Apr  2 2024, 07:12:50) [Clang 13.0.0 '
           '(clang-1300.0.29.30)]',
 'pyOpenSSL': '25.3.0 (OpenSSL 3.5.4 30 Sep 2025)',
 'cryptography': '46.0.2',
 'Platform': 'macOS-14.6.1-arm64-arm-64bit'}
2025-12-03 08:14:02 [selenium.webdriver.common.selenium_manager] DEBUG: Selenium Manager binary found at: /Users/sang/SanHark_CBNU/code/backend/cbnu_chatbot/backend/venv/lib/python3.11/site-packages/selenium/webdriver/common/macos/selenium-manager
2025-12-03 08:14:02 [selenium.webdriver.common.selenium_manager] DEBUG: Executing process: /Users/sang/SanHark_CBNU/code/backend/cbnu_chatbot/backend/venv/lib/python3.11/site-packages/selenium/webdriver/common/macos/selenium-manager --browser chrome --language-binding python --output json
2025-12-03 08:14:02 [selenium.webdriver.common.selenium_manager] DEBUG: Driver path: /Users/sang/.cache/selenium/chromedriver/mac-arm64/142.0.7444.175/chromedriver
2025-12-03 08:14:02 [selenium.webdriver.common.selenium_manager] DEBUG: Browser path: /Applications/Google Chrome.app/Contents/MacOS/Google Chrome
2025-12-03 08:14:02 [selenium.webdriver.common.service] DEBUG: Started executable: `/Users/sang/.cache/selenium/chromedriver/mac-arm64/142.0.7444.175/chromedriver` in a child process with pid: 54102 using 0 to output -3
2025-12-03 08:14:02 [selenium.webdriver.remote.remote_connection] DEBUG: POST http://localhost:62956/session {'capabilities': {'firstMatch': [{}], 'alwaysMatch': {'browserName': 'chrome', 'pageLoadStrategy': <PageLoadStrategy.normal: 'normal'>, 'browserVersion': None, 'goog:chromeOptions': {'extensions': [], 'binary': '/Applications/Google Chrome.app/Contents/MacOS/Google Chrome', 'args': ['--headless', '--no-sandbox', '--disable-dev-shm-usage']}}}}
2025-12-03 08:14:02 [urllib3.connectionpool] DEBUG: Starting new HTTP connection (1): localhost:62956
2025-12-03 08:14:02 [urllib3.connectionpool] DEBUG: http://localhost:62956 "POST /session HTTP/1.1" 200 0
2025-12-03 08:14:02 [selenium.webdriver.remote.remote_connection] DEBUG: Remote response: status=200 | data={"value":{"capabilities":{"acceptInsecureCerts":false,"browserName":"chrome","browserVersion":"142.0.7444.176","chrome":{"chromedriverVersion":"142.0.7444.175 (302067f14a4ea3f42001580e6101fa25ed343445-refs/branch-heads/7444@{#2749})","userDataDir":"/var/folders/vy/wp8qqx355xnf9gvdklr6mg9h0000gn/T/.org.chromium.Chromium.scoped_dir.Wn0AFm"},"fedcm:accounts":true,"goog:chromeOptions":{"debuggerAddress":"localhost:62961"},"goog:processID":54103,"networkConnectionEnabled":false,"pageLoadStrategy":"normal","platformName":"mac","proxy":{},"setWindowRect":true,"strictFileInteractability":false,"timeouts":{"implicit":0,"pageLoad":300000,"script":30000},"unhandledPromptBehavior":"dismiss and notify","webauthn:extension:credBlob":true,"webauthn:extension:largeBlob":true,"webauthn:extension:minPinLength":true,"webauthn:extension:prf":true,"webauthn:virtualAuthenticators":true},"sessionId":"55d29d1754d9f82f296e52be9f989bc5"}} | headers=HTTPHeaderDict({'Content-Length': '926', 'Content-Type': 'application/json; charset=utf-8', 'cache-control': 'no-cache'})
2025-12-03 08:14:02 [selenium.webdriver.remote.remote_connection] DEBUG: Finished Request
2025-12-03 08:14:02 [scrapy.addons] INFO: Enabled addons:
[]
2025-12-03 08:14:02 [asyncio] DEBUG: Using selector: KqueueSelector
2025-12-03 08:14:02 [scrapy.utils.log] DEBUG: Using reactor: twisted.internet.asyncioreactor.AsyncioSelectorReactor
2025-12-03 08:14:02 [scrapy.utils.log] DEBUG: Using asyncio event loop: asyncio.unix_events._UnixSelectorEventLoop
2025-12-03 08:14:02 [scrapy.extensions.telnet] INFO: Telnet Password: 5701d102e6243a1d
2025-12-03 08:14:02 [scrapy.middleware] INFO: Enabled extensions:
['scrapy.extensions.corestats.CoreStats',
 'scrapy.extensions.telnet.TelnetConsole',
 'scrapy.extensions.memusage.MemoryUsage',
 'scrapy.extensions.logstats.LogStats']
2025-12-03 08:14:02 [scrapy.crawler] INFO: Overridden settings:
{'BOT_NAME': 'cbnu_crawler',
 'DOWNLOAD_DELAY': 1.5,
 'NEWSPIDER_MODULE': 'cbnu_crawler.spiders',
 'SPIDER_MODULES': ['cbnu_crawler.spiders'],
 'USER_AGENT': 'Mozilla/5.0 (Windows NT 10.0; Win64; x64) AppleWebKit/537.36 '
               '(KHTML, like Gecko) Chrome/100.0.4896.127 Safari/537.36'}
2025-12-03 08:14:02 [scrapy.middleware] INFO: Enabled downloader middlewares:
['scrapy.downloadermiddlewares.offsite.OffsiteMiddleware',
 'scrapy.downloadermiddlewares.httpauth.HttpAuthMiddleware',
 'scrapy.downloadermiddlewares.downloadtimeout.DownloadTimeoutMiddleware',
 'scrapy.downloadermiddlewares.defaultheaders.DefaultHeadersMiddleware',
 'scrapy.downloadermiddlewares.useragent.UserAgentMiddleware',
 'scrapy.downloadermiddlewares.retry.RetryMiddleware',
 'scrapy.downloadermiddlewares.redirect.MetaRefreshMiddleware',
 'scrapy.downloadermiddlewares.httpcompression.HttpCompressionMiddleware',
 'scrapy.downloadermiddlewares.redirect.RedirectMiddleware',
 'scrapy.downloadermiddlewares.cookies.CookiesMiddleware',
 'scrapy.downloadermiddlewares.httpproxy.HttpProxyMiddleware',
 'scrapy.downloadermiddlewares.stats.DownloaderStats']
2025-12-03 08:14:02 [scrapy.middleware] INFO: Enabled spider middlewares:
['scrapy.spidermiddlewares.start.StartSpiderMiddleware',
 'scrapy.spidermiddlewares.httperror.HttpErrorMiddleware',
 'scrapy.spidermiddlewares.referer.RefererMiddleware',
 'scrapy.spidermiddlewares.urllength.UrlLengthMiddleware',
 'scrapy.spidermiddlewares.depth.DepthMiddleware']
2025-12-03 08:14:02 [scrapy.middleware] INFO: Enabled item pipelines:
['cbnu_crawler.pipelines.DjangoPipeline']
2025-12-03 08:14:02 [scrapy.core.engine] INFO: Spider opened
2025-12-03 08:14:02 [scrapy.extensions.logstats] INFO: Crawled 0 pages (at 0 pages/min), scraped 0 items (at 0 items/min)
2025-12-03 08:14:02 [scrapy.extensions.telnet] INFO: Telnet console listening on 127.0.0.1:6023
2025-12-03 08:14:03 [scrapy.core.engine] DEBUG: Crawled (200) <GET https://dorm.chungbuk.ac.kr/home/sub.php?menukey=20039> (referer: None)
2025-12-03 08:14:03 [selenium.webdriver.remote.remote_connection] DEBUG: POST http://localhost:62956/session/55d29d1754d9f82f296e52be9f989bc5/url {'url': 'https://dorm.chungbuk.ac.kr/home/sub.php?menukey=20039'}
2025-12-03 08:14:03 [urllib3.connectionpool] DEBUG: http://localhost:62956 "POST /session/55d29d1754d9f82f296e52be9f989bc5/url HTTP/1.1" 200 0
2025-12-03 08:14:03 [selenium.webdriver.remote.remote_connection] DEBUG: Remote response: status=200 | data={"value":null} | headers=HTTPHeaderDict({'Content-Length': '14', 'Content-Type': 'application/json; charset=utf-8', 'cache-control': 'no-cache'})
2025-12-03 08:14:03 [selenium.webdriver.remote.remote_connection] DEBUG: Finished Request
2025-12-03 08:14:06 [selenium.webdriver.remote.remote_connection] DEBUG: POST http://localhost:62956/session/55d29d1754d9f82f296e52be9f989bc5/elements {'using': 'css selector', 'value': 'table tr'}
2025-12-03 08:14:06 [urllib3.connectionpool] DEBUG: http://localhost:62956 "POST /session/55d29d1754d9f82f296e52be9f989bc5/elements HTTP/1.1" 200 0
2025-12-03 08:14:06 [selenium.webdriver.remote.remote_connection] DEBUG: Remote response: status=200 | data={"value":[{"element-6066-11e4-a52e-4f735466cecf":"f.2D963D2E8DF8830D0AEB1349B2AFCF15.d.C0E25FCCB4A319C2EE64E832F7C10D43.e.20"},{"element-6066-11e4-a52e-4f735466cecf":"f.2D963D2E8DF8830D0AEB1349B2AFCF15.d.C0E25FCCB4A319C2EE64E832F7C10D43.e.21"},{"element-6066-11e4-a52e-4f735466cecf":"f.2D963D2E8DF8830D0AEB1349B2AFCF15.d.C0E25FCCB4A319C2EE64E832F7C10D43.e.22"},{"element-6066-11e4-a52e-4f735466cecf":"f.2D963D2E8DF8830D0AEB1349B2AFCF15.d.C0E25FCCB4A319C2EE64E832F7C10D43.e.23"},{"element-6066-11e4-a52e-4f735466cecf":"f.2D963D2E8DF8830D0AEB1349B2AFCF15.d.C0E25FCCB4A319C2EE64E832F7C10D43.e.24"},{"element-6066-11e4-a52e-4f735466cecf":"f.2D963D2E8DF8830D0AEB1349B2AFCF15.d.C0E25FCCB4A319C2EE64E832F7C10D43.e.25"},{"element-6066-11e4-a52e-4f735466cecf":"f.2D963D2E8DF8830D0AEB1349B2AFCF15.d.C0E25FCCB4A319C2EE64E832F7C10D43.e.26"},{"element-6066-11e4-a52e-4f735466cecf":"f.2D963D2E8DF8830D0AEB1349B2AFCF15.d.C0E25FCCB4A319C2EE64E832F7C10D43.e.27"},{"element-6066-11e4-a52e-4f735466cecf":"f.2D963D2E8DF8830D0AEB1349B2AFCF15.d.C0E25FCCB4A319C2EE64E832F7C10D43.e.28"},{"element-6066-11e4-a52e-4f735466cecf":"f.2D963D2E8DF8830D0AEB1349B2AFCF15.d.C0E25FCCB4A319C2EE64E832F7C10D43.e.29"},{"element-6066-11e4-a52e-4f735466cecf":"f.2D963D2E8DF8830D0AEB1349B2AFCF15.d.C0E25FCCB4A319C2EE64E832F7C10D43.e.30"},{"element-6066-11e4-a52e-4f735466cecf":"f.2D963D2E8DF8830D0AEB1349B2AFCF15.d.C0E25FCCB4A319C2EE64E832F7C10D43.e.31"},{"element-6066-11e4-a52e-4f735466cecf":"f.2D963D2E8DF8830D0AEB1349B2AFCF15.d.C0E25FCCB4A319C2EE64E832F7C10D43.e.32"},{"element-6066-11e4-a52e-4f735466cecf":"f.2D963D2E8DF8830D0AEB1349B2AFCF15.d.C0E25FCCB4A319C2EE64E832F7C10D43.e.33"},{"element-6066-11e4-a52e-4f735466cecf":"f.2D963D2E8DF8830D0AEB1349B2AFCF15.d.C0E25FCCB4A319C2EE64E832F7C10D43.e.34"},{"element-6066-11e4-a52e-4f735466cecf":"f.2D963D2E8DF8830D0AEB1349B2AFCF15.d.C0E25FCCB4A319C2EE64E832F7C10D43.e.35"},{"element-6066-11e4-a52e-4f735466cecf":"f.2D963D2E8DF8830D0AEB1349B2AFCF15.d.C0E25FCCB4A319C2EE64E832F7C10D43.e.36"},{"element-6066-11e4-a52e-4f735466cecf":"f.2D963D2E8DF8830D0AEB1349B2AFCF15.d.C0E25FCCB4A319C2EE64E832F7C10D43.e.37"},{"element-6066-11e4-a52e-4f735466cecf":"f.2D963D2E8DF8830D0AEB1349B2AFCF15.d.C0E25FCCB4A319C2EE64E832F7C10D43.e.38"},{"element-6066-11e4-a52e-4f735466cecf":"f.2D963D2E8DF8830D0AEB1349B2AFCF15.d.C0E25FCCB4A319C2EE64E832F7C10D43.e.39"},{"element-6066-11e4-a52e-4f735466cecf":"f.2D963D2E8DF8830D0AEB1349B2AFCF15.d.C0E25FCCB4A319C2EE64E832F7C10D43.e.40"},{"element-6066-11e4-a52e-4f735466cecf":"f.2D963D2E8DF8830D0AEB1349B2AFCF15.d.C0E25FCCB4A319C2EE64E832F7C10D43.e.41"},{"element-6066-11e4-a52e-4f735466cecf":"f.2D963D2E8DF8830D0AEB1349B2AFCF15.d.C0E25FCCB4A319C2EE64E832F7C10D43.e.42"},{"element-6066-11e4-a52e-4f735466cecf":"f.2D963D2E8DF8830D0AEB1349B2AFCF15.d.C0E25FCCB4A319C2EE64E832F7C10D43.e.43"},{"element-6066-11e4-a52e-4f735466cecf":"f.2D963D2E8DF8830D0AEB1349B2AFCF15.d.C0E25FCCB4A319C2EE64E832F7C10D43.e.44"},{"element-6066-11e4-a52e-4f735466cecf":"f.2D963D2E8DF8830D0AEB1349B2AFCF15.d.C0E25FCCB4A319C2EE64E832F7C10D43.e.45"},{"element-6066-11e4-a52e-4f735466cecf":"f.2D963D2E8DF8830D0AEB1349B2AFCF15.d.C0E25FCCB4A319C2EE64E832F7C10D43.e.46"},{"element-6066-11e4-a52e-4f735466cecf":"f.2D963D2E8DF8830D0AEB1349B2AFCF15.d.C0E25FCCB4A319C2EE64E832F7C10D43.e.47"},{"element-6066-11e4-a52e-4f735466cecf":"f.2D963D2E8DF8830D0AEB1349B2AFCF15.d.C0E25FCCB4A319C2EE64E832F7C10D43.e.48"}]} | headers=HTTPHeaderDict({'Content-Length': '3404', 'Content-Type': 'application/json; charset=utf-8', 'cache-control': 'no-cache'})
2025-12-03 08:14:06 [selenium.webdriver.remote.remote_connection] DEBUG: Finished Request
2025-12-03 08:14:06 [selenium.webdriver.remote.remote_connection] DEBUG: POST http://localhost:62956/session/55d29d1754d9f82f296e52be9f989bc5/element/f.2D963D2E8DF8830D0AEB1349B2AFCF15.d.C0E25FCCB4A319C2EE64E832F7C10D43.e.20/elements {'using': 'tag name', 'value': 'td'}
2025-12-03 08:14:06 [urllib3.connectionpool] DEBUG: http://localhost:62956 "POST /session/55d29d1754d9f82f296e52be9f989bc5/element/f.2D963D2E8DF8830D0AEB1349B2AFCF15.d.C0E25FCCB4A319C2EE64E832F7C10D43.e.20/elements HTTP/1.1" 200 0
2025-12-03 08:14:06 [selenium.webdriver.remote.remote_connection] DEBUG: Remote response: status=200 | data={"value":[]} | headers=HTTPHeaderDict({'Content-Length': '12', 'Content-Type': 'application/json; charset=utf-8', 'cache-control': 'no-cache'})
2025-12-03 08:14:06 [selenium.webdriver.remote.remote_connection] DEBUG: Finished Request
2025-12-03 08:14:06 [selenium.webdriver.remote.remote_connection] DEBUG: POST http://localhost:62956/session/55d29d1754d9f82f296e52be9f989bc5/element/f.2D963D2E8DF8830D0AEB1349B2AFCF15.d.C0E25FCCB4A319C2EE64E832F7C10D43.e.21/elements {'using': 'tag name', 'value': 'td'}
2025-12-03 08:14:06 [urllib3.connectionpool] DEBUG: http://localhost:62956 "POST /session/55d29d1754d9f82f296e52be9f989bc5/element/f.2D963D2E8DF8830D0AEB1349B2AFCF15.d.C0E25FCCB4A319C2EE64E832F7C10D43.e.21/elements HTTP/1.1" 200 0
2025-12-03 08:14:06 [selenium.webdriver.remote.remote_connection] DEBUG: Remote response: status=200 | data={"value":[{"element-6066-11e4-a52e-4f735466cecf":"f.2D963D2E8DF8830D0AEB1349B2AFCF15.d.C0E25FCCB4A319C2EE64E832F7C10D43.e.49"},{"element-6066-11e4-a52e-4f735466cecf":"f.2D963D2E8DF8830D0AEB1349B2AFCF15.d.C0E25FCCB4A319C2EE64E832F7C10D43.e.50"},{"element-6066-11e4-a52e-4f735466cecf":"f.2D963D2E8DF8830D0AEB1349B2AFCF15.d.C0E25FCCB4A319C2EE64E832F7C10D43.e.51"},{"element-6066-11e4-a52e-4f735466cecf":"f.2D963D2E8DF8830D0AEB1349B2AFCF15.d.C0E25FCCB4A319C2EE64E832F7C10D43.e.52"},{"element-6066-11e4-a52e-4f735466cecf":"f.2D963D2E8DF8830D0AEB1349B2AFCF15.d.C0E25FCCB4A319C2EE64E832F7C10D43.e.53"},{"element-6066-11e4-a52e-4f735466cecf":"f.2D963D2E8DF8830D0AEB1349B2AFCF15.d.C0E25FCCB4A319C2EE64E832F7C10D43.e.54"}]} | headers=HTTPHeaderDict({'Content-Length': '713', 'Content-Type': 'application/json; charset=utf-8', 'cache-control': 'no-cache'})
2025-12-03 08:14:06 [selenium.webdriver.remote.remote_connection] DEBUG: Finished Request
2025-12-03 08:14:06 [selenium.webdriver.remote.remote_connection] DEBUG: POST http://localhost:62956/session/55d29d1754d9f82f296e52be9f989bc5/element/f.2D963D2E8DF8830D0AEB1349B2AFCF15.d.C0E25FCCB4A319C2EE64E832F7C10D43.e.21/elements {'using': 'tag name', 'value': 'a'}
2025-12-03 08:14:06 [urllib3.connectionpool] DEBUG: http://localhost:62956 "POST /session/55d29d1754d9f82f296e52be9f989bc5/element/f.2D963D2E8DF8830D0AEB1349B2AFCF15.d.C0E25FCCB4A319C2EE64E832F7C10D43.e.21/elements HTTP/1.1" 200 0
2025-12-03 08:14:06 [selenium.webdriver.remote.remote_connection] DEBUG: Remote response: status=200 | data={"value":[{"element-6066-11e4-a52e-4f735466cecf":"f.2D963D2E8DF8830D0AEB1349B2AFCF15.d.C0E25FCCB4A319C2EE64E832F7C10D43.e.55"},{"element-6066-11e4-a52e-4f735466cecf":"f.2D963D2E8DF8830D0AEB1349B2AFCF15.d.C0E25FCCB4A319C2EE64E832F7C10D43.e.56"}]} | headers=HTTPHeaderDict({'Content-Length': '245', 'Content-Type': 'application/json; charset=utf-8', 'cache-control': 'no-cache'})
2025-12-03 08:14:06 [selenium.webdriver.remote.remote_connection] DEBUG: Finished Request
2025-12-03 08:14:06 [selenium.webdriver.remote.remote_connection] DEBUG: GET http://localhost:62956/session/55d29d1754d9f82f296e52be9f989bc5/element/f.2D963D2E8DF8830D0AEB1349B2AFCF15.d.C0E25FCCB4A319C2EE64E832F7C10D43.e.55/text {}
2025-12-03 08:14:06 [urllib3.connectionpool] DEBUG: http://localhost:62956 "GET /session/55d29d1754d9f82f296e52be9f989bc5/element/f.2D963D2E8DF8830D0AEB1349B2AFCF15.d.C0E25FCCB4A319C2EE64E832F7C10D43.e.55/text HTTP/1.1" 200 0
2025-12-03 08:14:06 [selenium.webdriver.remote.remote_connection] DEBUG: Remote response: status=200 | data={"value":"충북대학교 학생생활관 대학회계 계약직(경비원) 채용 공고"} | headers=HTTPHeaderDict({'Content-Length': '91', 'Content-Type': 'application/json; charset=utf-8', 'cache-control': 'no-cache'})
2025-12-03 08:14:06 [selenium.webdriver.remote.remote_connection] DEBUG: Finished Request
2025-12-03 08:14:06 [selenium.webdriver.remote.remote_connection] DEBUG: POST http://localhost:62956/session/55d29d1754d9f82f296e52be9f989bc5/execute/sync {'script': '/* getAttribute */return (function(){return (function(){var d=this||self;function f(a,b){function c(...', 'args': [{'element-6066-11e4-a52e-4f735466cecf': 'f.2D963D2E8DF8830D0AEB1349B2AFCF15.d.C0E25FCCB4A319C2EE64E832F7C10D43.e.55'}, 'href']}
2025-12-03 08:14:07 [urllib3.connectionpool] DEBUG: http://localhost:62956 "POST /session/55d29d1754d9f82f296e52be9f989bc5/execute/sync HTTP/1.1" 200 0
2025-12-03 08:14:07 [selenium.webdriver.remote.remote_connection] DEBUG: Remote response: status=200 | data={"value":"https://dorm.chungbuk.ac.kr/home/sub.php?menukey=20039&mod=view&no=454178813&listCnt=20"} | headers=HTTPHeaderDict({'Content-Length': '99', 'Content-Type': 'application/json; charset=utf-8', 'cache-control': 'no-cache'})
2025-12-03 08:14:07 [selenium.webdriver.remote.remote_connection] DEBUG: Finished Request
2025-12-03 08:14:07 [selenium.webdriver.remote.remote_connection] DEBUG: POST http://localhost:62956/session/55d29d1754d9f82f296e52be9f989bc5/element/f.2D963D2E8DF8830D0AEB1349B2AFCF15.d.C0E25FCCB4A319C2EE64E832F7C10D43.e.22/elements {'using': 'tag name', 'value': 'td'}
2025-12-03 08:14:07 [urllib3.connectionpool] DEBUG: http://localhost:62956 "POST /session/55d29d1754d9f82f296e52be9f989bc5/element/f.2D963D2E8DF8830D0AEB1349B2AFCF15.d.C0E25FCCB4A319C2EE64E832F7C10D43.e.22/elements HTTP/1.1" 200 0
2025-12-03 08:14:07 [selenium.webdriver.remote.remote_connection] DEBUG: Remote response: status=200 | data={"value":[{"element-6066-11e4-a52e-4f735466cecf":"f.2D963D2E8DF8830D0AEB1349B2AFCF15.d.C0E25FCCB4A319C2EE64E832F7C10D43.e.57"},{"element-6066-11e4-a52e-4f735466cecf":"f.2D963D2E8DF8830D0AEB1349B2AFCF15.d.C0E25FCCB4A319C2EE64E832F7C10D43.e.58"},{"element-6066-11e4-a52e-4f735466cecf":"f.2D963D2E8DF8830D0AEB1349B2AFCF15.d.C0E25FCCB4A319C2EE64E832F7C10D43.e.59"},{"element-6066-11e4-a52e-4f735466cecf":"f.2D963D2E8DF8830D0AEB1349B2AFCF15.d.C0E25FCCB4A319C2EE64E832F7C10D43.e.60"},{"element-6066-11e4-a52e-4f735466cecf":"f.2D963D2E8DF8830D0AEB1349B2AFCF15.d.C0E25FCCB4A319C2EE64E832F7C10D43.e.61"},{"element-6066-11e4-a52e-4f735466cecf":"f.2D963D2E8DF8830D0AEB1349B2AFCF15.d.C0E25FCCB4A319C2EE64E832F7C10D43.e.62"}]} | headers=HTTPHeaderDict({'Content-Length': '713', 'Content-Type': 'application/json; charset=utf-8', 'cache-control': 'no-cache'})
2025-12-03 08:14:07 [selenium.webdriver.remote.remote_connection] DEBUG: Finished Request
2025-12-03 08:14:07 [selenium.webdriver.remote.remote_connection] DEBUG: POST http://localhost:62956/session/55d29d1754d9f82f296e52be9f989bc5/element/f.2D963D2E8DF8830D0AEB1349B2AFCF15.d.C0E25FCCB4A319C2EE64E832F7C10D43.e.22/elements {'using': 'tag name', 'value': 'a'}
2025-12-03 08:14:07 [urllib3.connectionpool] DEBUG: http://localhost:62956 "POST /session/55d29d1754d9f82f296e52be9f989bc5/element/f.2D963D2E8DF8830D0AEB1349B2AFCF15.d.C0E25FCCB4A319C2EE64E832F7C10D43.e.22/elements HTTP/1.1" 200 0
2025-12-03 08:14:07 [selenium.webdriver.remote.remote_connection] DEBUG: Remote response: status=200 | data={"value":[{"element-6066-11e4-a52e-4f735466cecf":"f.2D963D2E8DF8830D0AEB1349B2AFCF15.d.C0E25FCCB4A319C2EE64E832F7C10D43.e.63"},{"element-6066-11e4-a52e-4f735466cecf":"f.2D963D2E8DF8830D0AEB1349B2AFCF15.d.C0E25FCCB4A319C2EE64E832F7C10D43.e.64"},{"element-6066-11e4-a52e-4f735466cecf":"f.2D963D2E8DF8830D0AEB1349B2AFCF15.d.C0E25FCCB4A319C2EE64E832F7C10D43.e.65"},{"element-6066-11e4-a52e-4f735466cecf":"f.2D963D2E8DF8830D0AEB1349B2AFCF15.d.C0E25FCCB4A319C2EE64E832F7C10D43.e.66"}]} | headers=HTTPHeaderDict({'Content-Length': '479', 'Content-Type': 'application/json; charset=utf-8', 'cache-control': 'no-cache'})
2025-12-03 08:14:07 [selenium.webdriver.remote.remote_connection] DEBUG: Finished Request
2025-12-03 08:14:07 [selenium.webdriver.remote.remote_connection] DEBUG: GET http://localhost:62956/session/55d29d1754d9f82f296e52be9f989bc5/element/f.2D963D2E8DF8830D0AEB1349B2AFCF15.d.C0E25FCCB4A319C2EE64E832F7C10D43.e.63/text {}
2025-12-03 08:14:07 [urllib3.connectionpool] DEBUG: http://localhost:62956 "GET /session/55d29d1754d9f82f296e52be9f989bc5/element/f.2D963D2E8DF8830D0AEB1349B2AFCF15.d.C0E25FCCB4A319C2EE64E832F7C10D43.e.63/text HTTP/1.1" 200 0
2025-12-03 08:14:07 [selenium.webdriver.remote.remote_connection] DEBUG: Remote response: status=200 | data={"value":"2025학년도 학생생활관 동기 특별개관 입주자 모집 안내"} | headers=HTTPHeaderDict({'Content-Length': '85', 'Content-Type': 'application/json; charset=utf-8', 'cache-control': 'no-cache'})
2025-12-03 08:14:07 [selenium.webdriver.remote.remote_connection] DEBUG: Finished Request
2025-12-03 08:14:07 [selenium.webdriver.remote.remote_connection] DEBUG: POST http://localhost:62956/session/55d29d1754d9f82f296e52be9f989bc5/execute/sync {'script': '/* getAttribute */return (function(){return (function(){var d=this||self;function f(a,b){function c(...', 'args': [{'element-6066-11e4-a52e-4f735466cecf': 'f.2D963D2E8DF8830D0AEB1349B2AFCF15.d.C0E25FCCB4A319C2EE64E832F7C10D43.e.63'}, 'href']}
2025-12-03 08:14:07 [urllib3.connectionpool] DEBUG: http://localhost:62956 "POST /session/55d29d1754d9f82f296e52be9f989bc5/execute/sync HTTP/1.1" 200 0
2025-12-03 08:14:07 [selenium.webdriver.remote.remote_connection] DEBUG: Remote response: status=200 | data={"value":"https://dorm.chungbuk.ac.kr/home/sub.php?menukey=20039&mod=view&no=454178810&listCnt=20"} | headers=HTTPHeaderDict({'Content-Length': '99', 'Content-Type': 'application/json; charset=utf-8', 'cache-control': 'no-cache'})
2025-12-03 08:14:07 [selenium.webdriver.remote.remote_connection] DEBUG: Finished Request
2025-12-03 08:14:07 [selenium.webdriver.remote.remote_connection] DEBUG: POST http://localhost:62956/session/55d29d1754d9f82f296e52be9f989bc5/element/f.2D963D2E8DF8830D0AEB1349B2AFCF15.d.C0E25FCCB4A319C2EE64E832F7C10D43.e.23/elements {'using': 'tag name', 'value': 'td'}
2025-12-03 08:14:07 [urllib3.connectionpool] DEBUG: http://localhost:62956 "POST /session/55d29d1754d9f82f296e52be9f989bc5/element/f.2D963D2E8DF8830D0AEB1349B2AFCF15.d.C0E25FCCB4A319C2EE64E832F7C10D43.e.23/elements HTTP/1.1" 200 0
2025-12-03 08:14:07 [selenium.webdriver.remote.remote_connection] DEBUG: Remote response: status=200 | data={"value":[{"element-6066-11e4-a52e-4f735466cecf":"f.2D963D2E8DF8830D0AEB1349B2AFCF15.d.C0E25FCCB4A319C2EE64E832F7C10D43.e.67"},{"element-6066-11e4-a52e-4f735466cecf":"f.2D963D2E8DF8830D0AEB1349B2AFCF15.d.C0E25FCCB4A319C2EE64E832F7C10D43.e.68"},{"element-6066-11e4-a52e-4f735466cecf":"f.2D963D2E8DF8830D0AEB1349B2AFCF15.d.C0E25FCCB4A319C2EE64E832F7C10D43.e.69"},{"element-6066-11e4-a52e-4f735466cecf":"f.2D963D2E8DF8830D0AEB1349B2AFCF15.d.C0E25FCCB4A319C2EE64E832F7C10D43.e.70"},{"element-6066-11e4-a52e-4f735466cecf":"f.2D963D2E8DF8830D0AEB1349B2AFCF15.d.C0E25FCCB4A319C2EE64E832F7C10D43.e.71"},{"element-6066-11e4-a52e-4f735466cecf":"f.2D963D2E8DF8830D0AEB1349B2AFCF15.d.C0E25FCCB4A319C2EE64E832F7C10D43.e.72"}]} | headers=HTTPHeaderDict({'Content-Length': '713', 'Content-Type': 'application/json; charset=utf-8', 'cache-control': 'no-cache'})
2025-12-03 08:14:07 [selenium.webdriver.remote.remote_connection] DEBUG: Finished Request
2025-12-03 08:14:07 [selenium.webdriver.remote.remote_connection] DEBUG: POST http://localhost:62956/session/55d29d1754d9f82f296e52be9f989bc5/element/f.2D963D2E8DF8830D0AEB1349B2AFCF15.d.C0E25FCCB4A319C2EE64E832F7C10D43.e.23/elements {'using': 'tag name', 'value': 'a'}
2025-12-03 08:14:07 [urllib3.connectionpool] DEBUG: http://localhost:62956 "POST /session/55d29d1754d9f82f296e52be9f989bc5/element/f.2D963D2E8DF8830D0AEB1349B2AFCF15.d.C0E25FCCB4A319C2EE64E832F7C10D43.e.23/elements HTTP/1.1" 200 0
2025-12-03 08:14:07 [selenium.webdriver.remote.remote_connection] DEBUG: Remote response: status=200 | data={"value":[{"element-6066-11e4-a52e-4f735466cecf":"f.2D963D2E8DF8830D0AEB1349B2AFCF15.d.C0E25FCCB4A319C2EE64E832F7C10D43.e.73"}]} | headers=HTTPHeaderDict({'Content-Length': '128', 'Content-Type': 'application/json; charset=utf-8', 'cache-control': 'no-cache'})
2025-12-03 08:14:07 [selenium.webdriver.remote.remote_connection] DEBUG: Finished Request
2025-12-03 08:14:07 [selenium.webdriver.remote.remote_connection] DEBUG: GET http://localhost:62956/session/55d29d1754d9f82f296e52be9f989bc5/element/f.2D963D2E8DF8830D0AEB1349B2AFCF15.d.C0E25FCCB4A319C2EE64E832F7C10D43.e.73/text {}
2025-12-03 08:14:07 [urllib3.connectionpool] DEBUG: http://localhost:62956 "GET /session/55d29d1754d9f82f296e52be9f989bc5/element/f.2D963D2E8DF8830D0AEB1349B2AFCF15.d.C0E25FCCB4A319C2EE64E832F7C10D43.e.73/text HTTP/1.1" 200 0
2025-12-03 08:14:07 [selenium.webdriver.remote.remote_connection] DEBUG: Remote response: status=200 | data={"value":"2025학년도 2학기 중도퇴거 생활관비 환불 가능 일자 및 퇴거일 안내"} | headers=HTTPHeaderDict({'Content-Length': '101', 'Content-Type': 'application/json; charset=utf-8', 'cache-control': 'no-cache'})
2025-12-03 08:14:07 [selenium.webdriver.remote.remote_connection] DEBUG: Finished Request
2025-12-03 08:14:07 [selenium.webdriver.remote.remote_connection] DEBUG: POST http://localhost:62956/session/55d29d1754d9f82f296e52be9f989bc5/execute/sync {'script': '/* getAttribute */return (function(){return (function(){var d=this||self;function f(a,b){function c(...', 'args': [{'element-6066-11e4-a52e-4f735466cecf': 'f.2D963D2E8DF8830D0AEB1349B2AFCF15.d.C0E25FCCB4A319C2EE64E832F7C10D43.e.73'}, 'href']}
2025-12-03 08:14:07 [urllib3.connectionpool] DEBUG: http://localhost:62956 "POST /session/55d29d1754d9f82f296e52be9f989bc5/execute/sync HTTP/1.1" 200 0
2025-12-03 08:14:07 [selenium.webdriver.remote.remote_connection] DEBUG: Remote response: status=200 | data={"value":"https://dorm.chungbuk.ac.kr/home/sub.php?menukey=20039&mod=view&no=454178809&listCnt=20"} | headers=HTTPHeaderDict({'Content-Length': '99', 'Content-Type': 'application/json; charset=utf-8', 'cache-control': 'no-cache'})
2025-12-03 08:14:07 [selenium.webdriver.remote.remote_connection] DEBUG: Finished Request
2025-12-03 08:14:07 [selenium.webdriver.remote.remote_connection] DEBUG: POST http://localhost:62956/session/55d29d1754d9f82f296e52be9f989bc5/element/f.2D963D2E8DF8830D0AEB1349B2AFCF15.d.C0E25FCCB4A319C2EE64E832F7C10D43.e.24/elements {'using': 'tag name', 'value': 'td'}
2025-12-03 08:14:07 [urllib3.connectionpool] DEBUG: http://localhost:62956 "POST /session/55d29d1754d9f82f296e52be9f989bc5/element/f.2D963D2E8DF8830D0AEB1349B2AFCF15.d.C0E25FCCB4A319C2EE64E832F7C10D43.e.24/elements HTTP/1.1" 200 0
2025-12-03 08:14:07 [selenium.webdriver.remote.remote_connection] DEBUG: Remote response: status=200 | data={"value":[{"element-6066-11e4-a52e-4f735466cecf":"f.2D963D2E8DF8830D0AEB1349B2AFCF15.d.C0E25FCCB4A319C2EE64E832F7C10D43.e.74"},{"element-6066-11e4-a52e-4f735466cecf":"f.2D963D2E8DF8830D0AEB1349B2AFCF15.d.C0E25FCCB4A319C2EE64E832F7C10D43.e.75"},{"element-6066-11e4-a52e-4f735466cecf":"f.2D963D2E8DF8830D0AEB1349B2AFCF15.d.C0E25FCCB4A319C2EE64E832F7C10D43.e.76"},{"element-6066-11e4-a52e-4f735466cecf":"f.2D963D2E8DF8830D0AEB1349B2AFCF15.d.C0E25FCCB4A319C2EE64E832F7C10D43.e.77"},{"element-6066-11e4-a52e-4f735466cecf":"f.2D963D2E8DF8830D0AEB1349B2AFCF15.d.C0E25FCCB4A319C2EE64E832F7C10D43.e.78"},{"element-6066-11e4-a52e-4f735466cecf":"f.2D963D2E8DF8830D0AEB1349B2AFCF15.d.C0E25FCCB4A319C2EE64E832F7C10D43.e.79"}]} | headers=HTTPHeaderDict({'Content-Length': '713', 'Content-Type': 'application/json; charset=utf-8', 'cache-control': 'no-cache'})
2025-12-03 08:14:07 [selenium.webdriver.remote.remote_connection] DEBUG: Finished Request
2025-12-03 08:14:07 [selenium.webdriver.remote.remote_connection] DEBUG: POST http://localhost:62956/session/55d29d1754d9f82f296e52be9f989bc5/element/f.2D963D2E8DF8830D0AEB1349B2AFCF15.d.C0E25FCCB4A319C2EE64E832F7C10D43.e.24/elements {'using': 'tag name', 'value': 'a'}
2025-12-03 08:14:07 [urllib3.connectionpool] DEBUG: http://localhost:62956 "POST /session/55d29d1754d9f82f296e52be9f989bc5/element/f.2D963D2E8DF8830D0AEB1349B2AFCF15.d.C0E25FCCB4A319C2EE64E832F7C10D43.e.24/elements HTTP/1.1" 200 0
2025-12-03 08:14:07 [selenium.webdriver.remote.remote_connection] DEBUG: Remote response: status=200 | data={"value":[{"element-6066-11e4-a52e-4f735466cecf":"f.2D963D2E8DF8830D0AEB1349B2AFCF15.d.C0E25FCCB4A319C2EE64E832F7C10D43.e.80"},{"element-6066-11e4-a52e-4f735466cecf":"f.2D963D2E8DF8830D0AEB1349B2AFCF15.d.C0E25FCCB4A319C2EE64E832F7C10D43.e.17"}]} | headers=HTTPHeaderDict({'Content-Length': '245', 'Content-Type': 'application/json; charset=utf-8', 'cache-control': 'no-cache'})
2025-12-03 08:14:07 [selenium.webdriver.remote.remote_connection] DEBUG: Finished Request
2025-12-03 08:14:07 [selenium.webdriver.remote.remote_connection] DEBUG: GET http://localhost:62956/session/55d29d1754d9f82f296e52be9f989bc5/element/f.2D963D2E8DF8830D0AEB1349B2AFCF15.d.C0E25FCCB4A319C2EE64E832F7C10D43.e.80/text {}
2025-12-03 08:14:07 [urllib3.connectionpool] DEBUG: http://localhost:62956 "GET /session/55d29d1754d9f82f296e52be9f989bc5/element/f.2D963D2E8DF8830D0AEB1349B2AFCF15.d.C0E25FCCB4A319C2EE64E832F7C10D43.e.80/text HTTP/1.1" 200 0
2025-12-03 08:14:07 [selenium.webdriver.remote.remote_connection] DEBUG: Remote response: status=200 | data={"value":"충북대학교 학생생활관 현황 안내"} | headers=HTTPHeaderDict({'Content-Length': '57', 'Content-Type': 'application/json; charset=utf-8', 'cache-control': 'no-cache'})
2025-12-03 08:14:07 [selenium.webdriver.remote.remote_connection] DEBUG: Finished Request
2025-12-03 08:14:07 [selenium.webdriver.remote.remote_connection] DEBUG: POST http://localhost:62956/session/55d29d1754d9f82f296e52be9f989bc5/execute/sync {'script': '/* getAttribute */return (function(){return (function(){var d=this||self;function f(a,b){function c(...', 'args': [{'element-6066-11e4-a52e-4f735466cecf': 'f.2D963D2E8DF8830D0AEB1349B2AFCF15.d.C0E25FCCB4A319C2EE64E832F7C10D43.e.80'}, 'href']}
2025-12-03 08:14:07 [urllib3.connectionpool] DEBUG: http://localhost:62956 "POST /session/55d29d1754d9f82f296e52be9f989bc5/execute/sync HTTP/1.1" 200 0
2025-12-03 08:14:07 [selenium.webdriver.remote.remote_connection] DEBUG: Remote response: status=200 | data={"value":"https://dorm.chungbuk.ac.kr/home/sub.php?menukey=20039&mod=view&no=454178748&listCnt=20"} | headers=HTTPHeaderDict({'Content-Length': '99', 'Content-Type': 'application/json; charset=utf-8', 'cache-control': 'no-cache'})
2025-12-03 08:14:07 [selenium.webdriver.remote.remote_connection] DEBUG: Finished Request
2025-12-03 08:14:07 [selenium.webdriver.remote.remote_connection] DEBUG: POST http://localhost:62956/session/55d29d1754d9f82f296e52be9f989bc5/element/f.2D963D2E8DF8830D0AEB1349B2AFCF15.d.C0E25FCCB4A319C2EE64E832F7C10D43.e.25/elements {'using': 'tag name', 'value': 'td'}
2025-12-03 08:14:07 [urllib3.connectionpool] DEBUG: http://localhost:62956 "POST /session/55d29d1754d9f82f296e52be9f989bc5/element/f.2D963D2E8DF8830D0AEB1349B2AFCF15.d.C0E25FCCB4A319C2EE64E832F7C10D43.e.25/elements HTTP/1.1" 200 0
2025-12-03 08:14:07 [selenium.webdriver.remote.remote_connection] DEBUG: Remote response: status=200 | data={"value":[{"element-6066-11e4-a52e-4f735466cecf":"f.2D963D2E8DF8830D0AEB1349B2AFCF15.d.C0E25FCCB4A319C2EE64E832F7C10D43.e.81"},{"element-6066-11e4-a52e-4f735466cecf":"f.2D963D2E8DF8830D0AEB1349B2AFCF15.d.C0E25FCCB4A319C2EE64E832F7C10D43.e.82"},{"element-6066-11e4-a52e-4f735466cecf":"f.2D963D2E8DF8830D0AEB1349B2AFCF15.d.C0E25FCCB4A319C2EE64E832F7C10D43.e.83"},{"element-6066-11e4-a52e-4f735466cecf":"f.2D963D2E8DF8830D0AEB1349B2AFCF15.d.C0E25FCCB4A319C2EE64E832F7C10D43.e.84"},{"element-6066-11e4-a52e-4f735466cecf":"f.2D963D2E8DF8830D0AEB1349B2AFCF15.d.C0E25FCCB4A319C2EE64E832F7C10D43.e.85"},{"element-6066-11e4-a52e-4f735466cecf":"f.2D963D2E8DF8830D0AEB1349B2AFCF15.d.C0E25FCCB4A319C2EE64E832F7C10D43.e.86"}]} | headers=HTTPHeaderDict({'Content-Length': '713', 'Content-Type': 'application/json; charset=utf-8', 'cache-control': 'no-cache'})
2025-12-03 08:14:07 [selenium.webdriver.remote.remote_connection] DEBUG: Finished Request
2025-12-03 08:14:07 [selenium.webdriver.remote.remote_connection] DEBUG: POST http://localhost:62956/session/55d29d1754d9f82f296e52be9f989bc5/element/f.2D963D2E8DF8830D0AEB1349B2AFCF15.d.C0E25FCCB4A319C2EE64E832F7C10D43.e.25/elements {'using': 'tag name', 'value': 'a'}
2025-12-03 08:14:07 [urllib3.connectionpool] DEBUG: http://localhost:62956 "POST /session/55d29d1754d9f82f296e52be9f989bc5/element/f.2D963D2E8DF8830D0AEB1349B2AFCF15.d.C0E25FCCB4A319C2EE64E832F7C10D43.e.25/elements HTTP/1.1" 200 0
2025-12-03 08:14:07 [selenium.webdriver.remote.remote_connection] DEBUG: Remote response: status=200 | data={"value":[{"element-6066-11e4-a52e-4f735466cecf":"f.2D963D2E8DF8830D0AEB1349B2AFCF15.d.C0E25FCCB4A319C2EE64E832F7C10D43.e.87"},{"element-6066-11e4-a52e-4f735466cecf":"f.2D963D2E8DF8830D0AEB1349B2AFCF15.d.C0E25FCCB4A319C2EE64E832F7C10D43.e.88"}]} | headers=HTTPHeaderDict({'Content-Length': '245', 'Content-Type': 'application/json; charset=utf-8', 'cache-control': 'no-cache'})
2025-12-03 08:14:07 [selenium.webdriver.remote.remote_connection] DEBUG: Finished Request
2025-12-03 08:14:07 [selenium.webdriver.remote.remote_connection] DEBUG: GET http://localhost:62956/session/55d29d1754d9f82f296e52be9f989bc5/element/f.2D963D2E8DF8830D0AEB1349B2AFCF15.d.C0E25FCCB4A319C2EE64E832F7C10D43.e.87/text {}
2025-12-03 08:14:07 [urllib3.connectionpool] DEBUG: http://localhost:62956 "GET /session/55d29d1754d9f82f296e52be9f989bc5/element/f.2D963D2E8DF8830D0AEB1349B2AFCF15.d.C0E25FCCB4A319C2EE64E832F7C10D43.e.87/text HTTP/1.1" 200 0
2025-12-03 08:14:07 [selenium.webdriver.remote.remote_connection] DEBUG: Remote response: status=200 | data={"value":"2025학년도 2학기 학생생활관 생활관생(3차) 추가모집 안내"} | headers=HTTPHeaderDict({'Content-Length': '88', 'Content-Type': 'application/json; charset=utf-8', 'cache-control': 'no-cache'})
2025-12-03 08:14:07 [selenium.webdriver.remote.remote_connection] DEBUG: Finished Request
2025-12-03 08:14:07 [selenium.webdriver.remote.remote_connection] DEBUG: POST http://localhost:62956/session/55d29d1754d9f82f296e52be9f989bc5/execute/sync {'script': '/* getAttribute */return (function(){return (function(){var d=this||self;function f(a,b){function c(...', 'args': [{'element-6066-11e4-a52e-4f735466cecf': 'f.2D963D2E8DF8830D0AEB1349B2AFCF15.d.C0E25FCCB4A319C2EE64E832F7C10D43.e.87'}, 'href']}
2025-12-03 08:14:07 [urllib3.connectionpool] DEBUG: http://localhost:62956 "POST /session/55d29d1754d9f82f296e52be9f989bc5/execute/sync HTTP/1.1" 200 0
2025-12-03 08:14:07 [selenium.webdriver.remote.remote_connection] DEBUG: Remote response: status=200 | data={"value":"https://dorm.chungbuk.ac.kr/home/sub.php?menukey=20039&mod=view&no=454178726&listCnt=20"} | headers=HTTPHeaderDict({'Content-Length': '99', 'Content-Type': 'application/json; charset=utf-8', 'cache-control': 'no-cache'})
2025-12-03 08:14:07 [selenium.webdriver.remote.remote_connection] DEBUG: Finished Request
2025-12-03 08:14:07 [selenium.webdriver.remote.remote_connection] DEBUG: POST http://localhost:62956/session/55d29d1754d9f82f296e52be9f989bc5/element/f.2D963D2E8DF8830D0AEB1349B2AFCF15.d.C0E25FCCB4A319C2EE64E832F7C10D43.e.26/elements {'using': 'tag name', 'value': 'td'}
2025-12-03 08:14:07 [urllib3.connectionpool] DEBUG: http://localhost:62956 "POST /session/55d29d1754d9f82f296e52be9f989bc5/element/f.2D963D2E8DF8830D0AEB1349B2AFCF15.d.C0E25FCCB4A319C2EE64E832F7C10D43.e.26/elements HTTP/1.1" 200 0
2025-12-03 08:14:07 [selenium.webdriver.remote.remote_connection] DEBUG: Remote response: status=200 | data={"value":[{"element-6066-11e4-a52e-4f735466cecf":"f.2D963D2E8DF8830D0AEB1349B2AFCF15.d.C0E25FCCB4A319C2EE64E832F7C10D43.e.89"},{"element-6066-11e4-a52e-4f735466cecf":"f.2D963D2E8DF8830D0AEB1349B2AFCF15.d.C0E25FCCB4A319C2EE64E832F7C10D43.e.90"},{"element-6066-11e4-a52e-4f735466cecf":"f.2D963D2E8DF8830D0AEB1349B2AFCF15.d.C0E25FCCB4A319C2EE64E832F7C10D43.e.91"},{"element-6066-11e4-a52e-4f735466cecf":"f.2D963D2E8DF8830D0AEB1349B2AFCF15.d.C0E25FCCB4A319C2EE64E832F7C10D43.e.92"},{"element-6066-11e4-a52e-4f735466cecf":"f.2D963D2E8DF8830D0AEB1349B2AFCF15.d.C0E25FCCB4A319C2EE64E832F7C10D43.e.93"},{"element-6066-11e4-a52e-4f735466cecf":"f.2D963D2E8DF8830D0AEB1349B2AFCF15.d.C0E25FCCB4A319C2EE64E832F7C10D43.e.94"}]} | headers=HTTPHeaderDict({'Content-Length': '713', 'Content-Type': 'application/json; charset=utf-8', 'cache-control': 'no-cache'})
2025-12-03 08:14:07 [selenium.webdriver.remote.remote_connection] DEBUG: Finished Request
2025-12-03 08:14:07 [selenium.webdriver.remote.remote_connection] DEBUG: POST http://localhost:62956/session/55d29d1754d9f82f296e52be9f989bc5/element/f.2D963D2E8DF8830D0AEB1349B2AFCF15.d.C0E25FCCB4A319C2EE64E832F7C10D43.e.26/elements {'using': 'tag name', 'value': 'a'}
2025-12-03 08:14:07 [urllib3.connectionpool] DEBUG: http://localhost:62956 "POST /session/55d29d1754d9f82f296e52be9f989bc5/element/f.2D963D2E8DF8830D0AEB1349B2AFCF15.d.C0E25FCCB4A319C2EE64E832F7C10D43.e.26/elements HTTP/1.1" 200 0
2025-12-03 08:14:07 [selenium.webdriver.remote.remote_connection] DEBUG: Remote response: status=200 | data={"value":[{"element-6066-11e4-a52e-4f735466cecf":"f.2D963D2E8DF8830D0AEB1349B2AFCF15.d.C0E25FCCB4A319C2EE64E832F7C10D43.e.18"},{"element-6066-11e4-a52e-4f735466cecf":"f.2D963D2E8DF8830D0AEB1349B2AFCF15.d.C0E25FCCB4A319C2EE64E832F7C10D43.e.95"}]} | headers=HTTPHeaderDict({'Content-Length': '245', 'Content-Type': 'application/json; charset=utf-8', 'cache-control': 'no-cache'})
2025-12-03 08:14:07 [selenium.webdriver.remote.remote_connection] DEBUG: Finished Request
2025-12-03 08:14:07 [selenium.webdriver.remote.remote_connection] DEBUG: GET http://localhost:62956/session/55d29d1754d9f82f296e52be9f989bc5/element/f.2D963D2E8DF8830D0AEB1349B2AFCF15.d.C0E25FCCB4A319C2EE64E832F7C10D43.e.18/text {}
2025-12-03 08:14:07 [urllib3.connectionpool] DEBUG: http://localhost:62956 "GET /session/55d29d1754d9f82f296e52be9f989bc5/element/f.2D963D2E8DF8830D0AEB1349B2AFCF15.d.C0E25FCCB4A319C2EE64E832F7C10D43.e.18/text HTTP/1.1" 200 0
2025-12-03 08:14:07 [selenium.webdriver.remote.remote_connection] DEBUG: Remote response: status=200 | data={"value":"해외유입 홍역환자 지속 발생에 따른 홍역 예방 수칙 안내"} | headers=HTTPHeaderDict({'Content-Length': '89', 'Content-Type': 'application/json; charset=utf-8', 'cache-control': 'no-cache'})
2025-12-03 08:14:07 [selenium.webdriver.remote.remote_connection] DEBUG: Finished Request
2025-12-03 08:14:07 [selenium.webdriver.remote.remote_connection] DEBUG: POST http://localhost:62956/session/55d29d1754d9f82f296e52be9f989bc5/execute/sync {'script': '/* getAttribute */return (function(){return (function(){var d=this||self;function f(a,b){function c(...', 'args': [{'element-6066-11e4-a52e-4f735466cecf': 'f.2D963D2E8DF8830D0AEB1349B2AFCF15.d.C0E25FCCB4A319C2EE64E832F7C10D43.e.18'}, 'href']}
2025-12-03 08:14:07 [urllib3.connectionpool] DEBUG: http://localhost:62956 "POST /session/55d29d1754d9f82f296e52be9f989bc5/execute/sync HTTP/1.1" 200 0
2025-12-03 08:14:07 [selenium.webdriver.remote.remote_connection] DEBUG: Remote response: status=200 | data={"value":"https://dorm.chungbuk.ac.kr/home/sub.php?menukey=20039&mod=view&no=454178632&listCnt=20"} | headers=HTTPHeaderDict({'Content-Length': '99', 'Content-Type': 'application/json; charset=utf-8', 'cache-control': 'no-cache'})
2025-12-03 08:14:07 [selenium.webdriver.remote.remote_connection] DEBUG: Finished Request
2025-12-03 08:14:07 [selenium.webdriver.remote.remote_connection] DEBUG: POST http://localhost:62956/session/55d29d1754d9f82f296e52be9f989bc5/element/f.2D963D2E8DF8830D0AEB1349B2AFCF15.d.C0E25FCCB4A319C2EE64E832F7C10D43.e.27/elements {'using': 'tag name', 'value': 'td'}
2025-12-03 08:14:07 [urllib3.connectionpool] DEBUG: http://localhost:62956 "POST /session/55d29d1754d9f82f296e52be9f989bc5/element/f.2D963D2E8DF8830D0AEB1349B2AFCF15.d.C0E25FCCB4A319C2EE64E832F7C10D43.e.27/elements HTTP/1.1" 200 0
2025-12-03 08:14:07 [selenium.webdriver.remote.remote_connection] DEBUG: Remote response: status=200 | data={"value":[{"element-6066-11e4-a52e-4f735466cecf":"f.2D963D2E8DF8830D0AEB1349B2AFCF15.d.C0E25FCCB4A319C2EE64E832F7C10D43.e.96"},{"element-6066-11e4-a52e-4f735466cecf":"f.2D963D2E8DF8830D0AEB1349B2AFCF15.d.C0E25FCCB4A319C2EE64E832F7C10D43.e.97"},{"element-6066-11e4-a52e-4f735466cecf":"f.2D963D2E8DF8830D0AEB1349B2AFCF15.d.C0E25FCCB4A319C2EE64E832F7C10D43.e.98"},{"element-6066-11e4-a52e-4f735466cecf":"f.2D963D2E8DF8830D0AEB1349B2AFCF15.d.C0E25FCCB4A319C2EE64E832F7C10D43.e.99"},{"element-6066-11e4-a52e-4f735466cecf":"f.2D963D2E8DF8830D0AEB1349B2AFCF15.d.C0E25FCCB4A319C2EE64E832F7C10D43.e.100"},{"element-6066-11e4-a52e-4f735466cecf":"f.2D963D2E8DF8830D0AEB1349B2AFCF15.d.C0E25FCCB4A319C2EE64E832F7C10D43.e.101"}]} | headers=HTTPHeaderDict({'Content-Length': '715', 'Content-Type': 'application/json; charset=utf-8', 'cache-control': 'no-cache'})
2025-12-03 08:14:07 [selenium.webdriver.remote.remote_connection] DEBUG: Finished Request
2025-12-03 08:14:07 [selenium.webdriver.remote.remote_connection] DEBUG: POST http://localhost:62956/session/55d29d1754d9f82f296e52be9f989bc5/element/f.2D963D2E8DF8830D0AEB1349B2AFCF15.d.C0E25FCCB4A319C2EE64E832F7C10D43.e.27/elements {'using': 'tag name', 'value': 'a'}
2025-12-03 08:14:07 [urllib3.connectionpool] DEBUG: http://localhost:62956 "POST /session/55d29d1754d9f82f296e52be9f989bc5/element/f.2D963D2E8DF8830D0AEB1349B2AFCF15.d.C0E25FCCB4A319C2EE64E832F7C10D43.e.27/elements HTTP/1.1" 200 0
2025-12-03 08:14:07 [selenium.webdriver.remote.remote_connection] DEBUG: Remote response: status=200 | data={"value":[{"element-6066-11e4-a52e-4f735466cecf":"f.2D963D2E8DF8830D0AEB1349B2AFCF15.d.C0E25FCCB4A319C2EE64E832F7C10D43.e.102"}]} | headers=HTTPHeaderDict({'Content-Length': '129', 'Content-Type': 'application/json; charset=utf-8', 'cache-control': 'no-cache'})
2025-12-03 08:14:07 [selenium.webdriver.remote.remote_connection] DEBUG: Finished Request
2025-12-03 08:14:07 [selenium.webdriver.remote.remote_connection] DEBUG: GET http://localhost:62956/session/55d29d1754d9f82f296e52be9f989bc5/element/f.2D963D2E8DF8830D0AEB1349B2AFCF15.d.C0E25FCCB4A319C2EE64E832F7C10D43.e.102/text {}
2025-12-03 08:14:07 [urllib3.connectionpool] DEBUG: http://localhost:62956 "GET /session/55d29d1754d9f82f296e52be9f989bc5/element/f.2D963D2E8DF8830D0AEB1349B2AFCF15.d.C0E25FCCB4A319C2EE64E832F7C10D43.e.102/text HTTP/1.1" 200 0
2025-12-03 08:14:07 [selenium.webdriver.remote.remote_connection] DEBUG: Remote response: status=200 | data={"value":"학생생활관 화재 예방 유의사항 안내"} | headers=HTTPHeaderDict({'Content-Length': '61', 'Content-Type': 'application/json; charset=utf-8', 'cache-control': 'no-cache'})
2025-12-03 08:14:07 [selenium.webdriver.remote.remote_connection] DEBUG: Finished Request
2025-12-03 08:14:07 [selenium.webdriver.remote.remote_connection] DEBUG: POST http://localhost:62956/session/55d29d1754d9f82f296e52be9f989bc5/execute/sync {'script': '/* getAttribute */return (function(){return (function(){var d=this||self;function f(a,b){function c(...', 'args': [{'element-6066-11e4-a52e-4f735466cecf': 'f.2D963D2E8DF8830D0AEB1349B2AFCF15.d.C0E25FCCB4A319C2EE64E832F7C10D43.e.102'}, 'href']}
2025-12-03 08:14:07 [urllib3.connectionpool] DEBUG: http://localhost:62956 "POST /session/55d29d1754d9f82f296e52be9f989bc5/execute/sync HTTP/1.1" 200 0
2025-12-03 08:14:07 [selenium.webdriver.remote.remote_connection] DEBUG: Remote response: status=200 | data={"value":"https://dorm.chungbuk.ac.kr/home/sub.php?menukey=20039&mod=view&no=454178619&listCnt=20"} | headers=HTTPHeaderDict({'Content-Length': '99', 'Content-Type': 'application/json; charset=utf-8', 'cache-control': 'no-cache'})
2025-12-03 08:14:07 [selenium.webdriver.remote.remote_connection] DEBUG: Finished Request
2025-12-03 08:14:07 [selenium.webdriver.remote.remote_connection] DEBUG: POST http://localhost:62956/session/55d29d1754d9f82f296e52be9f989bc5/element/f.2D963D2E8DF8830D0AEB1349B2AFCF15.d.C0E25FCCB4A319C2EE64E832F7C10D43.e.28/elements {'using': 'tag name', 'value': 'td'}
2025-12-03 08:14:07 [urllib3.connectionpool] DEBUG: http://localhost:62956 "POST /session/55d29d1754d9f82f296e52be9f989bc5/element/f.2D963D2E8DF8830D0AEB1349B2AFCF15.d.C0E25FCCB4A319C2EE64E832F7C10D43.e.28/elements HTTP/1.1" 200 0
2025-12-03 08:14:07 [selenium.webdriver.remote.remote_connection] DEBUG: Remote response: status=200 | data={"value":[{"element-6066-11e4-a52e-4f735466cecf":"f.2D963D2E8DF8830D0AEB1349B2AFCF15.d.C0E25FCCB4A319C2EE64E832F7C10D43.e.103"},{"element-6066-11e4-a52e-4f735466cecf":"f.2D963D2E8DF8830D0AEB1349B2AFCF15.d.C0E25FCCB4A319C2EE64E832F7C10D43.e.104"},{"element-6066-11e4-a52e-4f735466cecf":"f.2D963D2E8DF8830D0AEB1349B2AFCF15.d.C0E25FCCB4A319C2EE64E832F7C10D43.e.105"},{"element-6066-11e4-a52e-4f735466cecf":"f.2D963D2E8DF8830D0AEB1349B2AFCF15.d.C0E25FCCB4A319C2EE64E832F7C10D43.e.106"},{"element-6066-11e4-a52e-4f735466cecf":"f.2D963D2E8DF8830D0AEB1349B2AFCF15.d.C0E25FCCB4A319C2EE64E832F7C10D43.e.107"},{"element-6066-11e4-a52e-4f735466cecf":"f.2D963D2E8DF8830D0AEB1349B2AFCF15.d.C0E25FCCB4A319C2EE64E832F7C10D43.e.108"}]} | headers=HTTPHeaderDict({'Content-Length': '719', 'Content-Type': 'application/json; charset=utf-8', 'cache-control': 'no-cache'})
2025-12-03 08:14:07 [selenium.webdriver.remote.remote_connection] DEBUG: Finished Request
2025-12-03 08:14:07 [selenium.webdriver.remote.remote_connection] DEBUG: POST http://localhost:62956/session/55d29d1754d9f82f296e52be9f989bc5/element/f.2D963D2E8DF8830D0AEB1349B2AFCF15.d.C0E25FCCB4A319C2EE64E832F7C10D43.e.28/elements {'using': 'tag name', 'value': 'a'}
2025-12-03 08:14:07 [urllib3.connectionpool] DEBUG: http://localhost:62956 "POST /session/55d29d1754d9f82f296e52be9f989bc5/element/f.2D963D2E8DF8830D0AEB1349B2AFCF15.d.C0E25FCCB4A319C2EE64E832F7C10D43.e.28/elements HTTP/1.1" 200 0
2025-12-03 08:14:07 [selenium.webdriver.remote.remote_connection] DEBUG: Remote response: status=200 | data={"value":[{"element-6066-11e4-a52e-4f735466cecf":"f.2D963D2E8DF8830D0AEB1349B2AFCF15.d.C0E25FCCB4A319C2EE64E832F7C10D43.e.109"}]} | headers=HTTPHeaderDict({'Content-Length': '129', 'Content-Type': 'application/json; charset=utf-8', 'cache-control': 'no-cache'})
2025-12-03 08:14:07 [selenium.webdriver.remote.remote_connection] DEBUG: Finished Request
2025-12-03 08:14:07 [selenium.webdriver.remote.remote_connection] DEBUG: GET http://localhost:62956/session/55d29d1754d9f82f296e52be9f989bc5/element/f.2D963D2E8DF8830D0AEB1349B2AFCF15.d.C0E25FCCB4A319C2EE64E832F7C10D43.e.109/text {}
2025-12-03 08:14:07 [urllib3.connectionpool] DEBUG: http://localhost:62956 "GET /session/55d29d1754d9f82f296e52be9f989bc5/element/f.2D963D2E8DF8830D0AEB1349B2AFCF15.d.C0E25FCCB4A319C2EE64E832F7C10D43.e.109/text HTTP/1.1" 200 0
2025-12-03 08:14:07 [selenium.webdriver.remote.remote_connection] DEBUG: Remote response: status=200 | data={"value":"학생생활관 개성재 리모델링 공사 실시 안내(25년 3월~26년 2월)"} | headers=HTTPHeaderDict({'Content-Length': '94', 'Content-Type': 'application/json; charset=utf-8', 'cache-control': 'no-cache'})
2025-12-03 08:14:07 [selenium.webdriver.remote.remote_connection] DEBUG: Finished Request
2025-12-03 08:14:07 [selenium.webdriver.remote.remote_connection] DEBUG: POST http://localhost:62956/session/55d29d1754d9f82f296e52be9f989bc5/execute/sync {'script': '/* getAttribute */return (function(){return (function(){var d=this||self;function f(a,b){function c(...', 'args': [{'element-6066-11e4-a52e-4f735466cecf': 'f.2D963D2E8DF8830D0AEB1349B2AFCF15.d.C0E25FCCB4A319C2EE64E832F7C10D43.e.109'}, 'href']}
2025-12-03 08:14:07 [urllib3.connectionpool] DEBUG: http://localhost:62956 "POST /session/55d29d1754d9f82f296e52be9f989bc5/execute/sync HTTP/1.1" 200 0
2025-12-03 08:14:07 [selenium.webdriver.remote.remote_connection] DEBUG: Remote response: status=200 | data={"value":"https://dorm.chungbuk.ac.kr/home/sub.php?menukey=20039&mod=view&no=454178499&listCnt=20"} | headers=HTTPHeaderDict({'Content-Length': '99', 'Content-Type': 'application/json; charset=utf-8', 'cache-control': 'no-cache'})
2025-12-03 08:14:07 [selenium.webdriver.remote.remote_connection] DEBUG: Finished Request
2025-12-03 08:14:07 [selenium.webdriver.remote.remote_connection] DEBUG: POST http://localhost:62956/session/55d29d1754d9f82f296e52be9f989bc5/element/f.2D963D2E8DF8830D0AEB1349B2AFCF15.d.C0E25FCCB4A319C2EE64E832F7C10D43.e.29/elements {'using': 'tag name', 'value': 'td'}
2025-12-03 08:14:07 [urllib3.connectionpool] DEBUG: http://localhost:62956 "POST /session/55d29d1754d9f82f296e52be9f989bc5/element/f.2D963D2E8DF8830D0AEB1349B2AFCF15.d.C0E25FCCB4A319C2EE64E832F7C10D43.e.29/elements HTTP/1.1" 200 0
2025-12-03 08:14:07 [selenium.webdriver.remote.remote_connection] DEBUG: Remote response: status=200 | data={"value":[{"element-6066-11e4-a52e-4f735466cecf":"f.2D963D2E8DF8830D0AEB1349B2AFCF15.d.C0E25FCCB4A319C2EE64E832F7C10D43.e.110"},{"element-6066-11e4-a52e-4f735466cecf":"f.2D963D2E8DF8830D0AEB1349B2AFCF15.d.C0E25FCCB4A319C2EE64E832F7C10D43.e.111"},{"element-6066-11e4-a52e-4f735466cecf":"f.2D963D2E8DF8830D0AEB1349B2AFCF15.d.C0E25FCCB4A319C2EE64E832F7C10D43.e.112"},{"element-6066-11e4-a52e-4f735466cecf":"f.2D963D2E8DF8830D0AEB1349B2AFCF15.d.C0E25FCCB4A319C2EE64E832F7C10D43.e.113"},{"element-6066-11e4-a52e-4f735466cecf":"f.2D963D2E8DF8830D0AEB1349B2AFCF15.d.C0E25FCCB4A319C2EE64E832F7C10D43.e.114"},{"element-6066-11e4-a52e-4f735466cecf":"f.2D963D2E8DF8830D0AEB1349B2AFCF15.d.C0E25FCCB4A319C2EE64E832F7C10D43.e.115"}]} | headers=HTTPHeaderDict({'Content-Length': '719', 'Content-Type': 'application/json; charset=utf-8', 'cache-control': 'no-cache'})
2025-12-03 08:14:07 [selenium.webdriver.remote.remote_connection] DEBUG: Finished Request
2025-12-03 08:14:07 [selenium.webdriver.remote.remote_connection] DEBUG: POST http://localhost:62956/session/55d29d1754d9f82f296e52be9f989bc5/element/f.2D963D2E8DF8830D0AEB1349B2AFCF15.d.C0E25FCCB4A319C2EE64E832F7C10D43.e.29/elements {'using': 'tag name', 'value': 'a'}
2025-12-03 08:14:07 [urllib3.connectionpool] DEBUG: http://localhost:62956 "POST /session/55d29d1754d9f82f296e52be9f989bc5/element/f.2D963D2E8DF8830D0AEB1349B2AFCF15.d.C0E25FCCB4A319C2EE64E832F7C10D43.e.29/elements HTTP/1.1" 200 0
2025-12-03 08:14:07 [selenium.webdriver.remote.remote_connection] DEBUG: Remote response: status=200 | data={"value":[{"element-6066-11e4-a52e-4f735466cecf":"f.2D963D2E8DF8830D0AEB1349B2AFCF15.d.C0E25FCCB4A319C2EE64E832F7C10D43.e.116"},{"element-6066-11e4-a52e-4f735466cecf":"f.2D963D2E8DF8830D0AEB1349B2AFCF15.d.C0E25FCCB4A319C2EE64E832F7C10D43.e.117"}]} | headers=HTTPHeaderDict({'Content-Length': '247', 'Content-Type': 'application/json; charset=utf-8', 'cache-control': 'no-cache'})
2025-12-03 08:14:07 [selenium.webdriver.remote.remote_connection] DEBUG: Finished Request
2025-12-03 08:14:07 [selenium.webdriver.remote.remote_connection] DEBUG: GET http://localhost:62956/session/55d29d1754d9f82f296e52be9f989bc5/element/f.2D963D2E8DF8830D0AEB1349B2AFCF15.d.C0E25FCCB4A319C2EE64E832F7C10D43.e.116/text {}
2025-12-03 08:14:07 [urllib3.connectionpool] DEBUG: http://localhost:62956 "GET /session/55d29d1754d9f82f296e52be9f989bc5/element/f.2D963D2E8DF8830D0AEB1349B2AFCF15.d.C0E25FCCB4A319C2EE64E832F7C10D43.e.116/text HTTP/1.1" 200 0
2025-12-03 08:14:07 [selenium.webdriver.remote.remote_connection] DEBUG: Remote response: status=200 | data={"value":"충북대학교 학생생활관 대학회계 계약직(경비원) 채용 공고"} | headers=HTTPHeaderDict({'Content-Length': '91', 'Content-Type': 'application/json; charset=utf-8', 'cache-control': 'no-cache'})
2025-12-03 08:14:07 [selenium.webdriver.remote.remote_connection] DEBUG: Finished Request
2025-12-03 08:14:07 [selenium.webdriver.remote.remote_connection] DEBUG: POST http://localhost:62956/session/55d29d1754d9f82f296e52be9f989bc5/execute/sync {'script': '/* getAttribute */return (function(){return (function(){var d=this||self;function f(a,b){function c(...', 'args': [{'element-6066-11e4-a52e-4f735466cecf': 'f.2D963D2E8DF8830D0AEB1349B2AFCF15.d.C0E25FCCB4A319C2EE64E832F7C10D43.e.116'}, 'href']}
2025-12-03 08:14:07 [urllib3.connectionpool] DEBUG: http://localhost:62956 "POST /session/55d29d1754d9f82f296e52be9f989bc5/execute/sync HTTP/1.1" 200 0
2025-12-03 08:14:07 [selenium.webdriver.remote.remote_connection] DEBUG: Remote response: status=200 | data={"value":"https://dorm.chungbuk.ac.kr/home/sub.php?menukey=20039&mod=view&no=454178813&listCnt=20"} | headers=HTTPHeaderDict({'Content-Length': '99', 'Content-Type': 'application/json; charset=utf-8', 'cache-control': 'no-cache'})
2025-12-03 08:14:07 [selenium.webdriver.remote.remote_connection] DEBUG: Finished Request
2025-12-03 08:14:07 [selenium.webdriver.remote.remote_connection] DEBUG: POST http://localhost:62956/session/55d29d1754d9f82f296e52be9f989bc5/element/f.2D963D2E8DF8830D0AEB1349B2AFCF15.d.C0E25FCCB4A319C2EE64E832F7C10D43.e.30/elements {'using': 'tag name', 'value': 'td'}
2025-12-03 08:14:07 [urllib3.connectionpool] DEBUG: http://localhost:62956 "POST /session/55d29d1754d9f82f296e52be9f989bc5/element/f.2D963D2E8DF8830D0AEB1349B2AFCF15.d.C0E25FCCB4A319C2EE64E832F7C10D43.e.30/elements HTTP/1.1" 200 0
2025-12-03 08:14:07 [selenium.webdriver.remote.remote_connection] DEBUG: Remote response: status=200 | data={"value":[{"element-6066-11e4-a52e-4f735466cecf":"f.2D963D2E8DF8830D0AEB1349B2AFCF15.d.C0E25FCCB4A319C2EE64E832F7C10D43.e.118"},{"element-6066-11e4-a52e-4f735466cecf":"f.2D963D2E8DF8830D0AEB1349B2AFCF15.d.C0E25FCCB4A319C2EE64E832F7C10D43.e.119"},{"element-6066-11e4-a52e-4f735466cecf":"f.2D963D2E8DF8830D0AEB1349B2AFCF15.d.C0E25FCCB4A319C2EE64E832F7C10D43.e.120"},{"element-6066-11e4-a52e-4f735466cecf":"f.2D963D2E8DF8830D0AEB1349B2AFCF15.d.C0E25FCCB4A319C2EE64E832F7C10D43.e.121"},{"element-6066-11e4-a52e-4f735466cecf":"f.2D963D2E8DF8830D0AEB1349B2AFCF15.d.C0E25FCCB4A319C2EE64E832F7C10D43.e.122"},{"element-6066-11e4-a52e-4f735466cecf":"f.2D963D2E8DF8830D0AEB1349B2AFCF15.d.C0E25FCCB4A319C2EE64E832F7C10D43.e.123"}]} | headers=HTTPHeaderDict({'Content-Length': '719', 'Content-Type': 'application/json; charset=utf-8', 'cache-control': 'no-cache'})
2025-12-03 08:14:07 [selenium.webdriver.remote.remote_connection] DEBUG: Finished Request
2025-12-03 08:14:07 [selenium.webdriver.remote.remote_connection] DEBUG: POST http://localhost:62956/session/55d29d1754d9f82f296e52be9f989bc5/element/f.2D963D2E8DF8830D0AEB1349B2AFCF15.d.C0E25FCCB4A319C2EE64E832F7C10D43.e.30/elements {'using': 'tag name', 'value': 'a'}
2025-12-03 08:14:07 [urllib3.connectionpool] DEBUG: http://localhost:62956 "POST /session/55d29d1754d9f82f296e52be9f989bc5/element/f.2D963D2E8DF8830D0AEB1349B2AFCF15.d.C0E25FCCB4A319C2EE64E832F7C10D43.e.30/elements HTTP/1.1" 200 0
2025-12-03 08:14:07 [selenium.webdriver.remote.remote_connection] DEBUG: Remote response: status=200 | data={"value":[{"element-6066-11e4-a52e-4f735466cecf":"f.2D963D2E8DF8830D0AEB1349B2AFCF15.d.C0E25FCCB4A319C2EE64E832F7C10D43.e.124"},{"element-6066-11e4-a52e-4f735466cecf":"f.2D963D2E8DF8830D0AEB1349B2AFCF15.d.C0E25FCCB4A319C2EE64E832F7C10D43.e.125"},{"element-6066-11e4-a52e-4f735466cecf":"f.2D963D2E8DF8830D0AEB1349B2AFCF15.d.C0E25FCCB4A319C2EE64E832F7C10D43.e.126"},{"element-6066-11e4-a52e-4f735466cecf":"f.2D963D2E8DF8830D0AEB1349B2AFCF15.d.C0E25FCCB4A319C2EE64E832F7C10D43.e.127"}]} | headers=HTTPHeaderDict({'Content-Length': '483', 'Content-Type': 'application/json; charset=utf-8', 'cache-control': 'no-cache'})
2025-12-03 08:14:07 [selenium.webdriver.remote.remote_connection] DEBUG: Finished Request
2025-12-03 08:14:07 [selenium.webdriver.remote.remote_connection] DEBUG: GET http://localhost:62956/session/55d29d1754d9f82f296e52be9f989bc5/element/f.2D963D2E8DF8830D0AEB1349B2AFCF15.d.C0E25FCCB4A319C2EE64E832F7C10D43.e.124/text {}
2025-12-03 08:14:07 [urllib3.connectionpool] DEBUG: http://localhost:62956 "GET /session/55d29d1754d9f82f296e52be9f989bc5/element/f.2D963D2E8DF8830D0AEB1349B2AFCF15.d.C0E25FCCB4A319C2EE64E832F7C10D43.e.124/text HTTP/1.1" 200 0
2025-12-03 08:14:07 [selenium.webdriver.remote.remote_connection] DEBUG: Remote response: status=200 | data={"value":"2025학년도 학생생활관 동기 특별개관 입주자 모집 안내"} | headers=HTTPHeaderDict({'Content-Length': '85', 'Content-Type': 'application/json; charset=utf-8', 'cache-control': 'no-cache'})
2025-12-03 08:14:07 [selenium.webdriver.remote.remote_connection] DEBUG: Finished Request
2025-12-03 08:14:07 [selenium.webdriver.remote.remote_connection] DEBUG: POST http://localhost:62956/session/55d29d1754d9f82f296e52be9f989bc5/execute/sync {'script': '/* getAttribute */return (function(){return (function(){var d=this||self;function f(a,b){function c(...', 'args': [{'element-6066-11e4-a52e-4f735466cecf': 'f.2D963D2E8DF8830D0AEB1349B2AFCF15.d.C0E25FCCB4A319C2EE64E832F7C10D43.e.124'}, 'href']}
2025-12-03 08:14:07 [urllib3.connectionpool] DEBUG: http://localhost:62956 "POST /session/55d29d1754d9f82f296e52be9f989bc5/execute/sync HTTP/1.1" 200 0
2025-12-03 08:14:07 [selenium.webdriver.remote.remote_connection] DEBUG: Remote response: status=200 | data={"value":"https://dorm.chungbuk.ac.kr/home/sub.php?menukey=20039&mod=view&no=454178810&listCnt=20"} | headers=HTTPHeaderDict({'Content-Length': '99', 'Content-Type': 'application/json; charset=utf-8', 'cache-control': 'no-cache'})
2025-12-03 08:14:07 [selenium.webdriver.remote.remote_connection] DEBUG: Finished Request
2025-12-03 08:14:07 [selenium.webdriver.remote.remote_connection] DEBUG: POST http://localhost:62956/session/55d29d1754d9f82f296e52be9f989bc5/element/f.2D963D2E8DF8830D0AEB1349B2AFCF15.d.C0E25FCCB4A319C2EE64E832F7C10D43.e.31/elements {'using': 'tag name', 'value': 'td'}
2025-12-03 08:14:07 [urllib3.connectionpool] DEBUG: http://localhost:62956 "POST /session/55d29d1754d9f82f296e52be9f989bc5/element/f.2D963D2E8DF8830D0AEB1349B2AFCF15.d.C0E25FCCB4A319C2EE64E832F7C10D43.e.31/elements HTTP/1.1" 200 0
2025-12-03 08:14:07 [selenium.webdriver.remote.remote_connection] DEBUG: Remote response: status=200 | data={"value":[{"element-6066-11e4-a52e-4f735466cecf":"f.2D963D2E8DF8830D0AEB1349B2AFCF15.d.C0E25FCCB4A319C2EE64E832F7C10D43.e.128"},{"element-6066-11e4-a52e-4f735466cecf":"f.2D963D2E8DF8830D0AEB1349B2AFCF15.d.C0E25FCCB4A319C2EE64E832F7C10D43.e.129"},{"element-6066-11e4-a52e-4f735466cecf":"f.2D963D2E8DF8830D0AEB1349B2AFCF15.d.C0E25FCCB4A319C2EE64E832F7C10D43.e.130"},{"element-6066-11e4-a52e-4f735466cecf":"f.2D963D2E8DF8830D0AEB1349B2AFCF15.d.C0E25FCCB4A319C2EE64E832F7C10D43.e.131"},{"element-6066-11e4-a52e-4f735466cecf":"f.2D963D2E8DF8830D0AEB1349B2AFCF15.d.C0E25FCCB4A319C2EE64E832F7C10D43.e.132"},{"element-6066-11e4-a52e-4f735466cecf":"f.2D963D2E8DF8830D0AEB1349B2AFCF15.d.C0E25FCCB4A319C2EE64E832F7C10D43.e.133"}]} | headers=HTTPHeaderDict({'Content-Length': '719', 'Content-Type': 'application/json; charset=utf-8', 'cache-control': 'no-cache'})
2025-12-03 08:14:07 [selenium.webdriver.remote.remote_connection] DEBUG: Finished Request
2025-12-03 08:14:07 [selenium.webdriver.remote.remote_connection] DEBUG: POST http://localhost:62956/session/55d29d1754d9f82f296e52be9f989bc5/element/f.2D963D2E8DF8830D0AEB1349B2AFCF15.d.C0E25FCCB4A319C2EE64E832F7C10D43.e.31/elements {'using': 'tag name', 'value': 'a'}
2025-12-03 08:14:07 [urllib3.connectionpool] DEBUG: http://localhost:62956 "POST /session/55d29d1754d9f82f296e52be9f989bc5/element/f.2D963D2E8DF8830D0AEB1349B2AFCF15.d.C0E25FCCB4A319C2EE64E832F7C10D43.e.31/elements HTTP/1.1" 200 0
2025-12-03 08:14:07 [selenium.webdriver.remote.remote_connection] DEBUG: Remote response: status=200 | data={"value":[{"element-6066-11e4-a52e-4f735466cecf":"f.2D963D2E8DF8830D0AEB1349B2AFCF15.d.C0E25FCCB4A319C2EE64E832F7C10D43.e.134"}]} | headers=HTTPHeaderDict({'Content-Length': '129', 'Content-Type': 'application/json; charset=utf-8', 'cache-control': 'no-cache'})
2025-12-03 08:14:07 [selenium.webdriver.remote.remote_connection] DEBUG: Finished Request
2025-12-03 08:14:07 [selenium.webdriver.remote.remote_connection] DEBUG: GET http://localhost:62956/session/55d29d1754d9f82f296e52be9f989bc5/element/f.2D963D2E8DF8830D0AEB1349B2AFCF15.d.C0E25FCCB4A319C2EE64E832F7C10D43.e.134/text {}
2025-12-03 08:14:07 [urllib3.connectionpool] DEBUG: http://localhost:62956 "GET /session/55d29d1754d9f82f296e52be9f989bc5/element/f.2D963D2E8DF8830D0AEB1349B2AFCF15.d.C0E25FCCB4A319C2EE64E832F7C10D43.e.134/text HTTP/1.1" 200 0
2025-12-03 08:14:07 [selenium.webdriver.remote.remote_connection] DEBUG: Remote response: status=200 | data={"value":"2025학년도 2학기 중도퇴거 생활관비 환불 가능 일자 및 퇴거일 안내"} | headers=HTTPHeaderDict({'Content-Length': '101', 'Content-Type': 'application/json; charset=utf-8', 'cache-control': 'no-cache'})
2025-12-03 08:14:07 [selenium.webdriver.remote.remote_connection] DEBUG: Finished Request
2025-12-03 08:14:07 [selenium.webdriver.remote.remote_connection] DEBUG: POST http://localhost:62956/session/55d29d1754d9f82f296e52be9f989bc5/execute/sync {'script': '/* getAttribute */return (function(){return (function(){var d=this||self;function f(a,b){function c(...', 'args': [{'element-6066-11e4-a52e-4f735466cecf': 'f.2D963D2E8DF8830D0AEB1349B2AFCF15.d.C0E25FCCB4A319C2EE64E832F7C10D43.e.134'}, 'href']}
2025-12-03 08:14:07 [urllib3.connectionpool] DEBUG: http://localhost:62956 "POST /session/55d29d1754d9f82f296e52be9f989bc5/execute/sync HTTP/1.1" 200 0
2025-12-03 08:14:07 [selenium.webdriver.remote.remote_connection] DEBUG: Remote response: status=200 | data={"value":"https://dorm.chungbuk.ac.kr/home/sub.php?menukey=20039&mod=view&no=454178809&listCnt=20"} | headers=HTTPHeaderDict({'Content-Length': '99', 'Content-Type': 'application/json; charset=utf-8', 'cache-control': 'no-cache'})
2025-12-03 08:14:07 [selenium.webdriver.remote.remote_connection] DEBUG: Finished Request
2025-12-03 08:14:07 [selenium.webdriver.remote.remote_connection] DEBUG: POST http://localhost:62956/session/55d29d1754d9f82f296e52be9f989bc5/element/f.2D963D2E8DF8830D0AEB1349B2AFCF15.d.C0E25FCCB4A319C2EE64E832F7C10D43.e.32/elements {'using': 'tag name', 'value': 'td'}
2025-12-03 08:14:07 [urllib3.connectionpool] DEBUG: http://localhost:62956 "POST /session/55d29d1754d9f82f296e52be9f989bc5/element/f.2D963D2E8DF8830D0AEB1349B2AFCF15.d.C0E25FCCB4A319C2EE64E832F7C10D43.e.32/elements HTTP/1.1" 200 0
2025-12-03 08:14:07 [selenium.webdriver.remote.remote_connection] DEBUG: Remote response: status=200 | data={"value":[{"element-6066-11e4-a52e-4f735466cecf":"f.2D963D2E8DF8830D0AEB1349B2AFCF15.d.C0E25FCCB4A319C2EE64E832F7C10D43.e.135"},{"element-6066-11e4-a52e-4f735466cecf":"f.2D963D2E8DF8830D0AEB1349B2AFCF15.d.C0E25FCCB4A319C2EE64E832F7C10D43.e.136"},{"element-6066-11e4-a52e-4f735466cecf":"f.2D963D2E8DF8830D0AEB1349B2AFCF15.d.C0E25FCCB4A319C2EE64E832F7C10D43.e.137"},{"element-6066-11e4-a52e-4f735466cecf":"f.2D963D2E8DF8830D0AEB1349B2AFCF15.d.C0E25FCCB4A319C2EE64E832F7C10D43.e.138"},{"element-6066-11e4-a52e-4f735466cecf":"f.2D963D2E8DF8830D0AEB1349B2AFCF15.d.C0E25FCCB4A319C2EE64E832F7C10D43.e.139"},{"element-6066-11e4-a52e-4f735466cecf":"f.2D963D2E8DF8830D0AEB1349B2AFCF15.d.C0E25FCCB4A319C2EE64E832F7C10D43.e.140"}]} | headers=HTTPHeaderDict({'Content-Length': '719', 'Content-Type': 'application/json; charset=utf-8', 'cache-control': 'no-cache'})
2025-12-03 08:14:07 [selenium.webdriver.remote.remote_connection] DEBUG: Finished Request
2025-12-03 08:14:07 [selenium.webdriver.remote.remote_connection] DEBUG: POST http://localhost:62956/session/55d29d1754d9f82f296e52be9f989bc5/element/f.2D963D2E8DF8830D0AEB1349B2AFCF15.d.C0E25FCCB4A319C2EE64E832F7C10D43.e.32/elements {'using': 'tag name', 'value': 'a'}
2025-12-03 08:14:07 [urllib3.connectionpool] DEBUG: http://localhost:62956 "POST /session/55d29d1754d9f82f296e52be9f989bc5/element/f.2D963D2E8DF8830D0AEB1349B2AFCF15.d.C0E25FCCB4A319C2EE64E832F7C10D43.e.32/elements HTTP/1.1" 200 0
2025-12-03 08:14:07 [selenium.webdriver.remote.remote_connection] DEBUG: Remote response: status=200 | data={"value":[{"element-6066-11e4-a52e-4f735466cecf":"f.2D963D2E8DF8830D0AEB1349B2AFCF15.d.C0E25FCCB4A319C2EE64E832F7C10D43.e.141"}]} | headers=HTTPHeaderDict({'Content-Length': '129', 'Content-Type': 'application/json; charset=utf-8', 'cache-control': 'no-cache'})
2025-12-03 08:14:07 [selenium.webdriver.remote.remote_connection] DEBUG: Finished Request
2025-12-03 08:14:07 [selenium.webdriver.remote.remote_connection] DEBUG: GET http://localhost:62956/session/55d29d1754d9f82f296e52be9f989bc5/element/f.2D963D2E8DF8830D0AEB1349B2AFCF15.d.C0E25FCCB4A319C2EE64E832F7C10D43.e.141/text {}
2025-12-03 08:14:07 [urllib3.connectionpool] DEBUG: http://localhost:62956 "GET /session/55d29d1754d9f82f296e52be9f989bc5/element/f.2D963D2E8DF8830D0AEB1349B2AFCF15.d.C0E25FCCB4A319C2EE64E832F7C10D43.e.141/text HTTP/1.1" 200 0
2025-12-03 08:14:07 [selenium.webdriver.remote.remote_connection] DEBUG: Remote response: status=200 | data={"value":" [양진재,양성재] 방역 소독 안내 (12월 11일)    "} | headers=HTTPHeaderDict({'Content-Length': '73', 'Content-Type': 'application/json; charset=utf-8', 'cache-control': 'no-cache'})
2025-12-03 08:14:07 [selenium.webdriver.remote.remote_connection] DEBUG: Finished Request
2025-12-03 08:14:07 [selenium.webdriver.remote.remote_connection] DEBUG: POST http://localhost:62956/session/55d29d1754d9f82f296e52be9f989bc5/execute/sync {'script': '/* getAttribute */return (function(){return (function(){var d=this||self;function f(a,b){function c(...', 'args': [{'element-6066-11e4-a52e-4f735466cecf': 'f.2D963D2E8DF8830D0AEB1349B2AFCF15.d.C0E25FCCB4A319C2EE64E832F7C10D43.e.141'}, 'href']}
2025-12-03 08:14:07 [urllib3.connectionpool] DEBUG: http://localhost:62956 "POST /session/55d29d1754d9f82f296e52be9f989bc5/execute/sync HTTP/1.1" 200 0
2025-12-03 08:14:07 [selenium.webdriver.remote.remote_connection] DEBUG: Remote response: status=200 | data={"value":"https://dorm.chungbuk.ac.kr/home/sub.php?menukey=20039&mod=view&no=454178808&listCnt=20"} | headers=HTTPHeaderDict({'Content-Length': '99', 'Content-Type': 'application/json; charset=utf-8', 'cache-control': 'no-cache'})
2025-12-03 08:14:07 [selenium.webdriver.remote.remote_connection] DEBUG: Finished Request
2025-12-03 08:14:07 [selenium.webdriver.remote.remote_connection] DEBUG: POST http://localhost:62956/session/55d29d1754d9f82f296e52be9f989bc5/element/f.2D963D2E8DF8830D0AEB1349B2AFCF15.d.C0E25FCCB4A319C2EE64E832F7C10D43.e.33/elements {'using': 'tag name', 'value': 'td'}
2025-12-03 08:14:07 [urllib3.connectionpool] DEBUG: http://localhost:62956 "POST /session/55d29d1754d9f82f296e52be9f989bc5/element/f.2D963D2E8DF8830D0AEB1349B2AFCF15.d.C0E25FCCB4A319C2EE64E832F7C10D43.e.33/elements HTTP/1.1" 200 0
2025-12-03 08:14:07 [selenium.webdriver.remote.remote_connection] DEBUG: Remote response: status=200 | data={"value":[{"element-6066-11e4-a52e-4f735466cecf":"f.2D963D2E8DF8830D0AEB1349B2AFCF15.d.C0E25FCCB4A319C2EE64E832F7C10D43.e.142"},{"element-6066-11e4-a52e-4f735466cecf":"f.2D963D2E8DF8830D0AEB1349B2AFCF15.d.C0E25FCCB4A319C2EE64E832F7C10D43.e.143"},{"element-6066-11e4-a52e-4f735466cecf":"f.2D963D2E8DF8830D0AEB1349B2AFCF15.d.C0E25FCCB4A319C2EE64E832F7C10D43.e.144"},{"element-6066-11e4-a52e-4f735466cecf":"f.2D963D2E8DF8830D0AEB1349B2AFCF15.d.C0E25FCCB4A319C2EE64E832F7C10D43.e.145"},{"element-6066-11e4-a52e-4f735466cecf":"f.2D963D2E8DF8830D0AEB1349B2AFCF15.d.C0E25FCCB4A319C2EE64E832F7C10D43.e.146"},{"element-6066-11e4-a52e-4f735466cecf":"f.2D963D2E8DF8830D0AEB1349B2AFCF15.d.C0E25FCCB4A319C2EE64E832F7C10D43.e.147"}]} | headers=HTTPHeaderDict({'Content-Length': '719', 'Content-Type': 'application/json; charset=utf-8', 'cache-control': 'no-cache'})
2025-12-03 08:14:07 [selenium.webdriver.remote.remote_connection] DEBUG: Finished Request
2025-12-03 08:14:07 [selenium.webdriver.remote.remote_connection] DEBUG: POST http://localhost:62956/session/55d29d1754d9f82f296e52be9f989bc5/element/f.2D963D2E8DF8830D0AEB1349B2AFCF15.d.C0E25FCCB4A319C2EE64E832F7C10D43.e.33/elements {'using': 'tag name', 'value': 'a'}
2025-12-03 08:14:07 [urllib3.connectionpool] DEBUG: http://localhost:62956 "POST /session/55d29d1754d9f82f296e52be9f989bc5/element/f.2D963D2E8DF8830D0AEB1349B2AFCF15.d.C0E25FCCB4A319C2EE64E832F7C10D43.e.33/elements HTTP/1.1" 200 0
2025-12-03 08:14:07 [selenium.webdriver.remote.remote_connection] DEBUG: Remote response: status=200 | data={"value":[{"element-6066-11e4-a52e-4f735466cecf":"f.2D963D2E8DF8830D0AEB1349B2AFCF15.d.C0E25FCCB4A319C2EE64E832F7C10D43.e.148"}]} | headers=HTTPHeaderDict({'Content-Length': '129', 'Content-Type': 'application/json; charset=utf-8', 'cache-control': 'no-cache'})
2025-12-03 08:14:07 [selenium.webdriver.remote.remote_connection] DEBUG: Finished Request
2025-12-03 08:14:07 [selenium.webdriver.remote.remote_connection] DEBUG: GET http://localhost:62956/session/55d29d1754d9f82f296e52be9f989bc5/element/f.2D963D2E8DF8830D0AEB1349B2AFCF15.d.C0E25FCCB4A319C2EE64E832F7C10D43.e.148/text {}
2025-12-03 08:14:07 [urllib3.connectionpool] DEBUG: http://localhost:62956 "GET /session/55d29d1754d9f82f296e52be9f989bc5/element/f.2D963D2E8DF8830D0AEB1349B2AFCF15.d.C0E25FCCB4A319C2EE64E832F7C10D43.e.148/text HTTP/1.1" 200 0
2025-12-03 08:14:07 [selenium.webdriver.remote.remote_connection] DEBUG: Remote response: status=200 | data={"value":"2025년도 충북대학교 교육수요자 만족도조사 실시 안내"} | headers=HTTPHeaderDict({'Content-Length': '84', 'Content-Type': 'application/json; charset=utf-8', 'cache-control': 'no-cache'})
2025-12-03 08:14:07 [selenium.webdriver.remote.remote_connection] DEBUG: Finished Request
2025-12-03 08:14:07 [selenium.webdriver.remote.remote_connection] DEBUG: POST http://localhost:62956/session/55d29d1754d9f82f296e52be9f989bc5/execute/sync {'script': '/* getAttribute */return (function(){return (function(){var d=this||self;function f(a,b){function c(...', 'args': [{'element-6066-11e4-a52e-4f735466cecf': 'f.2D963D2E8DF8830D0AEB1349B2AFCF15.d.C0E25FCCB4A319C2EE64E832F7C10D43.e.148'}, 'href']}
2025-12-03 08:14:07 [urllib3.connectionpool] DEBUG: http://localhost:62956 "POST /session/55d29d1754d9f82f296e52be9f989bc5/execute/sync HTTP/1.1" 200 0
2025-12-03 08:14:07 [selenium.webdriver.remote.remote_connection] DEBUG: Remote response: status=200 | data={"value":"https://dorm.chungbuk.ac.kr/home/sub.php?menukey=20039&mod=view&no=454178805&listCnt=20"} | headers=HTTPHeaderDict({'Content-Length': '99', 'Content-Type': 'application/json; charset=utf-8', 'cache-control': 'no-cache'})
2025-12-03 08:14:07 [selenium.webdriver.remote.remote_connection] DEBUG: Finished Request
2025-12-03 08:14:07 [selenium.webdriver.remote.remote_connection] DEBUG: POST http://localhost:62956/session/55d29d1754d9f82f296e52be9f989bc5/element/f.2D963D2E8DF8830D0AEB1349B2AFCF15.d.C0E25FCCB4A319C2EE64E832F7C10D43.e.34/elements {'using': 'tag name', 'value': 'td'}
2025-12-03 08:14:07 [urllib3.connectionpool] DEBUG: http://localhost:62956 "POST /session/55d29d1754d9f82f296e52be9f989bc5/element/f.2D963D2E8DF8830D0AEB1349B2AFCF15.d.C0E25FCCB4A319C2EE64E832F7C10D43.e.34/elements HTTP/1.1" 200 0
2025-12-03 08:14:07 [selenium.webdriver.remote.remote_connection] DEBUG: Remote response: status=200 | data={"value":[{"element-6066-11e4-a52e-4f735466cecf":"f.2D963D2E8DF8830D0AEB1349B2AFCF15.d.C0E25FCCB4A319C2EE64E832F7C10D43.e.149"},{"element-6066-11e4-a52e-4f735466cecf":"f.2D963D2E8DF8830D0AEB1349B2AFCF15.d.C0E25FCCB4A319C2EE64E832F7C10D43.e.150"},{"element-6066-11e4-a52e-4f735466cecf":"f.2D963D2E8DF8830D0AEB1349B2AFCF15.d.C0E25FCCB4A319C2EE64E832F7C10D43.e.151"},{"element-6066-11e4-a52e-4f735466cecf":"f.2D963D2E8DF8830D0AEB1349B2AFCF15.d.C0E25FCCB4A319C2EE64E832F7C10D43.e.152"},{"element-6066-11e4-a52e-4f735466cecf":"f.2D963D2E8DF8830D0AEB1349B2AFCF15.d.C0E25FCCB4A319C2EE64E832F7C10D43.e.153"},{"element-6066-11e4-a52e-4f735466cecf":"f.2D963D2E8DF8830D0AEB1349B2AFCF15.d.C0E25FCCB4A319C2EE64E832F7C10D43.e.154"}]} | headers=HTTPHeaderDict({'Content-Length': '719', 'Content-Type': 'application/json; charset=utf-8', 'cache-control': 'no-cache'})
2025-12-03 08:14:07 [selenium.webdriver.remote.remote_connection] DEBUG: Finished Request
2025-12-03 08:14:07 [selenium.webdriver.remote.remote_connection] DEBUG: POST http://localhost:62956/session/55d29d1754d9f82f296e52be9f989bc5/element/f.2D963D2E8DF8830D0AEB1349B2AFCF15.d.C0E25FCCB4A319C2EE64E832F7C10D43.e.34/elements {'using': 'tag name', 'value': 'a'}
2025-12-03 08:14:07 [urllib3.connectionpool] DEBUG: http://localhost:62956 "POST /session/55d29d1754d9f82f296e52be9f989bc5/element/f.2D963D2E8DF8830D0AEB1349B2AFCF15.d.C0E25FCCB4A319C2EE64E832F7C10D43.e.34/elements HTTP/1.1" 200 0
2025-12-03 08:14:07 [selenium.webdriver.remote.remote_connection] DEBUG: Remote response: status=200 | data={"value":[{"element-6066-11e4-a52e-4f735466cecf":"f.2D963D2E8DF8830D0AEB1349B2AFCF15.d.C0E25FCCB4A319C2EE64E832F7C10D43.e.155"}]} | headers=HTTPHeaderDict({'Content-Length': '129', 'Content-Type': 'application/json; charset=utf-8', 'cache-control': 'no-cache'})
2025-12-03 08:14:07 [selenium.webdriver.remote.remote_connection] DEBUG: Finished Request
2025-12-03 08:14:07 [selenium.webdriver.remote.remote_connection] DEBUG: GET http://localhost:62956/session/55d29d1754d9f82f296e52be9f989bc5/element/f.2D963D2E8DF8830D0AEB1349B2AFCF15.d.C0E25FCCB4A319C2EE64E832F7C10D43.e.155/text {}
2025-12-03 08:14:07 [urllib3.connectionpool] DEBUG: http://localhost:62956 "GET /session/55d29d1754d9f82f296e52be9f989bc5/element/f.2D963D2E8DF8830D0AEB1349B2AFCF15.d.C0E25FCCB4A319C2EE64E832F7C10D43.e.155/text HTTP/1.1" 200 0
2025-12-03 08:14:07 [selenium.webdriver.remote.remote_connection] DEBUG: Remote response: status=200 | data={"value":"학생생활관 본관(계영원) 행정실 네트워크 설비 장애 안내"} | headers=HTTPHeaderDict({'Content-Length': '89', 'Content-Type': 'application/json; charset=utf-8', 'cache-control': 'no-cache'})
2025-12-03 08:14:07 [selenium.webdriver.remote.remote_connection] DEBUG: Finished Request
2025-12-03 08:14:07 [selenium.webdriver.remote.remote_connection] DEBUG: POST http://localhost:62956/session/55d29d1754d9f82f296e52be9f989bc5/execute/sync {'script': '/* getAttribute */return (function(){return (function(){var d=this||self;function f(a,b){function c(...', 'args': [{'element-6066-11e4-a52e-4f735466cecf': 'f.2D963D2E8DF8830D0AEB1349B2AFCF15.d.C0E25FCCB4A319C2EE64E832F7C10D43.e.155'}, 'href']}
2025-12-03 08:14:07 [urllib3.connectionpool] DEBUG: http://localhost:62956 "POST /session/55d29d1754d9f82f296e52be9f989bc5/execute/sync HTTP/1.1" 200 0
2025-12-03 08:14:07 [selenium.webdriver.remote.remote_connection] DEBUG: Remote response: status=200 | data={"value":"https://dorm.chungbuk.ac.kr/home/sub.php?menukey=20039&mod=view&no=454178802&listCnt=20"} | headers=HTTPHeaderDict({'Content-Length': '99', 'Content-Type': 'application/json; charset=utf-8', 'cache-control': 'no-cache'})
2025-12-03 08:14:07 [selenium.webdriver.remote.remote_connection] DEBUG: Finished Request
2025-12-03 08:14:07 [selenium.webdriver.remote.remote_connection] DEBUG: POST http://localhost:62956/session/55d29d1754d9f82f296e52be9f989bc5/element/f.2D963D2E8DF8830D0AEB1349B2AFCF15.d.C0E25FCCB4A319C2EE64E832F7C10D43.e.35/elements {'using': 'tag name', 'value': 'td'}
2025-12-03 08:14:07 [urllib3.connectionpool] DEBUG: http://localhost:62956 "POST /session/55d29d1754d9f82f296e52be9f989bc5/element/f.2D963D2E8DF8830D0AEB1349B2AFCF15.d.C0E25FCCB4A319C2EE64E832F7C10D43.e.35/elements HTTP/1.1" 200 0
2025-12-03 08:14:07 [selenium.webdriver.remote.remote_connection] DEBUG: Remote response: status=200 | data={"value":[{"element-6066-11e4-a52e-4f735466cecf":"f.2D963D2E8DF8830D0AEB1349B2AFCF15.d.C0E25FCCB4A319C2EE64E832F7C10D43.e.156"},{"element-6066-11e4-a52e-4f735466cecf":"f.2D963D2E8DF8830D0AEB1349B2AFCF15.d.C0E25FCCB4A319C2EE64E832F7C10D43.e.157"},{"element-6066-11e4-a52e-4f735466cecf":"f.2D963D2E8DF8830D0AEB1349B2AFCF15.d.C0E25FCCB4A319C2EE64E832F7C10D43.e.158"},{"element-6066-11e4-a52e-4f735466cecf":"f.2D963D2E8DF8830D0AEB1349B2AFCF15.d.C0E25FCCB4A319C2EE64E832F7C10D43.e.159"},{"element-6066-11e4-a52e-4f735466cecf":"f.2D963D2E8DF8830D0AEB1349B2AFCF15.d.C0E25FCCB4A319C2EE64E832F7C10D43.e.160"},{"element-6066-11e4-a52e-4f735466cecf":"f.2D963D2E8DF8830D0AEB1349B2AFCF15.d.C0E25FCCB4A319C2EE64E832F7C10D43.e.161"}]} | headers=HTTPHeaderDict({'Content-Length': '719', 'Content-Type': 'application/json; charset=utf-8', 'cache-control': 'no-cache'})
2025-12-03 08:14:07 [selenium.webdriver.remote.remote_connection] DEBUG: Finished Request
2025-12-03 08:14:07 [selenium.webdriver.remote.remote_connection] DEBUG: POST http://localhost:62956/session/55d29d1754d9f82f296e52be9f989bc5/element/f.2D963D2E8DF8830D0AEB1349B2AFCF15.d.C0E25FCCB4A319C2EE64E832F7C10D43.e.35/elements {'using': 'tag name', 'value': 'a'}
2025-12-03 08:14:07 [urllib3.connectionpool] DEBUG: http://localhost:62956 "POST /session/55d29d1754d9f82f296e52be9f989bc5/element/f.2D963D2E8DF8830D0AEB1349B2AFCF15.d.C0E25FCCB4A319C2EE64E832F7C10D43.e.35/elements HTTP/1.1" 200 0
2025-12-03 08:14:07 [selenium.webdriver.remote.remote_connection] DEBUG: Remote response: status=200 | data={"value":[{"element-6066-11e4-a52e-4f735466cecf":"f.2D963D2E8DF8830D0AEB1349B2AFCF15.d.C0E25FCCB4A319C2EE64E832F7C10D43.e.162"}]} | headers=HTTPHeaderDict({'Content-Length': '129', 'Content-Type': 'application/json; charset=utf-8', 'cache-control': 'no-cache'})
2025-12-03 08:14:07 [selenium.webdriver.remote.remote_connection] DEBUG: Finished Request
2025-12-03 08:14:07 [selenium.webdriver.remote.remote_connection] DEBUG: GET http://localhost:62956/session/55d29d1754d9f82f296e52be9f989bc5/element/f.2D963D2E8DF8830D0AEB1349B2AFCF15.d.C0E25FCCB4A319C2EE64E832F7C10D43.e.162/text {}
2025-12-03 08:14:07 [urllib3.connectionpool] DEBUG: http://localhost:62956 "GET /session/55d29d1754d9f82f296e52be9f989bc5/element/f.2D963D2E8DF8830D0AEB1349B2AFCF15.d.C0E25FCCB4A319C2EE64E832F7C10D43.e.162/text HTTP/1.1" 200 0
2025-12-03 08:14:07 [selenium.webdriver.remote.remote_connection] DEBUG: Remote response: status=200 | data={"value":" [양진재,양성재] 세탁실 세탁조 청소 일정 안내 (변경)       "} | headers=HTTPHeaderDict({'Content-Length': '91', 'Content-Type': 'application/json; charset=utf-8', 'cache-control': 'no-cache'})
2025-12-03 08:14:07 [selenium.webdriver.remote.remote_connection] DEBUG: Finished Request
2025-12-03 08:14:07 [selenium.webdriver.remote.remote_connection] DEBUG: POST http://localhost:62956/session/55d29d1754d9f82f296e52be9f989bc5/execute/sync {'script': '/* getAttribute */return (function(){return (function(){var d=this||self;function f(a,b){function c(...', 'args': [{'element-6066-11e4-a52e-4f735466cecf': 'f.2D963D2E8DF8830D0AEB1349B2AFCF15.d.C0E25FCCB4A319C2EE64E832F7C10D43.e.162'}, 'href']}
2025-12-03 08:14:07 [urllib3.connectionpool] DEBUG: http://localhost:62956 "POST /session/55d29d1754d9f82f296e52be9f989bc5/execute/sync HTTP/1.1" 200 0
2025-12-03 08:14:07 [selenium.webdriver.remote.remote_connection] DEBUG: Remote response: status=200 | data={"value":"https://dorm.chungbuk.ac.kr/home/sub.php?menukey=20039&mod=view&no=454178801&listCnt=20"} | headers=HTTPHeaderDict({'Content-Length': '99', 'Content-Type': 'application/json; charset=utf-8', 'cache-control': 'no-cache'})
2025-12-03 08:14:07 [selenium.webdriver.remote.remote_connection] DEBUG: Finished Request
2025-12-03 08:14:07 [selenium.webdriver.remote.remote_connection] DEBUG: POST http://localhost:62956/session/55d29d1754d9f82f296e52be9f989bc5/element/f.2D963D2E8DF8830D0AEB1349B2AFCF15.d.C0E25FCCB4A319C2EE64E832F7C10D43.e.36/elements {'using': 'tag name', 'value': 'td'}
2025-12-03 08:14:07 [urllib3.connectionpool] DEBUG: http://localhost:62956 "POST /session/55d29d1754d9f82f296e52be9f989bc5/element/f.2D963D2E8DF8830D0AEB1349B2AFCF15.d.C0E25FCCB4A319C2EE64E832F7C10D43.e.36/elements HTTP/1.1" 200 0
2025-12-03 08:14:07 [selenium.webdriver.remote.remote_connection] DEBUG: Remote response: status=200 | data={"value":[{"element-6066-11e4-a52e-4f735466cecf":"f.2D963D2E8DF8830D0AEB1349B2AFCF15.d.C0E25FCCB4A319C2EE64E832F7C10D43.e.163"},{"element-6066-11e4-a52e-4f735466cecf":"f.2D963D2E8DF8830D0AEB1349B2AFCF15.d.C0E25FCCB4A319C2EE64E832F7C10D43.e.164"},{"element-6066-11e4-a52e-4f735466cecf":"f.2D963D2E8DF8830D0AEB1349B2AFCF15.d.C0E25FCCB4A319C2EE64E832F7C10D43.e.165"},{"element-6066-11e4-a52e-4f735466cecf":"f.2D963D2E8DF8830D0AEB1349B2AFCF15.d.C0E25FCCB4A319C2EE64E832F7C10D43.e.166"},{"element-6066-11e4-a52e-4f735466cecf":"f.2D963D2E8DF8830D0AEB1349B2AFCF15.d.C0E25FCCB4A319C2EE64E832F7C10D43.e.167"},{"element-6066-11e4-a52e-4f735466cecf":"f.2D963D2E8DF8830D0AEB1349B2AFCF15.d.C0E25FCCB4A319C2EE64E832F7C10D43.e.168"}]} | headers=HTTPHeaderDict({'Content-Length': '719', 'Content-Type': 'application/json; charset=utf-8', 'cache-control': 'no-cache'})
2025-12-03 08:14:07 [selenium.webdriver.remote.remote_connection] DEBUG: Finished Request
2025-12-03 08:14:07 [selenium.webdriver.remote.remote_connection] DEBUG: POST http://localhost:62956/session/55d29d1754d9f82f296e52be9f989bc5/element/f.2D963D2E8DF8830D0AEB1349B2AFCF15.d.C0E25FCCB4A319C2EE64E832F7C10D43.e.36/elements {'using': 'tag name', 'value': 'a'}
2025-12-03 08:14:07 [urllib3.connectionpool] DEBUG: http://localhost:62956 "POST /session/55d29d1754d9f82f296e52be9f989bc5/element/f.2D963D2E8DF8830D0AEB1349B2AFCF15.d.C0E25FCCB4A319C2EE64E832F7C10D43.e.36/elements HTTP/1.1" 200 0
2025-12-03 08:14:07 [selenium.webdriver.remote.remote_connection] DEBUG: Remote response: status=200 | data={"value":[{"element-6066-11e4-a52e-4f735466cecf":"f.2D963D2E8DF8830D0AEB1349B2AFCF15.d.C0E25FCCB4A319C2EE64E832F7C10D43.e.169"}]} | headers=HTTPHeaderDict({'Content-Length': '129', 'Content-Type': 'application/json; charset=utf-8', 'cache-control': 'no-cache'})
2025-12-03 08:14:07 [selenium.webdriver.remote.remote_connection] DEBUG: Finished Request
2025-12-03 08:14:07 [selenium.webdriver.remote.remote_connection] DEBUG: GET http://localhost:62956/session/55d29d1754d9f82f296e52be9f989bc5/element/f.2D963D2E8DF8830D0AEB1349B2AFCF15.d.C0E25FCCB4A319C2EE64E832F7C10D43.e.169/text {}
2025-12-03 08:14:07 [urllib3.connectionpool] DEBUG: http://localhost:62956 "GET /session/55d29d1754d9f82f296e52be9f989bc5/element/f.2D963D2E8DF8830D0AEB1349B2AFCF15.d.C0E25FCCB4A319C2EE64E832F7C10D43.e.169/text HTTP/1.1" 200 0
2025-12-03 08:14:07 [selenium.webdriver.remote.remote_connection] DEBUG: Remote response: status=200 | data={"value":"[양진재, 양성재] 조경 작업 안내 (월동작업)      "} | headers=HTTPHeaderDict({'Content-Length': '76', 'Content-Type': 'application/json; charset=utf-8', 'cache-control': 'no-cache'})
2025-12-03 08:14:07 [selenium.webdriver.remote.remote_connection] DEBUG: Finished Request
2025-12-03 08:14:07 [selenium.webdriver.remote.remote_connection] DEBUG: POST http://localhost:62956/session/55d29d1754d9f82f296e52be9f989bc5/execute/sync {'script': '/* getAttribute */return (function(){return (function(){var d=this||self;function f(a,b){function c(...', 'args': [{'element-6066-11e4-a52e-4f735466cecf': 'f.2D963D2E8DF8830D0AEB1349B2AFCF15.d.C0E25FCCB4A319C2EE64E832F7C10D43.e.169'}, 'href']}
2025-12-03 08:14:07 [urllib3.connectionpool] DEBUG: http://localhost:62956 "POST /session/55d29d1754d9f82f296e52be9f989bc5/execute/sync HTTP/1.1" 200 0
2025-12-03 08:14:07 [selenium.webdriver.remote.remote_connection] DEBUG: Remote response: status=200 | data={"value":"https://dorm.chungbuk.ac.kr/home/sub.php?menukey=20039&mod=view&no=454178798&listCnt=20"} | headers=HTTPHeaderDict({'Content-Length': '99', 'Content-Type': 'application/json; charset=utf-8', 'cache-control': 'no-cache'})
2025-12-03 08:14:07 [selenium.webdriver.remote.remote_connection] DEBUG: Finished Request
2025-12-03 08:14:07 [selenium.webdriver.remote.remote_connection] DEBUG: POST http://localhost:62956/session/55d29d1754d9f82f296e52be9f989bc5/element/f.2D963D2E8DF8830D0AEB1349B2AFCF15.d.C0E25FCCB4A319C2EE64E832F7C10D43.e.37/elements {'using': 'tag name', 'value': 'td'}
2025-12-03 08:14:07 [urllib3.connectionpool] DEBUG: http://localhost:62956 "POST /session/55d29d1754d9f82f296e52be9f989bc5/element/f.2D963D2E8DF8830D0AEB1349B2AFCF15.d.C0E25FCCB4A319C2EE64E832F7C10D43.e.37/elements HTTP/1.1" 200 0
2025-12-03 08:14:07 [selenium.webdriver.remote.remote_connection] DEBUG: Remote response: status=200 | data={"value":[{"element-6066-11e4-a52e-4f735466cecf":"f.2D963D2E8DF8830D0AEB1349B2AFCF15.d.C0E25FCCB4A319C2EE64E832F7C10D43.e.170"},{"element-6066-11e4-a52e-4f735466cecf":"f.2D963D2E8DF8830D0AEB1349B2AFCF15.d.C0E25FCCB4A319C2EE64E832F7C10D43.e.171"},{"element-6066-11e4-a52e-4f735466cecf":"f.2D963D2E8DF8830D0AEB1349B2AFCF15.d.C0E25FCCB4A319C2EE64E832F7C10D43.e.172"},{"element-6066-11e4-a52e-4f735466cecf":"f.2D963D2E8DF8830D0AEB1349B2AFCF15.d.C0E25FCCB4A319C2EE64E832F7C10D43.e.173"},{"element-6066-11e4-a52e-4f735466cecf":"f.2D963D2E8DF8830D0AEB1349B2AFCF15.d.C0E25FCCB4A319C2EE64E832F7C10D43.e.174"},{"element-6066-11e4-a52e-4f735466cecf":"f.2D963D2E8DF8830D0AEB1349B2AFCF15.d.C0E25FCCB4A319C2EE64E832F7C10D43.e.175"}]} | headers=HTTPHeaderDict({'Content-Length': '719', 'Content-Type': 'application/json; charset=utf-8', 'cache-control': 'no-cache'})
2025-12-03 08:14:07 [selenium.webdriver.remote.remote_connection] DEBUG: Finished Request
2025-12-03 08:14:07 [selenium.webdriver.remote.remote_connection] DEBUG: POST http://localhost:62956/session/55d29d1754d9f82f296e52be9f989bc5/element/f.2D963D2E8DF8830D0AEB1349B2AFCF15.d.C0E25FCCB4A319C2EE64E832F7C10D43.e.37/elements {'using': 'tag name', 'value': 'a'}
2025-12-03 08:14:07 [urllib3.connectionpool] DEBUG: http://localhost:62956 "POST /session/55d29d1754d9f82f296e52be9f989bc5/element/f.2D963D2E8DF8830D0AEB1349B2AFCF15.d.C0E25FCCB4A319C2EE64E832F7C10D43.e.37/elements HTTP/1.1" 200 0
2025-12-03 08:14:07 [selenium.webdriver.remote.remote_connection] DEBUG: Remote response: status=200 | data={"value":[{"element-6066-11e4-a52e-4f735466cecf":"f.2D963D2E8DF8830D0AEB1349B2AFCF15.d.C0E25FCCB4A319C2EE64E832F7C10D43.e.176"},{"element-6066-11e4-a52e-4f735466cecf":"f.2D963D2E8DF8830D0AEB1349B2AFCF15.d.C0E25FCCB4A319C2EE64E832F7C10D43.e.177"}]} | headers=HTTPHeaderDict({'Content-Length': '247', 'Content-Type': 'application/json; charset=utf-8', 'cache-control': 'no-cache'})
2025-12-03 08:14:07 [selenium.webdriver.remote.remote_connection] DEBUG: Finished Request
2025-12-03 08:14:07 [selenium.webdriver.remote.remote_connection] DEBUG: GET http://localhost:62956/session/55d29d1754d9f82f296e52be9f989bc5/element/f.2D963D2E8DF8830D0AEB1349B2AFCF15.d.C0E25FCCB4A319C2EE64E832F7C10D43.e.176/text {}
2025-12-03 08:14:07 [urllib3.connectionpool] DEBUG: http://localhost:62956 "GET /session/55d29d1754d9f82f296e52be9f989bc5/element/f.2D963D2E8DF8830D0AEB1349B2AFCF15.d.C0E25FCCB4A319C2EE64E832F7C10D43.e.176/text HTTP/1.1" 200 0
2025-12-03 08:14:07 [selenium.webdriver.remote.remote_connection] DEBUG: Remote response: status=200 | data={"value":"[양성재] 3분기 설문조사 불만족 조치 알림"} | headers=HTTPHeaderDict({'Content-Length': '68', 'Content-Type': 'application/json; charset=utf-8', 'cache-control': 'no-cache'})
2025-12-03 08:14:07 [selenium.webdriver.remote.remote_connection] DEBUG: Finished Request
2025-12-03 08:14:07 [selenium.webdriver.remote.remote_connection] DEBUG: POST http://localhost:62956/session/55d29d1754d9f82f296e52be9f989bc5/execute/sync {'script': '/* getAttribute */return (function(){return (function(){var d=this||self;function f(a,b){function c(...', 'args': [{'element-6066-11e4-a52e-4f735466cecf': 'f.2D963D2E8DF8830D0AEB1349B2AFCF15.d.C0E25FCCB4A319C2EE64E832F7C10D43.e.176'}, 'href']}
2025-12-03 08:14:07 [urllib3.connectionpool] DEBUG: http://localhost:62956 "POST /session/55d29d1754d9f82f296e52be9f989bc5/execute/sync HTTP/1.1" 200 0
2025-12-03 08:14:07 [selenium.webdriver.remote.remote_connection] DEBUG: Remote response: status=200 | data={"value":"https://dorm.chungbuk.ac.kr/home/sub.php?menukey=20039&mod=view&no=454178797&listCnt=20"} | headers=HTTPHeaderDict({'Content-Length': '99', 'Content-Type': 'application/json; charset=utf-8', 'cache-control': 'no-cache'})
2025-12-03 08:14:07 [selenium.webdriver.remote.remote_connection] DEBUG: Finished Request
2025-12-03 08:14:07 [selenium.webdriver.remote.remote_connection] DEBUG: POST http://localhost:62956/session/55d29d1754d9f82f296e52be9f989bc5/element/f.2D963D2E8DF8830D0AEB1349B2AFCF15.d.C0E25FCCB4A319C2EE64E832F7C10D43.e.38/elements {'using': 'tag name', 'value': 'td'}
2025-12-03 08:14:07 [urllib3.connectionpool] DEBUG: http://localhost:62956 "POST /session/55d29d1754d9f82f296e52be9f989bc5/element/f.2D963D2E8DF8830D0AEB1349B2AFCF15.d.C0E25FCCB4A319C2EE64E832F7C10D43.e.38/elements HTTP/1.1" 200 0
2025-12-03 08:14:07 [selenium.webdriver.remote.remote_connection] DEBUG: Remote response: status=200 | data={"value":[{"element-6066-11e4-a52e-4f735466cecf":"f.2D963D2E8DF8830D0AEB1349B2AFCF15.d.C0E25FCCB4A319C2EE64E832F7C10D43.e.178"},{"element-6066-11e4-a52e-4f735466cecf":"f.2D963D2E8DF8830D0AEB1349B2AFCF15.d.C0E25FCCB4A319C2EE64E832F7C10D43.e.179"},{"element-6066-11e4-a52e-4f735466cecf":"f.2D963D2E8DF8830D0AEB1349B2AFCF15.d.C0E25FCCB4A319C2EE64E832F7C10D43.e.180"},{"element-6066-11e4-a52e-4f735466cecf":"f.2D963D2E8DF8830D0AEB1349B2AFCF15.d.C0E25FCCB4A319C2EE64E832F7C10D43.e.181"},{"element-6066-11e4-a52e-4f735466cecf":"f.2D963D2E8DF8830D0AEB1349B2AFCF15.d.C0E25FCCB4A319C2EE64E832F7C10D43.e.182"},{"element-6066-11e4-a52e-4f735466cecf":"f.2D963D2E8DF8830D0AEB1349B2AFCF15.d.C0E25FCCB4A319C2EE64E832F7C10D43.e.183"}]} | headers=HTTPHeaderDict({'Content-Length': '719', 'Content-Type': 'application/json; charset=utf-8', 'cache-control': 'no-cache'})
2025-12-03 08:14:07 [selenium.webdriver.remote.remote_connection] DEBUG: Finished Request
2025-12-03 08:14:07 [selenium.webdriver.remote.remote_connection] DEBUG: POST http://localhost:62956/session/55d29d1754d9f82f296e52be9f989bc5/element/f.2D963D2E8DF8830D0AEB1349B2AFCF15.d.C0E25FCCB4A319C2EE64E832F7C10D43.e.38/elements {'using': 'tag name', 'value': 'a'}
2025-12-03 08:14:07 [urllib3.connectionpool] DEBUG: http://localhost:62956 "POST /session/55d29d1754d9f82f296e52be9f989bc5/element/f.2D963D2E8DF8830D0AEB1349B2AFCF15.d.C0E25FCCB4A319C2EE64E832F7C10D43.e.38/elements HTTP/1.1" 200 0
2025-12-03 08:14:07 [selenium.webdriver.remote.remote_connection] DEBUG: Remote response: status=200 | data={"value":[{"element-6066-11e4-a52e-4f735466cecf":"f.2D963D2E8DF8830D0AEB1349B2AFCF15.d.C0E25FCCB4A319C2EE64E832F7C10D43.e.184"},{"element-6066-11e4-a52e-4f735466cecf":"f.2D963D2E8DF8830D0AEB1349B2AFCF15.d.C0E25FCCB4A319C2EE64E832F7C10D43.e.185"}]} | headers=HTTPHeaderDict({'Content-Length': '247', 'Content-Type': 'application/json; charset=utf-8', 'cache-control': 'no-cache'})
2025-12-03 08:14:07 [selenium.webdriver.remote.remote_connection] DEBUG: Finished Request
2025-12-03 08:14:07 [selenium.webdriver.remote.remote_connection] DEBUG: GET http://localhost:62956/session/55d29d1754d9f82f296e52be9f989bc5/element/f.2D963D2E8DF8830D0AEB1349B2AFCF15.d.C0E25FCCB4A319C2EE64E832F7C10D43.e.184/text {}
2025-12-03 08:14:07 [urllib3.connectionpool] DEBUG: http://localhost:62956 "GET /session/55d29d1754d9f82f296e52be9f989bc5/element/f.2D963D2E8DF8830D0AEB1349B2AFCF15.d.C0E25FCCB4A319C2EE64E832F7C10D43.e.184/text HTTP/1.1" 200 0
2025-12-03 08:14:07 [selenium.webdriver.remote.remote_connection] DEBUG: Remote response: status=200 | data={"value":"[양진재] 3분기 설문조사 불만족 조치 알림"} | headers=HTTPHeaderDict({'Content-Length': '68', 'Content-Type': 'application/json; charset=utf-8', 'cache-control': 'no-cache'})
2025-12-03 08:14:07 [selenium.webdriver.remote.remote_connection] DEBUG: Finished Request
2025-12-03 08:14:07 [selenium.webdriver.remote.remote_connection] DEBUG: POST http://localhost:62956/session/55d29d1754d9f82f296e52be9f989bc5/execute/sync {'script': '/* getAttribute */return (function(){return (function(){var d=this||self;function f(a,b){function c(...', 'args': [{'element-6066-11e4-a52e-4f735466cecf': 'f.2D963D2E8DF8830D0AEB1349B2AFCF15.d.C0E25FCCB4A319C2EE64E832F7C10D43.e.184'}, 'href']}
2025-12-03 08:14:07 [urllib3.connectionpool] DEBUG: http://localhost:62956 "POST /session/55d29d1754d9f82f296e52be9f989bc5/execute/sync HTTP/1.1" 200 0
2025-12-03 08:14:07 [selenium.webdriver.remote.remote_connection] DEBUG: Remote response: status=200 | data={"value":"https://dorm.chungbuk.ac.kr/home/sub.php?menukey=20039&mod=view&no=454178796&listCnt=20"} | headers=HTTPHeaderDict({'Content-Length': '99', 'Content-Type': 'application/json; charset=utf-8', 'cache-control': 'no-cache'})
2025-12-03 08:14:07 [selenium.webdriver.remote.remote_connection] DEBUG: Finished Request
2025-12-03 08:14:07 [selenium.webdriver.remote.remote_connection] DEBUG: POST http://localhost:62956/session/55d29d1754d9f82f296e52be9f989bc5/element/f.2D963D2E8DF8830D0AEB1349B2AFCF15.d.C0E25FCCB4A319C2EE64E832F7C10D43.e.39/elements {'using': 'tag name', 'value': 'td'}
2025-12-03 08:14:07 [urllib3.connectionpool] DEBUG: http://localhost:62956 "POST /session/55d29d1754d9f82f296e52be9f989bc5/element/f.2D963D2E8DF8830D0AEB1349B2AFCF15.d.C0E25FCCB4A319C2EE64E832F7C10D43.e.39/elements HTTP/1.1" 200 0
2025-12-03 08:14:07 [selenium.webdriver.remote.remote_connection] DEBUG: Remote response: status=200 | data={"value":[{"element-6066-11e4-a52e-4f735466cecf":"f.2D963D2E8DF8830D0AEB1349B2AFCF15.d.C0E25FCCB4A319C2EE64E832F7C10D43.e.186"},{"element-6066-11e4-a52e-4f735466cecf":"f.2D963D2E8DF8830D0AEB1349B2AFCF15.d.C0E25FCCB4A319C2EE64E832F7C10D43.e.187"},{"element-6066-11e4-a52e-4f735466cecf":"f.2D963D2E8DF8830D0AEB1349B2AFCF15.d.C0E25FCCB4A319C2EE64E832F7C10D43.e.188"},{"element-6066-11e4-a52e-4f735466cecf":"f.2D963D2E8DF8830D0AEB1349B2AFCF15.d.C0E25FCCB4A319C2EE64E832F7C10D43.e.189"},{"element-6066-11e4-a52e-4f735466cecf":"f.2D963D2E8DF8830D0AEB1349B2AFCF15.d.C0E25FCCB4A319C2EE64E832F7C10D43.e.190"},{"element-6066-11e4-a52e-4f735466cecf":"f.2D963D2E8DF8830D0AEB1349B2AFCF15.d.C0E25FCCB4A319C2EE64E832F7C10D43.e.191"}]} | headers=HTTPHeaderDict({'Content-Length': '719', 'Content-Type': 'application/json; charset=utf-8', 'cache-control': 'no-cache'})
2025-12-03 08:14:07 [selenium.webdriver.remote.remote_connection] DEBUG: Finished Request
2025-12-03 08:14:07 [selenium.webdriver.remote.remote_connection] DEBUG: POST http://localhost:62956/session/55d29d1754d9f82f296e52be9f989bc5/element/f.2D963D2E8DF8830D0AEB1349B2AFCF15.d.C0E25FCCB4A319C2EE64E832F7C10D43.e.39/elements {'using': 'tag name', 'value': 'a'}
2025-12-03 08:14:07 [urllib3.connectionpool] DEBUG: http://localhost:62956 "POST /session/55d29d1754d9f82f296e52be9f989bc5/element/f.2D963D2E8DF8830D0AEB1349B2AFCF15.d.C0E25FCCB4A319C2EE64E832F7C10D43.e.39/elements HTTP/1.1" 200 0
2025-12-03 08:14:07 [selenium.webdriver.remote.remote_connection] DEBUG: Remote response: status=200 | data={"value":[{"element-6066-11e4-a52e-4f735466cecf":"f.2D963D2E8DF8830D0AEB1349B2AFCF15.d.C0E25FCCB4A319C2EE64E832F7C10D43.e.192"},{"element-6066-11e4-a52e-4f735466cecf":"f.2D963D2E8DF8830D0AEB1349B2AFCF15.d.C0E25FCCB4A319C2EE64E832F7C10D43.e.193"}]} | headers=HTTPHeaderDict({'Content-Length': '247', 'Content-Type': 'application/json; charset=utf-8', 'cache-control': 'no-cache'})
2025-12-03 08:14:07 [selenium.webdriver.remote.remote_connection] DEBUG: Finished Request
2025-12-03 08:14:07 [selenium.webdriver.remote.remote_connection] DEBUG: GET http://localhost:62956/session/55d29d1754d9f82f296e52be9f989bc5/element/f.2D963D2E8DF8830D0AEB1349B2AFCF15.d.C0E25FCCB4A319C2EE64E832F7C10D43.e.192/text {}
2025-12-03 08:14:07 [urllib3.connectionpool] DEBUG: http://localhost:62956 "GET /session/55d29d1754d9f82f296e52be9f989bc5/element/f.2D963D2E8DF8830D0AEB1349B2AFCF15.d.C0E25FCCB4A319C2EE64E832F7C10D43.e.192/text HTTP/1.1" 200 0
2025-12-03 08:14:07 [selenium.webdriver.remote.remote_connection] DEBUG: Remote response: status=200 | data={"value":"[양현재] 지열 난방 가동 안내"} | headers=HTTPHeaderDict({'Content-Length': '51', 'Content-Type': 'application/json; charset=utf-8', 'cache-control': 'no-cache'})
2025-12-03 08:14:07 [selenium.webdriver.remote.remote_connection] DEBUG: Finished Request
2025-12-03 08:14:07 [selenium.webdriver.remote.remote_connection] DEBUG: POST http://localhost:62956/session/55d29d1754d9f82f296e52be9f989bc5/execute/sync {'script': '/* getAttribute */return (function(){return (function(){var d=this||self;function f(a,b){function c(...', 'args': [{'element-6066-11e4-a52e-4f735466cecf': 'f.2D963D2E8DF8830D0AEB1349B2AFCF15.d.C0E25FCCB4A319C2EE64E832F7C10D43.e.192'}, 'href']}
2025-12-03 08:14:07 [urllib3.connectionpool] DEBUG: http://localhost:62956 "POST /session/55d29d1754d9f82f296e52be9f989bc5/execute/sync HTTP/1.1" 200 0
2025-12-03 08:14:07 [selenium.webdriver.remote.remote_connection] DEBUG: Remote response: status=200 | data={"value":"https://dorm.chungbuk.ac.kr/home/sub.php?menukey=20039&mod=view&no=454178794&listCnt=20"} | headers=HTTPHeaderDict({'Content-Length': '99', 'Content-Type': 'application/json; charset=utf-8', 'cache-control': 'no-cache'})
2025-12-03 08:14:07 [selenium.webdriver.remote.remote_connection] DEBUG: Finished Request
2025-12-03 08:14:07 [selenium.webdriver.remote.remote_connection] DEBUG: POST http://localhost:62956/session/55d29d1754d9f82f296e52be9f989bc5/element/f.2D963D2E8DF8830D0AEB1349B2AFCF15.d.C0E25FCCB4A319C2EE64E832F7C10D43.e.40/elements {'using': 'tag name', 'value': 'td'}
2025-12-03 08:14:07 [urllib3.connectionpool] DEBUG: http://localhost:62956 "POST /session/55d29d1754d9f82f296e52be9f989bc5/element/f.2D963D2E8DF8830D0AEB1349B2AFCF15.d.C0E25FCCB4A319C2EE64E832F7C10D43.e.40/elements HTTP/1.1" 200 0
2025-12-03 08:14:07 [selenium.webdriver.remote.remote_connection] DEBUG: Remote response: status=200 | data={"value":[{"element-6066-11e4-a52e-4f735466cecf":"f.2D963D2E8DF8830D0AEB1349B2AFCF15.d.C0E25FCCB4A319C2EE64E832F7C10D43.e.194"},{"element-6066-11e4-a52e-4f735466cecf":"f.2D963D2E8DF8830D0AEB1349B2AFCF15.d.C0E25FCCB4A319C2EE64E832F7C10D43.e.195"},{"element-6066-11e4-a52e-4f735466cecf":"f.2D963D2E8DF8830D0AEB1349B2AFCF15.d.C0E25FCCB4A319C2EE64E832F7C10D43.e.196"},{"element-6066-11e4-a52e-4f735466cecf":"f.2D963D2E8DF8830D0AEB1349B2AFCF15.d.C0E25FCCB4A319C2EE64E832F7C10D43.e.197"},{"element-6066-11e4-a52e-4f735466cecf":"f.2D963D2E8DF8830D0AEB1349B2AFCF15.d.C0E25FCCB4A319C2EE64E832F7C10D43.e.198"},{"element-6066-11e4-a52e-4f735466cecf":"f.2D963D2E8DF8830D0AEB1349B2AFCF15.d.C0E25FCCB4A319C2EE64E832F7C10D43.e.199"}]} | headers=HTTPHeaderDict({'Content-Length': '719', 'Content-Type': 'application/json; charset=utf-8', 'cache-control': 'no-cache'})
2025-12-03 08:14:07 [selenium.webdriver.remote.remote_connection] DEBUG: Finished Request
2025-12-03 08:14:07 [selenium.webdriver.remote.remote_connection] DEBUG: POST http://localhost:62956/session/55d29d1754d9f82f296e52be9f989bc5/element/f.2D963D2E8DF8830D0AEB1349B2AFCF15.d.C0E25FCCB4A319C2EE64E832F7C10D43.e.40/elements {'using': 'tag name', 'value': 'a'}
2025-12-03 08:14:07 [urllib3.connectionpool] DEBUG: http://localhost:62956 "POST /session/55d29d1754d9f82f296e52be9f989bc5/element/f.2D963D2E8DF8830D0AEB1349B2AFCF15.d.C0E25FCCB4A319C2EE64E832F7C10D43.e.40/elements HTTP/1.1" 200 0
2025-12-03 08:14:07 [selenium.webdriver.remote.remote_connection] DEBUG: Remote response: status=200 | data={"value":[{"element-6066-11e4-a52e-4f735466cecf":"f.2D963D2E8DF8830D0AEB1349B2AFCF15.d.C0E25FCCB4A319C2EE64E832F7C10D43.e.200"}]} | headers=HTTPHeaderDict({'Content-Length': '129', 'Content-Type': 'application/json; charset=utf-8', 'cache-control': 'no-cache'})
2025-12-03 08:14:07 [selenium.webdriver.remote.remote_connection] DEBUG: Finished Request
2025-12-03 08:14:07 [selenium.webdriver.remote.remote_connection] DEBUG: GET http://localhost:62956/session/55d29d1754d9f82f296e52be9f989bc5/element/f.2D963D2E8DF8830D0AEB1349B2AFCF15.d.C0E25FCCB4A319C2EE64E832F7C10D43.e.200/text {}
2025-12-03 08:14:07 [urllib3.connectionpool] DEBUG: http://localhost:62956 "GET /session/55d29d1754d9f82f296e52be9f989bc5/element/f.2D963D2E8DF8830D0AEB1349B2AFCF15.d.C0E25FCCB4A319C2EE64E832F7C10D43.e.200/text HTTP/1.1" 200 0
2025-12-03 08:14:07 [selenium.webdriver.remote.remote_connection] DEBUG: Remote response: status=200 | data={"value":" [양진재,양성재] 세탁실 세탁조 청소 일정 안내       "} | headers=HTTPHeaderDict({'Content-Length': '82', 'Content-Type': 'application/json; charset=utf-8', 'cache-control': 'no-cache'})
2025-12-03 08:14:07 [selenium.webdriver.remote.remote_connection] DEBUG: Finished Request
2025-12-03 08:14:07 [selenium.webdriver.remote.remote_connection] DEBUG: POST http://localhost:62956/session/55d29d1754d9f82f296e52be9f989bc5/execute/sync {'script': '/* getAttribute */return (function(){return (function(){var d=this||self;function f(a,b){function c(...', 'args': [{'element-6066-11e4-a52e-4f735466cecf': 'f.2D963D2E8DF8830D0AEB1349B2AFCF15.d.C0E25FCCB4A319C2EE64E832F7C10D43.e.200'}, 'href']}
2025-12-03 08:14:07 [urllib3.connectionpool] DEBUG: http://localhost:62956 "POST /session/55d29d1754d9f82f296e52be9f989bc5/execute/sync HTTP/1.1" 200 0
2025-12-03 08:14:07 [selenium.webdriver.remote.remote_connection] DEBUG: Remote response: status=200 | data={"value":"https://dorm.chungbuk.ac.kr/home/sub.php?menukey=20039&mod=view&no=454178792&listCnt=20"} | headers=HTTPHeaderDict({'Content-Length': '99', 'Content-Type': 'application/json; charset=utf-8', 'cache-control': 'no-cache'})
2025-12-03 08:14:07 [selenium.webdriver.remote.remote_connection] DEBUG: Finished Request
2025-12-03 08:14:07 [selenium.webdriver.remote.remote_connection] DEBUG: POST http://localhost:62956/session/55d29d1754d9f82f296e52be9f989bc5/element/f.2D963D2E8DF8830D0AEB1349B2AFCF15.d.C0E25FCCB4A319C2EE64E832F7C10D43.e.41/elements {'using': 'tag name', 'value': 'td'}
2025-12-03 08:14:07 [urllib3.connectionpool] DEBUG: http://localhost:62956 "POST /session/55d29d1754d9f82f296e52be9f989bc5/element/f.2D963D2E8DF8830D0AEB1349B2AFCF15.d.C0E25FCCB4A319C2EE64E832F7C10D43.e.41/elements HTTP/1.1" 200 0
2025-12-03 08:14:07 [selenium.webdriver.remote.remote_connection] DEBUG: Remote response: status=200 | data={"value":[{"element-6066-11e4-a52e-4f735466cecf":"f.2D963D2E8DF8830D0AEB1349B2AFCF15.d.C0E25FCCB4A319C2EE64E832F7C10D43.e.201"},{"element-6066-11e4-a52e-4f735466cecf":"f.2D963D2E8DF8830D0AEB1349B2AFCF15.d.C0E25FCCB4A319C2EE64E832F7C10D43.e.202"},{"element-6066-11e4-a52e-4f735466cecf":"f.2D963D2E8DF8830D0AEB1349B2AFCF15.d.C0E25FCCB4A319C2EE64E832F7C10D43.e.203"},{"element-6066-11e4-a52e-4f735466cecf":"f.2D963D2E8DF8830D0AEB1349B2AFCF15.d.C0E25FCCB4A319C2EE64E832F7C10D43.e.204"},{"element-6066-11e4-a52e-4f735466cecf":"f.2D963D2E8DF8830D0AEB1349B2AFCF15.d.C0E25FCCB4A319C2EE64E832F7C10D43.e.205"},{"element-6066-11e4-a52e-4f735466cecf":"f.2D963D2E8DF8830D0AEB1349B2AFCF15.d.C0E25FCCB4A319C2EE64E832F7C10D43.e.206"}]} | headers=HTTPHeaderDict({'Content-Length': '719', 'Content-Type': 'application/json; charset=utf-8', 'cache-control': 'no-cache'})
2025-12-03 08:14:07 [selenium.webdriver.remote.remote_connection] DEBUG: Finished Request
2025-12-03 08:14:07 [selenium.webdriver.remote.remote_connection] DEBUG: POST http://localhost:62956/session/55d29d1754d9f82f296e52be9f989bc5/element/f.2D963D2E8DF8830D0AEB1349B2AFCF15.d.C0E25FCCB4A319C2EE64E832F7C10D43.e.41/elements {'using': 'tag name', 'value': 'a'}
2025-12-03 08:14:07 [urllib3.connectionpool] DEBUG: http://localhost:62956 "POST /session/55d29d1754d9f82f296e52be9f989bc5/element/f.2D963D2E8DF8830D0AEB1349B2AFCF15.d.C0E25FCCB4A319C2EE64E832F7C10D43.e.41/elements HTTP/1.1" 200 0
2025-12-03 08:14:07 [selenium.webdriver.remote.remote_connection] DEBUG: Remote response: status=200 | data={"value":[{"element-6066-11e4-a52e-4f735466cecf":"f.2D963D2E8DF8830D0AEB1349B2AFCF15.d.C0E25FCCB4A319C2EE64E832F7C10D43.e.207"},{"element-6066-11e4-a52e-4f735466cecf":"f.2D963D2E8DF8830D0AEB1349B2AFCF15.d.C0E25FCCB4A319C2EE64E832F7C10D43.e.208"}]} | headers=HTTPHeaderDict({'Content-Length': '247', 'Content-Type': 'application/json; charset=utf-8', 'cache-control': 'no-cache'})
2025-12-03 08:14:07 [selenium.webdriver.remote.remote_connection] DEBUG: Finished Request
2025-12-03 08:14:07 [selenium.webdriver.remote.remote_connection] DEBUG: GET http://localhost:62956/session/55d29d1754d9f82f296e52be9f989bc5/element/f.2D963D2E8DF8830D0AEB1349B2AFCF15.d.C0E25FCCB4A319C2EE64E832F7C10D43.e.207/text {}
2025-12-03 08:14:07 [urllib3.connectionpool] DEBUG: http://localhost:62956 "GET /session/55d29d1754d9f82f296e52be9f989bc5/element/f.2D963D2E8DF8830D0AEB1349B2AFCF15.d.C0E25FCCB4A319C2EE64E832F7C10D43.e.207/text HTTP/1.1" 200 0
2025-12-03 08:14:07 [selenium.webdriver.remote.remote_connection] DEBUG: Remote response: status=200 | data={"value":"[양현재(BTL)] 난방(바닥) 가동 안내"} | headers=HTTPHeaderDict({'Content-Length': '57', 'Content-Type': 'application/json; charset=utf-8', 'cache-control': 'no-cache'})
2025-12-03 08:14:07 [selenium.webdriver.remote.remote_connection] DEBUG: Finished Request
2025-12-03 08:14:07 [selenium.webdriver.remote.remote_connection] DEBUG: POST http://localhost:62956/session/55d29d1754d9f82f296e52be9f989bc5/execute/sync {'script': '/* getAttribute */return (function(){return (function(){var d=this||self;function f(a,b){function c(...', 'args': [{'element-6066-11e4-a52e-4f735466cecf': 'f.2D963D2E8DF8830D0AEB1349B2AFCF15.d.C0E25FCCB4A319C2EE64E832F7C10D43.e.207'}, 'href']}
2025-12-03 08:14:07 [urllib3.connectionpool] DEBUG: http://localhost:62956 "POST /session/55d29d1754d9f82f296e52be9f989bc5/execute/sync HTTP/1.1" 200 0
2025-12-03 08:14:07 [selenium.webdriver.remote.remote_connection] DEBUG: Remote response: status=200 | data={"value":"https://dorm.chungbuk.ac.kr/home/sub.php?menukey=20039&mod=view&no=454178789&listCnt=20"} | headers=HTTPHeaderDict({'Content-Length': '99', 'Content-Type': 'application/json; charset=utf-8', 'cache-control': 'no-cache'})
2025-12-03 08:14:07 [selenium.webdriver.remote.remote_connection] DEBUG: Finished Request
2025-12-03 08:14:07 [selenium.webdriver.remote.remote_connection] DEBUG: POST http://localhost:62956/session/55d29d1754d9f82f296e52be9f989bc5/element/f.2D963D2E8DF8830D0AEB1349B2AFCF15.d.C0E25FCCB4A319C2EE64E832F7C10D43.e.42/elements {'using': 'tag name', 'value': 'td'}
2025-12-03 08:14:07 [urllib3.connectionpool] DEBUG: http://localhost:62956 "POST /session/55d29d1754d9f82f296e52be9f989bc5/element/f.2D963D2E8DF8830D0AEB1349B2AFCF15.d.C0E25FCCB4A319C2EE64E832F7C10D43.e.42/elements HTTP/1.1" 200 0
2025-12-03 08:14:07 [selenium.webdriver.remote.remote_connection] DEBUG: Remote response: status=200 | data={"value":[{"element-6066-11e4-a52e-4f735466cecf":"f.2D963D2E8DF8830D0AEB1349B2AFCF15.d.C0E25FCCB4A319C2EE64E832F7C10D43.e.209"},{"element-6066-11e4-a52e-4f735466cecf":"f.2D963D2E8DF8830D0AEB1349B2AFCF15.d.C0E25FCCB4A319C2EE64E832F7C10D43.e.210"},{"element-6066-11e4-a52e-4f735466cecf":"f.2D963D2E8DF8830D0AEB1349B2AFCF15.d.C0E25FCCB4A319C2EE64E832F7C10D43.e.211"},{"element-6066-11e4-a52e-4f735466cecf":"f.2D963D2E8DF8830D0AEB1349B2AFCF15.d.C0E25FCCB4A319C2EE64E832F7C10D43.e.212"},{"element-6066-11e4-a52e-4f735466cecf":"f.2D963D2E8DF8830D0AEB1349B2AFCF15.d.C0E25FCCB4A319C2EE64E832F7C10D43.e.213"},{"element-6066-11e4-a52e-4f735466cecf":"f.2D963D2E8DF8830D0AEB1349B2AFCF15.d.C0E25FCCB4A319C2EE64E832F7C10D43.e.214"}]} | headers=HTTPHeaderDict({'Content-Length': '719', 'Content-Type': 'application/json; charset=utf-8', 'cache-control': 'no-cache'})
2025-12-03 08:14:07 [selenium.webdriver.remote.remote_connection] DEBUG: Finished Request
2025-12-03 08:14:07 [selenium.webdriver.remote.remote_connection] DEBUG: POST http://localhost:62956/session/55d29d1754d9f82f296e52be9f989bc5/element/f.2D963D2E8DF8830D0AEB1349B2AFCF15.d.C0E25FCCB4A319C2EE64E832F7C10D43.e.42/elements {'using': 'tag name', 'value': 'a'}
2025-12-03 08:14:07 [urllib3.connectionpool] DEBUG: http://localhost:62956 "POST /session/55d29d1754d9f82f296e52be9f989bc5/element/f.2D963D2E8DF8830D0AEB1349B2AFCF15.d.C0E25FCCB4A319C2EE64E832F7C10D43.e.42/elements HTTP/1.1" 200 0
2025-12-03 08:14:07 [selenium.webdriver.remote.remote_connection] DEBUG: Remote response: status=200 | data={"value":[{"element-6066-11e4-a52e-4f735466cecf":"f.2D963D2E8DF8830D0AEB1349B2AFCF15.d.C0E25FCCB4A319C2EE64E832F7C10D43.e.215"}]} | headers=HTTPHeaderDict({'Content-Length': '129', 'Content-Type': 'application/json; charset=utf-8', 'cache-control': 'no-cache'})
2025-12-03 08:14:07 [selenium.webdriver.remote.remote_connection] DEBUG: Finished Request
2025-12-03 08:14:07 [selenium.webdriver.remote.remote_connection] DEBUG: GET http://localhost:62956/session/55d29d1754d9f82f296e52be9f989bc5/element/f.2D963D2E8DF8830D0AEB1349B2AFCF15.d.C0E25FCCB4A319C2EE64E832F7C10D43.e.215/text {}
2025-12-03 08:14:07 [urllib3.connectionpool] DEBUG: http://localhost:62956 "GET /session/55d29d1754d9f82f296e52be9f989bc5/element/f.2D963D2E8DF8830D0AEB1349B2AFCF15.d.C0E25FCCB4A319C2EE64E832F7C10D43.e.215/text HTTP/1.1" 200 0
2025-12-03 08:14:07 [selenium.webdriver.remote.remote_connection] DEBUG: Remote response: status=200 | data={"value":"학생생활관 본관 계영원(난방, 온수) 정전 안내"} | headers=HTTPHeaderDict({'Content-Length': '74', 'Content-Type': 'application/json; charset=utf-8', 'cache-control': 'no-cache'})
2025-12-03 08:14:07 [selenium.webdriver.remote.remote_connection] DEBUG: Finished Request
2025-12-03 08:14:07 [selenium.webdriver.remote.remote_connection] DEBUG: POST http://localhost:62956/session/55d29d1754d9f82f296e52be9f989bc5/execute/sync {'script': '/* getAttribute */return (function(){return (function(){var d=this||self;function f(a,b){function c(...', 'args': [{'element-6066-11e4-a52e-4f735466cecf': 'f.2D963D2E8DF8830D0AEB1349B2AFCF15.d.C0E25FCCB4A319C2EE64E832F7C10D43.e.215'}, 'href']}
2025-12-03 08:14:07 [urllib3.connectionpool] DEBUG: http://localhost:62956 "POST /session/55d29d1754d9f82f296e52be9f989bc5/execute/sync HTTP/1.1" 200 0
2025-12-03 08:14:07 [selenium.webdriver.remote.remote_connection] DEBUG: Remote response: status=200 | data={"value":"https://dorm.chungbuk.ac.kr/home/sub.php?menukey=20039&mod=view&no=454178788&listCnt=20"} | headers=HTTPHeaderDict({'Content-Length': '99', 'Content-Type': 'application/json; charset=utf-8', 'cache-control': 'no-cache'})
2025-12-03 08:14:07 [selenium.webdriver.remote.remote_connection] DEBUG: Finished Request
2025-12-03 08:14:07 [selenium.webdriver.remote.remote_connection] DEBUG: POST http://localhost:62956/session/55d29d1754d9f82f296e52be9f989bc5/element/f.2D963D2E8DF8830D0AEB1349B2AFCF15.d.C0E25FCCB4A319C2EE64E832F7C10D43.e.43/elements {'using': 'tag name', 'value': 'td'}
2025-12-03 08:14:07 [urllib3.connectionpool] DEBUG: http://localhost:62956 "POST /session/55d29d1754d9f82f296e52be9f989bc5/element/f.2D963D2E8DF8830D0AEB1349B2AFCF15.d.C0E25FCCB4A319C2EE64E832F7C10D43.e.43/elements HTTP/1.1" 200 0
2025-12-03 08:14:07 [selenium.webdriver.remote.remote_connection] DEBUG: Remote response: status=200 | data={"value":[{"element-6066-11e4-a52e-4f735466cecf":"f.2D963D2E8DF8830D0AEB1349B2AFCF15.d.C0E25FCCB4A319C2EE64E832F7C10D43.e.216"},{"element-6066-11e4-a52e-4f735466cecf":"f.2D963D2E8DF8830D0AEB1349B2AFCF15.d.C0E25FCCB4A319C2EE64E832F7C10D43.e.217"},{"element-6066-11e4-a52e-4f735466cecf":"f.2D963D2E8DF8830D0AEB1349B2AFCF15.d.C0E25FCCB4A319C2EE64E832F7C10D43.e.218"},{"element-6066-11e4-a52e-4f735466cecf":"f.2D963D2E8DF8830D0AEB1349B2AFCF15.d.C0E25FCCB4A319C2EE64E832F7C10D43.e.219"},{"element-6066-11e4-a52e-4f735466cecf":"f.2D963D2E8DF8830D0AEB1349B2AFCF15.d.C0E25FCCB4A319C2EE64E832F7C10D43.e.220"},{"element-6066-11e4-a52e-4f735466cecf":"f.2D963D2E8DF8830D0AEB1349B2AFCF15.d.C0E25FCCB4A319C2EE64E832F7C10D43.e.221"}]} | headers=HTTPHeaderDict({'Content-Length': '719', 'Content-Type': 'application/json; charset=utf-8', 'cache-control': 'no-cache'})
2025-12-03 08:14:07 [selenium.webdriver.remote.remote_connection] DEBUG: Finished Request
2025-12-03 08:14:07 [selenium.webdriver.remote.remote_connection] DEBUG: POST http://localhost:62956/session/55d29d1754d9f82f296e52be9f989bc5/element/f.2D963D2E8DF8830D0AEB1349B2AFCF15.d.C0E25FCCB4A319C2EE64E832F7C10D43.e.43/elements {'using': 'tag name', 'value': 'a'}
2025-12-03 08:14:07 [urllib3.connectionpool] DEBUG: http://localhost:62956 "POST /session/55d29d1754d9f82f296e52be9f989bc5/element/f.2D963D2E8DF8830D0AEB1349B2AFCF15.d.C0E25FCCB4A319C2EE64E832F7C10D43.e.43/elements HTTP/1.1" 200 0
2025-12-03 08:14:07 [selenium.webdriver.remote.remote_connection] DEBUG: Remote response: status=200 | data={"value":[{"element-6066-11e4-a52e-4f735466cecf":"f.2D963D2E8DF8830D0AEB1349B2AFCF15.d.C0E25FCCB4A319C2EE64E832F7C10D43.e.222"}]} | headers=HTTPHeaderDict({'Content-Length': '129', 'Content-Type': 'application/json; charset=utf-8', 'cache-control': 'no-cache'})
2025-12-03 08:14:07 [selenium.webdriver.remote.remote_connection] DEBUG: Finished Request
2025-12-03 08:14:07 [selenium.webdriver.remote.remote_connection] DEBUG: GET http://localhost:62956/session/55d29d1754d9f82f296e52be9f989bc5/element/f.2D963D2E8DF8830D0AEB1349B2AFCF15.d.C0E25FCCB4A319C2EE64E832F7C10D43.e.222/text {}
2025-12-03 08:14:07 [urllib3.connectionpool] DEBUG: http://localhost:62956 "GET /session/55d29d1754d9f82f296e52be9f989bc5/element/f.2D963D2E8DF8830D0AEB1349B2AFCF15.d.C0E25FCCB4A319C2EE64E832F7C10D43.e.222/text HTTP/1.1" 200 0
2025-12-03 08:14:07 [selenium.webdriver.remote.remote_connection] DEBUG: Remote response: status=200 | data={"value":"2025학년도 2학기 교육실습생 식비 반환 신청 안내"} | headers=HTTPHeaderDict({'Content-Length': '77', 'Content-Type': 'application/json; charset=utf-8', 'cache-control': 'no-cache'})
2025-12-03 08:14:07 [selenium.webdriver.remote.remote_connection] DEBUG: Finished Request
2025-12-03 08:14:07 [selenium.webdriver.remote.remote_connection] DEBUG: POST http://localhost:62956/session/55d29d1754d9f82f296e52be9f989bc5/execute/sync {'script': '/* getAttribute */return (function(){return (function(){var d=this||self;function f(a,b){function c(...', 'args': [{'element-6066-11e4-a52e-4f735466cecf': 'f.2D963D2E8DF8830D0AEB1349B2AFCF15.d.C0E25FCCB4A319C2EE64E832F7C10D43.e.222'}, 'href']}
2025-12-03 08:14:07 [urllib3.connectionpool] DEBUG: http://localhost:62956 "POST /session/55d29d1754d9f82f296e52be9f989bc5/execute/sync HTTP/1.1" 200 0
2025-12-03 08:14:07 [selenium.webdriver.remote.remote_connection] DEBUG: Remote response: status=200 | data={"value":"https://dorm.chungbuk.ac.kr/home/sub.php?menukey=20039&mod=view&no=454178786&listCnt=20"} | headers=HTTPHeaderDict({'Content-Length': '99', 'Content-Type': 'application/json; charset=utf-8', 'cache-control': 'no-cache'})
2025-12-03 08:14:07 [selenium.webdriver.remote.remote_connection] DEBUG: Finished Request
2025-12-03 08:14:07 [selenium.webdriver.remote.remote_connection] DEBUG: POST http://localhost:62956/session/55d29d1754d9f82f296e52be9f989bc5/element/f.2D963D2E8DF8830D0AEB1349B2AFCF15.d.C0E25FCCB4A319C2EE64E832F7C10D43.e.44/elements {'using': 'tag name', 'value': 'td'}
2025-12-03 08:14:07 [urllib3.connectionpool] DEBUG: http://localhost:62956 "POST /session/55d29d1754d9f82f296e52be9f989bc5/element/f.2D963D2E8DF8830D0AEB1349B2AFCF15.d.C0E25FCCB4A319C2EE64E832F7C10D43.e.44/elements HTTP/1.1" 200 0
2025-12-03 08:14:07 [selenium.webdriver.remote.remote_connection] DEBUG: Remote response: status=200 | data={"value":[{"element-6066-11e4-a52e-4f735466cecf":"f.2D963D2E8DF8830D0AEB1349B2AFCF15.d.C0E25FCCB4A319C2EE64E832F7C10D43.e.223"},{"element-6066-11e4-a52e-4f735466cecf":"f.2D963D2E8DF8830D0AEB1349B2AFCF15.d.C0E25FCCB4A319C2EE64E832F7C10D43.e.224"},{"element-6066-11e4-a52e-4f735466cecf":"f.2D963D2E8DF8830D0AEB1349B2AFCF15.d.C0E25FCCB4A319C2EE64E832F7C10D43.e.225"},{"element-6066-11e4-a52e-4f735466cecf":"f.2D963D2E8DF8830D0AEB1349B2AFCF15.d.C0E25FCCB4A319C2EE64E832F7C10D43.e.226"},{"element-6066-11e4-a52e-4f735466cecf":"f.2D963D2E8DF8830D0AEB1349B2AFCF15.d.C0E25FCCB4A319C2EE64E832F7C10D43.e.227"},{"element-6066-11e4-a52e-4f735466cecf":"f.2D963D2E8DF8830D0AEB1349B2AFCF15.d.C0E25FCCB4A319C2EE64E832F7C10D43.e.228"}]} | headers=HTTPHeaderDict({'Content-Length': '719', 'Content-Type': 'application/json; charset=utf-8', 'cache-control': 'no-cache'})
2025-12-03 08:14:07 [selenium.webdriver.remote.remote_connection] DEBUG: Finished Request
2025-12-03 08:14:07 [selenium.webdriver.remote.remote_connection] DEBUG: POST http://localhost:62956/session/55d29d1754d9f82f296e52be9f989bc5/element/f.2D963D2E8DF8830D0AEB1349B2AFCF15.d.C0E25FCCB4A319C2EE64E832F7C10D43.e.44/elements {'using': 'tag name', 'value': 'a'}
2025-12-03 08:14:07 [urllib3.connectionpool] DEBUG: http://localhost:62956 "POST /session/55d29d1754d9f82f296e52be9f989bc5/element/f.2D963D2E8DF8830D0AEB1349B2AFCF15.d.C0E25FCCB4A319C2EE64E832F7C10D43.e.44/elements HTTP/1.1" 200 0
2025-12-03 08:14:07 [selenium.webdriver.remote.remote_connection] DEBUG: Remote response: status=200 | data={"value":[{"element-6066-11e4-a52e-4f735466cecf":"f.2D963D2E8DF8830D0AEB1349B2AFCF15.d.C0E25FCCB4A319C2EE64E832F7C10D43.e.229"}]} | headers=HTTPHeaderDict({'Content-Length': '129', 'Content-Type': 'application/json; charset=utf-8', 'cache-control': 'no-cache'})
2025-12-03 08:14:07 [selenium.webdriver.remote.remote_connection] DEBUG: Finished Request
2025-12-03 08:14:07 [selenium.webdriver.remote.remote_connection] DEBUG: GET http://localhost:62956/session/55d29d1754d9f82f296e52be9f989bc5/element/f.2D963D2E8DF8830D0AEB1349B2AFCF15.d.C0E25FCCB4A319C2EE64E832F7C10D43.e.229/text {}
2025-12-03 08:14:07 [urllib3.connectionpool] DEBUG: http://localhost:62956 "GET /session/55d29d1754d9f82f296e52be9f989bc5/element/f.2D963D2E8DF8830D0AEB1349B2AFCF15.d.C0E25FCCB4A319C2EE64E832F7C10D43.e.229/text HTTP/1.1" 200 0
2025-12-03 08:14:07 [selenium.webdriver.remote.remote_connection] DEBUG: Remote response: status=200 | data={"value":"[양성재] 난방 공급 및 에어컨 가동 중단 안내"} | headers=HTTPHeaderDict({'Content-Length': '72', 'Content-Type': 'application/json; charset=utf-8', 'cache-control': 'no-cache'})
2025-12-03 08:14:07 [selenium.webdriver.remote.remote_connection] DEBUG: Finished Request
2025-12-03 08:14:07 [selenium.webdriver.remote.remote_connection] DEBUG: POST http://localhost:62956/session/55d29d1754d9f82f296e52be9f989bc5/execute/sync {'script': '/* getAttribute */return (function(){return (function(){var d=this||self;function f(a,b){function c(...', 'args': [{'element-6066-11e4-a52e-4f735466cecf': 'f.2D963D2E8DF8830D0AEB1349B2AFCF15.d.C0E25FCCB4A319C2EE64E832F7C10D43.e.229'}, 'href']}
2025-12-03 08:14:07 [urllib3.connectionpool] DEBUG: http://localhost:62956 "POST /session/55d29d1754d9f82f296e52be9f989bc5/execute/sync HTTP/1.1" 200 0
2025-12-03 08:14:07 [selenium.webdriver.remote.remote_connection] DEBUG: Remote response: status=200 | data={"value":"https://dorm.chungbuk.ac.kr/home/sub.php?menukey=20039&mod=view&no=454178785&listCnt=20"} | headers=HTTPHeaderDict({'Content-Length': '99', 'Content-Type': 'application/json; charset=utf-8', 'cache-control': 'no-cache'})
2025-12-03 08:14:07 [selenium.webdriver.remote.remote_connection] DEBUG: Finished Request
2025-12-03 08:14:07 [selenium.webdriver.remote.remote_connection] DEBUG: POST http://localhost:62956/session/55d29d1754d9f82f296e52be9f989bc5/element/f.2D963D2E8DF8830D0AEB1349B2AFCF15.d.C0E25FCCB4A319C2EE64E832F7C10D43.e.45/elements {'using': 'tag name', 'value': 'td'}
2025-12-03 08:14:07 [urllib3.connectionpool] DEBUG: http://localhost:62956 "POST /session/55d29d1754d9f82f296e52be9f989bc5/element/f.2D963D2E8DF8830D0AEB1349B2AFCF15.d.C0E25FCCB4A319C2EE64E832F7C10D43.e.45/elements HTTP/1.1" 200 0
2025-12-03 08:14:07 [selenium.webdriver.remote.remote_connection] DEBUG: Remote response: status=200 | data={"value":[{"element-6066-11e4-a52e-4f735466cecf":"f.2D963D2E8DF8830D0AEB1349B2AFCF15.d.C0E25FCCB4A319C2EE64E832F7C10D43.e.230"},{"element-6066-11e4-a52e-4f735466cecf":"f.2D963D2E8DF8830D0AEB1349B2AFCF15.d.C0E25FCCB4A319C2EE64E832F7C10D43.e.231"},{"element-6066-11e4-a52e-4f735466cecf":"f.2D963D2E8DF8830D0AEB1349B2AFCF15.d.C0E25FCCB4A319C2EE64E832F7C10D43.e.232"},{"element-6066-11e4-a52e-4f735466cecf":"f.2D963D2E8DF8830D0AEB1349B2AFCF15.d.C0E25FCCB4A319C2EE64E832F7C10D43.e.233"},{"element-6066-11e4-a52e-4f735466cecf":"f.2D963D2E8DF8830D0AEB1349B2AFCF15.d.C0E25FCCB4A319C2EE64E832F7C10D43.e.234"},{"element-6066-11e4-a52e-4f735466cecf":"f.2D963D2E8DF8830D0AEB1349B2AFCF15.d.C0E25FCCB4A319C2EE64E832F7C10D43.e.235"}]} | headers=HTTPHeaderDict({'Content-Length': '719', 'Content-Type': 'application/json; charset=utf-8', 'cache-control': 'no-cache'})
2025-12-03 08:14:07 [selenium.webdriver.remote.remote_connection] DEBUG: Finished Request
2025-12-03 08:14:07 [selenium.webdriver.remote.remote_connection] DEBUG: POST http://localhost:62956/session/55d29d1754d9f82f296e52be9f989bc5/element/f.2D963D2E8DF8830D0AEB1349B2AFCF15.d.C0E25FCCB4A319C2EE64E832F7C10D43.e.45/elements {'using': 'tag name', 'value': 'a'}
2025-12-03 08:14:07 [urllib3.connectionpool] DEBUG: http://localhost:62956 "POST /session/55d29d1754d9f82f296e52be9f989bc5/element/f.2D963D2E8DF8830D0AEB1349B2AFCF15.d.C0E25FCCB4A319C2EE64E832F7C10D43.e.45/elements HTTP/1.1" 200 0
2025-12-03 08:14:07 [selenium.webdriver.remote.remote_connection] DEBUG: Remote response: status=200 | data={"value":[{"element-6066-11e4-a52e-4f735466cecf":"f.2D963D2E8DF8830D0AEB1349B2AFCF15.d.C0E25FCCB4A319C2EE64E832F7C10D43.e.236"},{"element-6066-11e4-a52e-4f735466cecf":"f.2D963D2E8DF8830D0AEB1349B2AFCF15.d.C0E25FCCB4A319C2EE64E832F7C10D43.e.237"},{"element-6066-11e4-a52e-4f735466cecf":"f.2D963D2E8DF8830D0AEB1349B2AFCF15.d.C0E25FCCB4A319C2EE64E832F7C10D43.e.238"}]} | headers=HTTPHeaderDict({'Content-Length': '365', 'Content-Type': 'application/json; charset=utf-8', 'cache-control': 'no-cache'})
2025-12-03 08:14:07 [selenium.webdriver.remote.remote_connection] DEBUG: Finished Request
2025-12-03 08:14:07 [selenium.webdriver.remote.remote_connection] DEBUG: GET http://localhost:62956/session/55d29d1754d9f82f296e52be9f989bc5/element/f.2D963D2E8DF8830D0AEB1349B2AFCF15.d.C0E25FCCB4A319C2EE64E832F7C10D43.e.236/text {}
2025-12-03 08:14:07 [urllib3.connectionpool] DEBUG: http://localhost:62956 "GET /session/55d29d1754d9f82f296e52be9f989bc5/element/f.2D963D2E8DF8830D0AEB1349B2AFCF15.d.C0E25FCCB4A319C2EE64E832F7C10D43.e.236/text HTTP/1.1" 200 0
2025-12-03 08:14:07 [selenium.webdriver.remote.remote_connection] DEBUG: Remote response: status=200 | data={"value":"학생생활관(BTL-양성재.양진재) 관생실 내 화장실 및 샤워실 청소 안내"} | headers=HTTPHeaderDict({'Content-Length': '104', 'Content-Type': 'application/json; charset=utf-8', 'cache-control': 'no-cache'})
2025-12-03 08:14:07 [selenium.webdriver.remote.remote_connection] DEBUG: Finished Request
2025-12-03 08:14:07 [selenium.webdriver.remote.remote_connection] DEBUG: POST http://localhost:62956/session/55d29d1754d9f82f296e52be9f989bc5/execute/sync {'script': '/* getAttribute */return (function(){return (function(){var d=this||self;function f(a,b){function c(...', 'args': [{'element-6066-11e4-a52e-4f735466cecf': 'f.2D963D2E8DF8830D0AEB1349B2AFCF15.d.C0E25FCCB4A319C2EE64E832F7C10D43.e.236'}, 'href']}
2025-12-03 08:14:07 [urllib3.connectionpool] DEBUG: http://localhost:62956 "POST /session/55d29d1754d9f82f296e52be9f989bc5/execute/sync HTTP/1.1" 200 0
2025-12-03 08:14:07 [selenium.webdriver.remote.remote_connection] DEBUG: Remote response: status=200 | data={"value":"https://dorm.chungbuk.ac.kr/home/sub.php?menukey=20039&mod=view&no=454178783&listCnt=20"} | headers=HTTPHeaderDict({'Content-Length': '99', 'Content-Type': 'application/json; charset=utf-8', 'cache-control': 'no-cache'})
2025-12-03 08:14:07 [selenium.webdriver.remote.remote_connection] DEBUG: Finished Request
2025-12-03 08:14:07 [selenium.webdriver.remote.remote_connection] DEBUG: POST http://localhost:62956/session/55d29d1754d9f82f296e52be9f989bc5/element/f.2D963D2E8DF8830D0AEB1349B2AFCF15.d.C0E25FCCB4A319C2EE64E832F7C10D43.e.46/elements {'using': 'tag name', 'value': 'td'}
2025-12-03 08:14:07 [urllib3.connectionpool] DEBUG: http://localhost:62956 "POST /session/55d29d1754d9f82f296e52be9f989bc5/element/f.2D963D2E8DF8830D0AEB1349B2AFCF15.d.C0E25FCCB4A319C2EE64E832F7C10D43.e.46/elements HTTP/1.1" 200 0
2025-12-03 08:14:07 [selenium.webdriver.remote.remote_connection] DEBUG: Remote response: status=200 | data={"value":[{"element-6066-11e4-a52e-4f735466cecf":"f.2D963D2E8DF8830D0AEB1349B2AFCF15.d.C0E25FCCB4A319C2EE64E832F7C10D43.e.239"},{"element-6066-11e4-a52e-4f735466cecf":"f.2D963D2E8DF8830D0AEB1349B2AFCF15.d.C0E25FCCB4A319C2EE64E832F7C10D43.e.240"},{"element-6066-11e4-a52e-4f735466cecf":"f.2D963D2E8DF8830D0AEB1349B2AFCF15.d.C0E25FCCB4A319C2EE64E832F7C10D43.e.241"},{"element-6066-11e4-a52e-4f735466cecf":"f.2D963D2E8DF8830D0AEB1349B2AFCF15.d.C0E25FCCB4A319C2EE64E832F7C10D43.e.242"},{"element-6066-11e4-a52e-4f735466cecf":"f.2D963D2E8DF8830D0AEB1349B2AFCF15.d.C0E25FCCB4A319C2EE64E832F7C10D43.e.243"},{"element-6066-11e4-a52e-4f735466cecf":"f.2D963D2E8DF8830D0AEB1349B2AFCF15.d.C0E25FCCB4A319C2EE64E832F7C10D43.e.244"}]} | headers=HTTPHeaderDict({'Content-Length': '719', 'Content-Type': 'application/json; charset=utf-8', 'cache-control': 'no-cache'})
2025-12-03 08:14:07 [selenium.webdriver.remote.remote_connection] DEBUG: Finished Request
2025-12-03 08:14:07 [selenium.webdriver.remote.remote_connection] DEBUG: POST http://localhost:62956/session/55d29d1754d9f82f296e52be9f989bc5/element/f.2D963D2E8DF8830D0AEB1349B2AFCF15.d.C0E25FCCB4A319C2EE64E832F7C10D43.e.46/elements {'using': 'tag name', 'value': 'a'}
2025-12-03 08:14:07 [urllib3.connectionpool] DEBUG: http://localhost:62956 "POST /session/55d29d1754d9f82f296e52be9f989bc5/element/f.2D963D2E8DF8830D0AEB1349B2AFCF15.d.C0E25FCCB4A319C2EE64E832F7C10D43.e.46/elements HTTP/1.1" 200 0
2025-12-03 08:14:07 [selenium.webdriver.remote.remote_connection] DEBUG: Remote response: status=200 | data={"value":[{"element-6066-11e4-a52e-4f735466cecf":"f.2D963D2E8DF8830D0AEB1349B2AFCF15.d.C0E25FCCB4A319C2EE64E832F7C10D43.e.245"}]} | headers=HTTPHeaderDict({'Content-Length': '129', 'Content-Type': 'application/json; charset=utf-8', 'cache-control': 'no-cache'})
2025-12-03 08:14:07 [selenium.webdriver.remote.remote_connection] DEBUG: Finished Request
2025-12-03 08:14:07 [selenium.webdriver.remote.remote_connection] DEBUG: GET http://localhost:62956/session/55d29d1754d9f82f296e52be9f989bc5/element/f.2D963D2E8DF8830D0AEB1349B2AFCF15.d.C0E25FCCB4A319C2EE64E832F7C10D43.e.245/text {}
2025-12-03 08:14:07 [urllib3.connectionpool] DEBUG: http://localhost:62956 "GET /session/55d29d1754d9f82f296e52be9f989bc5/element/f.2D963D2E8DF8830D0AEB1349B2AFCF15.d.C0E25FCCB4A319C2EE64E832F7C10D43.e.245/text HTTP/1.1" 200 0
2025-12-03 08:14:07 [selenium.webdriver.remote.remote_connection] DEBUG: Remote response: status=200 | data={"value":"학생생활관 본관 관리동(식당 포함) 정전 안내"} | headers=HTTPHeaderDict({'Content-Length': '73', 'Content-Type': 'application/json; charset=utf-8', 'cache-control': 'no-cache'})
2025-12-03 08:14:07 [selenium.webdriver.remote.remote_connection] DEBUG: Finished Request
2025-12-03 08:14:07 [selenium.webdriver.remote.remote_connection] DEBUG: POST http://localhost:62956/session/55d29d1754d9f82f296e52be9f989bc5/execute/sync {'script': '/* getAttribute */return (function(){return (function(){var d=this||self;function f(a,b){function c(...', 'args': [{'element-6066-11e4-a52e-4f735466cecf': 'f.2D963D2E8DF8830D0AEB1349B2AFCF15.d.C0E25FCCB4A319C2EE64E832F7C10D43.e.245'}, 'href']}
2025-12-03 08:14:07 [urllib3.connectionpool] DEBUG: http://localhost:62956 "POST /session/55d29d1754d9f82f296e52be9f989bc5/execute/sync HTTP/1.1" 200 0
2025-12-03 08:14:07 [selenium.webdriver.remote.remote_connection] DEBUG: Remote response: status=200 | data={"value":"https://dorm.chungbuk.ac.kr/home/sub.php?menukey=20039&mod=view&no=454178782&listCnt=20"} | headers=HTTPHeaderDict({'Content-Length': '99', 'Content-Type': 'application/json; charset=utf-8', 'cache-control': 'no-cache'})
2025-12-03 08:14:07 [selenium.webdriver.remote.remote_connection] DEBUG: Finished Request
2025-12-03 08:14:07 [selenium.webdriver.remote.remote_connection] DEBUG: POST http://localhost:62956/session/55d29d1754d9f82f296e52be9f989bc5/element/f.2D963D2E8DF8830D0AEB1349B2AFCF15.d.C0E25FCCB4A319C2EE64E832F7C10D43.e.47/elements {'using': 'tag name', 'value': 'td'}
2025-12-03 08:14:07 [urllib3.connectionpool] DEBUG: http://localhost:62956 "POST /session/55d29d1754d9f82f296e52be9f989bc5/element/f.2D963D2E8DF8830D0AEB1349B2AFCF15.d.C0E25FCCB4A319C2EE64E832F7C10D43.e.47/elements HTTP/1.1" 200 0
2025-12-03 08:14:07 [selenium.webdriver.remote.remote_connection] DEBUG: Remote response: status=200 | data={"value":[{"element-6066-11e4-a52e-4f735466cecf":"f.2D963D2E8DF8830D0AEB1349B2AFCF15.d.C0E25FCCB4A319C2EE64E832F7C10D43.e.246"},{"element-6066-11e4-a52e-4f735466cecf":"f.2D963D2E8DF8830D0AEB1349B2AFCF15.d.C0E25FCCB4A319C2EE64E832F7C10D43.e.247"},{"element-6066-11e4-a52e-4f735466cecf":"f.2D963D2E8DF8830D0AEB1349B2AFCF15.d.C0E25FCCB4A319C2EE64E832F7C10D43.e.248"},{"element-6066-11e4-a52e-4f735466cecf":"f.2D963D2E8DF8830D0AEB1349B2AFCF15.d.C0E25FCCB4A319C2EE64E832F7C10D43.e.249"},{"element-6066-11e4-a52e-4f735466cecf":"f.2D963D2E8DF8830D0AEB1349B2AFCF15.d.C0E25FCCB4A319C2EE64E832F7C10D43.e.250"},{"element-6066-11e4-a52e-4f735466cecf":"f.2D963D2E8DF8830D0AEB1349B2AFCF15.d.C0E25FCCB4A319C2EE64E832F7C10D43.e.251"}]} | headers=HTTPHeaderDict({'Content-Length': '719', 'Content-Type': 'application/json; charset=utf-8', 'cache-control': 'no-cache'})
2025-12-03 08:14:07 [selenium.webdriver.remote.remote_connection] DEBUG: Finished Request
2025-12-03 08:14:07 [selenium.webdriver.remote.remote_connection] DEBUG: POST http://localhost:62956/session/55d29d1754d9f82f296e52be9f989bc5/element/f.2D963D2E8DF8830D0AEB1349B2AFCF15.d.C0E25FCCB4A319C2EE64E832F7C10D43.e.47/elements {'using': 'tag name', 'value': 'a'}
2025-12-03 08:14:07 [urllib3.connectionpool] DEBUG: http://localhost:62956 "POST /session/55d29d1754d9f82f296e52be9f989bc5/element/f.2D963D2E8DF8830D0AEB1349B2AFCF15.d.C0E25FCCB4A319C2EE64E832F7C10D43.e.47/elements HTTP/1.1" 200 0
2025-12-03 08:14:07 [selenium.webdriver.remote.remote_connection] DEBUG: Remote response: status=200 | data={"value":[{"element-6066-11e4-a52e-4f735466cecf":"f.2D963D2E8DF8830D0AEB1349B2AFCF15.d.C0E25FCCB4A319C2EE64E832F7C10D43.e.252"}]} | headers=HTTPHeaderDict({'Content-Length': '129', 'Content-Type': 'application/json; charset=utf-8', 'cache-control': 'no-cache'})
2025-12-03 08:14:07 [selenium.webdriver.remote.remote_connection] DEBUG: Finished Request
2025-12-03 08:14:07 [selenium.webdriver.remote.remote_connection] DEBUG: GET http://localhost:62956/session/55d29d1754d9f82f296e52be9f989bc5/element/f.2D963D2E8DF8830D0AEB1349B2AFCF15.d.C0E25FCCB4A319C2EE64E832F7C10D43.e.252/text {}
2025-12-03 08:14:07 [urllib3.connectionpool] DEBUG: http://localhost:62956 "GET /session/55d29d1754d9f82f296e52be9f989bc5/element/f.2D963D2E8DF8830D0AEB1349B2AFCF15.d.C0E25FCCB4A319C2EE64E832F7C10D43.e.252/text HTTP/1.1" 200 0
2025-12-03 08:14:07 [selenium.webdriver.remote.remote_connection] DEBUG: Remote response: status=200 | data={"value":"인구주택총조사 참여 방법 안내"} | headers=HTTPHeaderDict({'Content-Length': '54', 'Content-Type': 'application/json; charset=utf-8', 'cache-control': 'no-cache'})
2025-12-03 08:14:07 [selenium.webdriver.remote.remote_connection] DEBUG: Finished Request
2025-12-03 08:14:07 [selenium.webdriver.remote.remote_connection] DEBUG: POST http://localhost:62956/session/55d29d1754d9f82f296e52be9f989bc5/execute/sync {'script': '/* getAttribute */return (function(){return (function(){var d=this||self;function f(a,b){function c(...', 'args': [{'element-6066-11e4-a52e-4f735466cecf': 'f.2D963D2E8DF8830D0AEB1349B2AFCF15.d.C0E25FCCB4A319C2EE64E832F7C10D43.e.252'}, 'href']}
2025-12-03 08:14:07 [urllib3.connectionpool] DEBUG: http://localhost:62956 "POST /session/55d29d1754d9f82f296e52be9f989bc5/execute/sync HTTP/1.1" 200 0
2025-12-03 08:14:07 [selenium.webdriver.remote.remote_connection] DEBUG: Remote response: status=200 | data={"value":"https://dorm.chungbuk.ac.kr/home/sub.php?menukey=20039&mod=view&no=454178781&listCnt=20"} | headers=HTTPHeaderDict({'Content-Length': '99', 'Content-Type': 'application/json; charset=utf-8', 'cache-control': 'no-cache'})
2025-12-03 08:14:07 [selenium.webdriver.remote.remote_connection] DEBUG: Finished Request
2025-12-03 08:14:07 [selenium.webdriver.remote.remote_connection] DEBUG: POST http://localhost:62956/session/55d29d1754d9f82f296e52be9f989bc5/element/f.2D963D2E8DF8830D0AEB1349B2AFCF15.d.C0E25FCCB4A319C2EE64E832F7C10D43.e.48/elements {'using': 'tag name', 'value': 'td'}
2025-12-03 08:14:07 [urllib3.connectionpool] DEBUG: http://localhost:62956 "POST /session/55d29d1754d9f82f296e52be9f989bc5/element/f.2D963D2E8DF8830D0AEB1349B2AFCF15.d.C0E25FCCB4A319C2EE64E832F7C10D43.e.48/elements HTTP/1.1" 200 0
2025-12-03 08:14:07 [selenium.webdriver.remote.remote_connection] DEBUG: Remote response: status=200 | data={"value":[{"element-6066-11e4-a52e-4f735466cecf":"f.2D963D2E8DF8830D0AEB1349B2AFCF15.d.C0E25FCCB4A319C2EE64E832F7C10D43.e.253"},{"element-6066-11e4-a52e-4f735466cecf":"f.2D963D2E8DF8830D0AEB1349B2AFCF15.d.C0E25FCCB4A319C2EE64E832F7C10D43.e.254"},{"element-6066-11e4-a52e-4f735466cecf":"f.2D963D2E8DF8830D0AEB1349B2AFCF15.d.C0E25FCCB4A319C2EE64E832F7C10D43.e.255"},{"element-6066-11e4-a52e-4f735466cecf":"f.2D963D2E8DF8830D0AEB1349B2AFCF15.d.C0E25FCCB4A319C2EE64E832F7C10D43.e.256"},{"element-6066-11e4-a52e-4f735466cecf":"f.2D963D2E8DF8830D0AEB1349B2AFCF15.d.C0E25FCCB4A319C2EE64E832F7C10D43.e.257"},{"element-6066-11e4-a52e-4f735466cecf":"f.2D963D2E8DF8830D0AEB1349B2AFCF15.d.C0E25FCCB4A319C2EE64E832F7C10D43.e.258"}]} | headers=HTTPHeaderDict({'Content-Length': '719', 'Content-Type': 'application/json; charset=utf-8', 'cache-control': 'no-cache'})
2025-12-03 08:14:07 [selenium.webdriver.remote.remote_connection] DEBUG: Finished Request
2025-12-03 08:14:07 [selenium.webdriver.remote.remote_connection] DEBUG: POST http://localhost:62956/session/55d29d1754d9f82f296e52be9f989bc5/element/f.2D963D2E8DF8830D0AEB1349B2AFCF15.d.C0E25FCCB4A319C2EE64E832F7C10D43.e.48/elements {'using': 'tag name', 'value': 'a'}
2025-12-03 08:14:07 [urllib3.connectionpool] DEBUG: http://localhost:62956 "POST /session/55d29d1754d9f82f296e52be9f989bc5/element/f.2D963D2E8DF8830D0AEB1349B2AFCF15.d.C0E25FCCB4A319C2EE64E832F7C10D43.e.48/elements HTTP/1.1" 200 0
2025-12-03 08:14:07 [selenium.webdriver.remote.remote_connection] DEBUG: Remote response: status=200 | data={"value":[{"element-6066-11e4-a52e-4f735466cecf":"f.2D963D2E8DF8830D0AEB1349B2AFCF15.d.C0E25FCCB4A319C2EE64E832F7C10D43.e.259"},{"element-6066-11e4-a52e-4f735466cecf":"f.2D963D2E8DF8830D0AEB1349B2AFCF15.d.C0E25FCCB4A319C2EE64E832F7C10D43.e.260"},{"element-6066-11e4-a52e-4f735466cecf":"f.2D963D2E8DF8830D0AEB1349B2AFCF15.d.C0E25FCCB4A319C2EE64E832F7C10D43.e.261"}]} | headers=HTTPHeaderDict({'Content-Length': '365', 'Content-Type': 'application/json; charset=utf-8', 'cache-control': 'no-cache'})
2025-12-03 08:14:07 [selenium.webdriver.remote.remote_connection] DEBUG: Finished Request
2025-12-03 08:14:07 [selenium.webdriver.remote.remote_connection] DEBUG: GET http://localhost:62956/session/55d29d1754d9f82f296e52be9f989bc5/element/f.2D963D2E8DF8830D0AEB1349B2AFCF15.d.C0E25FCCB4A319C2EE64E832F7C10D43.e.259/text {}
2025-12-03 08:14:07 [urllib3.connectionpool] DEBUG: http://localhost:62956 "GET /session/55d29d1754d9f82f296e52be9f989bc5/element/f.2D963D2E8DF8830D0AEB1349B2AFCF15.d.C0E25FCCB4A319C2EE64E832F7C10D43.e.259/text HTTP/1.1" 200 0
2025-12-03 08:14:07 [selenium.webdriver.remote.remote_connection] DEBUG: Remote response: status=200 | data={"value":" [양진재] 시스템에어컨 난방 전환 안내    "} | headers=HTTPHeaderDict({'Content-Length': '68', 'Content-Type': 'application/json; charset=utf-8', 'cache-control': 'no-cache'})
2025-12-03 08:14:07 [selenium.webdriver.remote.remote_connection] DEBUG: Finished Request
2025-12-03 08:14:07 [selenium.webdriver.remote.remote_connection] DEBUG: POST http://localhost:62956/session/55d29d1754d9f82f296e52be9f989bc5/execute/sync {'script': '/* getAttribute */return (function(){return (function(){var d=this||self;function f(a,b){function c(...', 'args': [{'element-6066-11e4-a52e-4f735466cecf': 'f.2D963D2E8DF8830D0AEB1349B2AFCF15.d.C0E25FCCB4A319C2EE64E832F7C10D43.e.259'}, 'href']}
2025-12-03 08:14:07 [urllib3.connectionpool] DEBUG: http://localhost:62956 "POST /session/55d29d1754d9f82f296e52be9f989bc5/execute/sync HTTP/1.1" 200 0
2025-12-03 08:14:07 [selenium.webdriver.remote.remote_connection] DEBUG: Remote response: status=200 | data={"value":"https://dorm.chungbuk.ac.kr/home/sub.php?menukey=20039&mod=view&no=454178776&listCnt=20"} | headers=HTTPHeaderDict({'Content-Length': '99', 'Content-Type': 'application/json; charset=utf-8', 'cache-control': 'no-cache'})
2025-12-03 08:14:07 [selenium.webdriver.remote.remote_connection] DEBUG: Finished Request
2025-12-03 08:14:07 [selenium.webdriver.remote.remote_connection] DEBUG: POST http://localhost:62956/session/55d29d1754d9f82f296e52be9f989bc5/url {'url': 'https://dorm.chungbuk.ac.kr/home/sub.php?menukey=20039&mod=view&no=454178813&listCnt=20'}
2025-12-03 08:14:07 [urllib3.connectionpool] DEBUG: http://localhost:62956 "POST /session/55d29d1754d9f82f296e52be9f989bc5/url HTTP/1.1" 200 0
2025-12-03 08:14:07 [selenium.webdriver.remote.remote_connection] DEBUG: Remote response: status=200 | data={"value":null} | headers=HTTPHeaderDict({'Content-Length': '14', 'Content-Type': 'application/json; charset=utf-8', 'cache-control': 'no-cache'})
2025-12-03 08:14:07 [selenium.webdriver.remote.remote_connection] DEBUG: Finished Request
2025-12-03 08:14:08 [selenium.webdriver.remote.remote_connection] DEBUG: POST http://localhost:62956/session/55d29d1754d9f82f296e52be9f989bc5/element {'using': 'tag name', 'value': 'body'}
2025-12-03 08:14:08 [urllib3.connectionpool] DEBUG: http://localhost:62956 "POST /session/55d29d1754d9f82f296e52be9f989bc5/element HTTP/1.1" 200 0
2025-12-03 08:14:08 [selenium.webdriver.remote.remote_connection] DEBUG: Remote response: status=200 | data={"value":{"element-6066-11e4-a52e-4f735466cecf":"f.2D963D2E8DF8830D0AEB1349B2AFCF15.d.6C645BD028794DBA0B42C924A5C0461B.e.273"}} | headers=HTTPHeaderDict({'Content-Length': '127', 'Content-Type': 'application/json; charset=utf-8', 'cache-control': 'no-cache'})
2025-12-03 08:14:08 [selenium.webdriver.remote.remote_connection] DEBUG: Finished Request
2025-12-03 08:14:08 [selenium.webdriver.remote.remote_connection] DEBUG: GET http://localhost:62956/session/55d29d1754d9f82f296e52be9f989bc5/element/f.2D963D2E8DF8830D0AEB1349B2AFCF15.d.6C645BD028794DBA0B42C924A5C0461B.e.273/text {}
2025-12-03 08:14:08 [urllib3.connectionpool] DEBUG: http://localhost:62956 "GET /session/55d29d1754d9f82f296e52be9f989bc5/element/f.2D963D2E8DF8830D0AEB1349B2AFCF15.d.6C645BD028794DBA0B42C924A5C0461B.e.273/text HTTP/1.1" 200 0
2025-12-03 08:14:08 [selenium.webdriver.remote.remote_connection] DEBUG: Remote response: status=200 | data={"value":"검색열기 메뉴열기\n공지사항\n먼훗날 추억을 기리는 아름다운 곳, 충북대학교 학생생활관\n알림마당  공지사항\n충북대학교 학생생활관 대학회계 계약직(경비원) 채용 공고 - 게시글 상세보기\n 충북대학교 학생생활관 대학회계 계약직(경비원) 채용 공고   \n작성자 관리자 등록일 2025/12/02 조회 114\n첨부\n 충북대학교 학생생활관 대학회계 계약직(경비원) 채용 공고문.hwp (165Kb)\n다운로드\n\n\n[ 충북대학교 학생생활관 대학회계 계약직(경비원) 채용 공고 ]\n  충북대학교 학생생활관 대학회계 계약직(경비원) 채용 시험을 붙임과 같이 공고합니다.\n기타 자세한 내용은 붙임 공고문을 참조하시기 바랍니다.  끝.\n  - 충북대학교 학생생활관 -\n \n다음글, 이전글 보기\n다음글\n게시물이 없습니다.\n이전글\n2025학년도 학생생활관 동기 특별개관 입주자 모집 안내\n목록\n개신누리(종합정보)\nCBNU 중앙도서관\n충북대학교 취업지원본부\n충북대학교 국제교류본부\n충북대정보화본부\n학생생활상담소\n충북대학교\n이용약관\n개인정보처리방침\n영상정보처리기기 운영 · 관리 방침\n이메일무단수집거부\n(28644) 충청북도 청주시 서원구 충대로 1 충북대학교 학생생활관\n개성재,계영원 : 043-261-2926양성재 : 043-261-3675양진재 : 043-249-1870양현재 : 043-261-2932\nCopyright 2020 Chungbuk National University (c) Allrights Reserved"} | headers=HTTPHeaderDict({'Content-Length': '1589', 'Content-Type': 'application/json; charset=utf-8', 'cache-control': 'no-cache'})
2025-12-03 08:14:08 [selenium.webdriver.remote.remote_connection] DEBUG: Finished Request
2025-12-03 08:14:08 [selenium.webdriver.remote.remote_connection] DEBUG: POST http://localhost:62956/session/55d29d1754d9f82f296e52be9f989bc5/url {'url': 'https://dorm.chungbuk.ac.kr/home/sub.php?menukey=20039&mod=view&no=454178810&listCnt=20'}
2025-12-03 08:14:08 [urllib3.connectionpool] DEBUG: http://localhost:62956 "POST /session/55d29d1754d9f82f296e52be9f989bc5/url HTTP/1.1" 200 0
2025-12-03 08:14:08 [selenium.webdriver.remote.remote_connection] DEBUG: Remote response: status=200 | data={"value":null} | headers=HTTPHeaderDict({'Content-Length': '14', 'Content-Type': 'application/json; charset=utf-8', 'cache-control': 'no-cache'})
2025-12-03 08:14:08 [selenium.webdriver.remote.remote_connection] DEBUG: Finished Request
2025-12-03 08:14:09 [selenium.webdriver.remote.remote_connection] DEBUG: POST http://localhost:62956/session/55d29d1754d9f82f296e52be9f989bc5/element {'using': 'tag name', 'value': 'body'}
2025-12-03 08:14:09 [urllib3.connectionpool] DEBUG: http://localhost:62956 "POST /session/55d29d1754d9f82f296e52be9f989bc5/element HTTP/1.1" 200 0
2025-12-03 08:14:09 [selenium.webdriver.remote.remote_connection] DEBUG: Remote response: status=200 | data={"value":{"element-6066-11e4-a52e-4f735466cecf":"f.2D963D2E8DF8830D0AEB1349B2AFCF15.d.E59D89C4198CC93E23EF2CA93AC3E3C7.e.281"}} | headers=HTTPHeaderDict({'Content-Length': '127', 'Content-Type': 'application/json; charset=utf-8', 'cache-control': 'no-cache'})
2025-12-03 08:14:09 [selenium.webdriver.remote.remote_connection] DEBUG: Finished Request
2025-12-03 08:14:09 [selenium.webdriver.remote.remote_connection] DEBUG: GET http://localhost:62956/session/55d29d1754d9f82f296e52be9f989bc5/element/f.2D963D2E8DF8830D0AEB1349B2AFCF15.d.E59D89C4198CC93E23EF2CA93AC3E3C7.e.281/text {}
2025-12-03 08:14:09 [urllib3.connectionpool] DEBUG: http://localhost:62956 "GET /session/55d29d1754d9f82f296e52be9f989bc5/element/f.2D963D2E8DF8830D0AEB1349B2AFCF15.d.E59D89C4198CC93E23EF2CA93AC3E3C7.e.281/text HTTP/1.1" 200 0
2025-12-03 08:14:09 [selenium.webdriver.remote.remote_connection] DEBUG: Remote response: status=200 | data={"value":"검색열기 메뉴열기\n공지사항\n먼훗날 추억을 기리는 아름다운 곳, 충북대학교 학생생활관\n알림마당  공지사항\n2025학년도 학생생활관 동기 특별개관 입주자 모집 안내 - 게시글 상세보기\n 2025학년도 학생생활관 동기 특별개관 입주자 모집 안내  \n작성자 관리자 등록일 2025/11/27 조회 1828\n첨부\n 양성재(신민관,지선관) 2025학년도 동기 특별개관(방학 중 운영) 입주자 모집 안내.pdf (130Kb)\n다운로드\n 양진재(인의관,예지관) 2025학년도 동기 특별개관(방학 중 운영) 입주자 모집 안내.pdf (85Kb)\n다운로드\n 양현재 2025학년도 동기 특별개관(방학 중 운영) 입주자 모집 안내.pdf (87Kb)\n다운로드\n\n2025학년도 학생생활관 동기 특별개관(방학 중 운영) 입주자 모집 안내\n\n[ 운영 생활관 : 양성재(신민관 및 지선관), 양진재(인의관 및 예지관), 양현재 ]\n※본관 - '개성재'는 리모델링 공사, '계영원'은 관리동 수변전설비 전체 교체 공사로 인하여\n'25년도 동기 특별개관 기간은 운영하지 않습니다.\n\n* 신청기간 : 2025. 12. 3.(수) 10:00 ~ 12. 5.(금) 23:59  \u003C3일간>\n                                           \n* 납부기간 : 2025. 12. 9.(화) ~ 12. 10.(수)  \u003C2일간>\n\n      ※ 자세한 사항은 각 생활관별 첨부파일을 반드시 확인하시기 바랍니다 ※\n\n2025. 11. 27.\n \n충북대학교 학생생활관\n\n다음글, 이전글 보기\n다음글\n충북대학교 학생생활관 대학회계 계약직(경비원) 채용 공고\n이전글\n2025학년도 2학기 중도퇴거 생활관비 환불 가능 일자 및 퇴거일 안내\n목록\n개신누리(종합정보)\nCBNU 중앙도서관\n충북대학교 취업지원본부\n충북대학교 국제교류본부\n충북대정보화본부\n학생생활상담소\n충북대학교\n이용약관\n개인정보처리방침\n영상정보처리기기 운영 · 관리 방침\n이메일무단수집거부\n(28644) 충청북도 청주시 서원구 충대로 1 충북대학교 학생생활관\n개성재,계영원 : 043-261-2926양성재 : 043-261-3675양진재 : 043-249-1870양현재 : 043-261-2932\nCopyright 2020 Chungbuk National University (c) Allrights Reserved"} | headers=HTTPHeaderDict({'Content-Length': '2337', 'Content-Type': 'application/json; charset=utf-8', 'cache-control': 'no-cache'})
2025-12-03 08:14:09 [selenium.webdriver.remote.remote_connection] DEBUG: Finished Request
2025-12-03 08:14:09 [selenium.webdriver.remote.remote_connection] DEBUG: POST http://localhost:62956/session/55d29d1754d9f82f296e52be9f989bc5/url {'url': 'https://dorm.chungbuk.ac.kr/home/sub.php?menukey=20039&mod=view&no=454178809&listCnt=20'}
2025-12-03 08:14:09 [urllib3.connectionpool] DEBUG: http://localhost:62956 "POST /session/55d29d1754d9f82f296e52be9f989bc5/url HTTP/1.1" 200 0
2025-12-03 08:14:09 [selenium.webdriver.remote.remote_connection] DEBUG: Remote response: status=200 | data={"value":null} | headers=HTTPHeaderDict({'Content-Length': '14', 'Content-Type': 'application/json; charset=utf-8', 'cache-control': 'no-cache'})
2025-12-03 08:14:09 [selenium.webdriver.remote.remote_connection] DEBUG: Finished Request
2025-12-03 08:14:10 [selenium.webdriver.remote.remote_connection] DEBUG: POST http://localhost:62956/session/55d29d1754d9f82f296e52be9f989bc5/element {'using': 'tag name', 'value': 'body'}
2025-12-03 08:14:10 [urllib3.connectionpool] DEBUG: http://localhost:62956 "POST /session/55d29d1754d9f82f296e52be9f989bc5/element HTTP/1.1" 200 0
2025-12-03 08:14:10 [selenium.webdriver.remote.remote_connection] DEBUG: Remote response: status=200 | data={"value":{"element-6066-11e4-a52e-4f735466cecf":"f.2D963D2E8DF8830D0AEB1349B2AFCF15.d.93C4C15D4A02678ABBDB626BD32931BA.e.289"}} | headers=HTTPHeaderDict({'Content-Length': '127', 'Content-Type': 'application/json; charset=utf-8', 'cache-control': 'no-cache'})
2025-12-03 08:14:10 [selenium.webdriver.remote.remote_connection] DEBUG: Finished Request
2025-12-03 08:14:10 [selenium.webdriver.remote.remote_connection] DEBUG: GET http://localhost:62956/session/55d29d1754d9f82f296e52be9f989bc5/element/f.2D963D2E8DF8830D0AEB1349B2AFCF15.d.93C4C15D4A02678ABBDB626BD32931BA.e.289/text {}
2025-12-03 08:14:10 [urllib3.connectionpool] DEBUG: http://localhost:62956 "GET /session/55d29d1754d9f82f296e52be9f989bc5/element/f.2D963D2E8DF8830D0AEB1349B2AFCF15.d.93C4C15D4A02678ABBDB626BD32931BA.e.289/text HTTP/1.1" 200 0
2025-12-03 08:14:10 [selenium.webdriver.remote.remote_connection] DEBUG: Remote response: status=200 | data={"value":"검색열기 메뉴열기\n공지사항\n먼훗날 추억을 기리는 아름다운 곳, 충북대학교 학생생활관\n알림마당  공지사항\n2025학년도 2학기 중도퇴거 생활관비 환불 가능 일자 및 퇴거일 안내 - 게시글 상세보기\n 2025학년도 2학기 중도퇴거 생활관비 환불 가능 일자 및 퇴거일 안내  \n작성자 관리자 등록일 2025/11/26 조회 480\n\n다음글, 이전글 보기\n다음글\n2025학년도 학생생활관 동기 특별개관 입주자 모집 안내\n이전글\n [양진재,양성재] 방역 소독 안내 (12월 11일)    \n목록\n개신누리(종합정보)\nCBNU 중앙도서관\n충북대학교 취업지원본부\n충북대학교 국제교류본부\n충북대정보화본부\n학생생활상담소\n충북대학교\n이용약관\n개인정보처리방침\n영상정보처리기기 운영 · 관리 방침\n이메일무단수집거부\n(28644) 충청북도 청주시 서원구 충대로 1 충북대학교 학생생활관\n개성재,계영원 : 043-261-2926양성재 : 043-261-3675양진재 : 043-249-1870양현재 : 043-261-2932\nCopyright 2020 Chungbuk National University (c) Allrights Reserved"} | headers=HTTPHeaderDict({'Content-Length': '1191', 'Content-Type': 'application/json; charset=utf-8', 'cache-control': 'no-cache'})
2025-12-03 08:14:10 [selenium.webdriver.remote.remote_connection] DEBUG: Finished Request
2025-12-03 08:14:10 [selenium.webdriver.remote.remote_connection] DEBUG: POST http://localhost:62956/session/55d29d1754d9f82f296e52be9f989bc5/url {'url': 'https://dorm.chungbuk.ac.kr/home/sub.php?menukey=20039&mod=view&no=454178748&listCnt=20'}
2025-12-03 08:14:10 [urllib3.connectionpool] DEBUG: http://localhost:62956 "POST /session/55d29d1754d9f82f296e52be9f989bc5/url HTTP/1.1" 200 0
2025-12-03 08:14:10 [selenium.webdriver.remote.remote_connection] DEBUG: Remote response: status=200 | data={"value":null} | headers=HTTPHeaderDict({'Content-Length': '14', 'Content-Type': 'application/json; charset=utf-8', 'cache-control': 'no-cache'})
2025-12-03 08:14:10 [selenium.webdriver.remote.remote_connection] DEBUG: Finished Request
2025-12-03 08:14:12 [selenium.webdriver.remote.remote_connection] DEBUG: POST http://localhost:62956/session/55d29d1754d9f82f296e52be9f989bc5/element {'using': 'tag name', 'value': 'body'}
2025-12-03 08:14:12 [urllib3.connectionpool] DEBUG: http://localhost:62956 "POST /session/55d29d1754d9f82f296e52be9f989bc5/element HTTP/1.1" 200 0
2025-12-03 08:14:12 [selenium.webdriver.remote.remote_connection] DEBUG: Remote response: status=200 | data={"value":{"element-6066-11e4-a52e-4f735466cecf":"f.2D963D2E8DF8830D0AEB1349B2AFCF15.d.A68CBC8BAAE680ED9E26956C52EFC63B.e.297"}} | headers=HTTPHeaderDict({'Content-Length': '127', 'Content-Type': 'application/json; charset=utf-8', 'cache-control': 'no-cache'})
2025-12-03 08:14:12 [selenium.webdriver.remote.remote_connection] DEBUG: Finished Request
2025-12-03 08:14:12 [selenium.webdriver.remote.remote_connection] DEBUG: GET http://localhost:62956/session/55d29d1754d9f82f296e52be9f989bc5/element/f.2D963D2E8DF8830D0AEB1349B2AFCF15.d.A68CBC8BAAE680ED9E26956C52EFC63B.e.297/text {}
2025-12-03 08:14:12 [urllib3.connectionpool] DEBUG: http://localhost:62956 "GET /session/55d29d1754d9f82f296e52be9f989bc5/element/f.2D963D2E8DF8830D0AEB1349B2AFCF15.d.A68CBC8BAAE680ED9E26956C52EFC63B.e.297/text HTTP/1.1" 200 0
2025-12-03 08:14:12 [selenium.webdriver.remote.remote_connection] DEBUG: Remote response: status=200 | data={"value":"검색열기 메뉴열기\n공지사항\n먼훗날 추억을 기리는 아름다운 곳, 충북대학교 학생생활관\n알림마당  공지사항\n충북대학교 학생생활관 현황 안내 - 게시글 상세보기\n 충북대학교 학생생활관 현황 안내  \n작성자 관리자 등록일 2025/09/09 조회 2192\n첨부\n 충북대학교 학생생활관 현황(2025.9.9.).pdf (1192Kb)\n다운로드\n충북대학교 학생생활관의 생활관별 현황 자료를 제공하오니 \u003C붙임> 파일을 참고하시기 바랍니다.\n \n\u003C내용>\n1. 개관일\n2. 수용인원\n3. 위치\n4. 시설현황\n5. 생활관비\n다음글, 이전글 보기\n다음글\n[양성재] 우천으로 인한 외벽 청소 취소 및 일정 변경 안내\n이전글\n2025년 하반기 학생생활관 화재대피 훈련 실시 안내\n목록\n개신누리(종합정보)\nCBNU 중앙도서관\n충북대학교 취업지원본부\n충북대학교 국제교류본부\n충북대정보화본부\n학생생활상담소\n충북대학교\n이용약관\n개인정보처리방침\n영상정보처리기기 운영 · 관리 방침\n이메일무단수집거부\n(28644) 충청북도 청주시 서원구 충대로 1 충북대학교 학생생활관\n개성재,계영원 : 043-261-2926양성재 : 043-261-3675양진재 : 043-249-1870양현재 : 043-261-2932\nCopyright 2020 Chungbuk National University (c) Allrights Reserved"} | headers=HTTPHeaderDict({'Content-Length': '1429', 'Content-Type': 'application/json; charset=utf-8', 'cache-control': 'no-cache'})
2025-12-03 08:14:12 [selenium.webdriver.remote.remote_connection] DEBUG: Finished Request
2025-12-03 08:14:12 [selenium.webdriver.remote.remote_connection] DEBUG: POST http://localhost:62956/session/55d29d1754d9f82f296e52be9f989bc5/url {'url': 'https://dorm.chungbuk.ac.kr/home/sub.php?menukey=20039&mod=view&no=454178726&listCnt=20'}
2025-12-03 08:14:12 [dorm] DEBUG: ✅ DB 업데이트 성공 (기존 레코드): 충북대학교 학생생활관 대학회계 계약직... (PK: dorm_454178813, Date preserved: 2025-12-03)
2025-12-03 08:14:12 [urllib3.connectionpool] DEBUG: http://localhost:62956 "POST /session/55d29d1754d9f82f296e52be9f989bc5/url HTTP/1.1" 200 0
2025-12-03 08:14:12 [selenium.webdriver.remote.remote_connection] DEBUG: Remote response: status=200 | data={"value":null} | headers=HTTPHeaderDict({'Content-Length': '14', 'Content-Type': 'application/json; charset=utf-8', 'cache-control': 'no-cache'})
2025-12-03 08:14:12 [selenium.webdriver.remote.remote_connection] DEBUG: Finished Request
2025-12-03 08:14:13 [selenium.webdriver.remote.remote_connection] DEBUG: POST http://localhost:62956/session/55d29d1754d9f82f296e52be9f989bc5/element {'using': 'tag name', 'value': 'body'}
2025-12-03 08:14:13 [urllib3.connectionpool] DEBUG: http://localhost:62956 "POST /session/55d29d1754d9f82f296e52be9f989bc5/element HTTP/1.1" 200 0
2025-12-03 08:14:13 [selenium.webdriver.remote.remote_connection] DEBUG: Remote response: status=200 | data={"value":{"element-6066-11e4-a52e-4f735466cecf":"f.2D963D2E8DF8830D0AEB1349B2AFCF15.d.DDA360EB491FE411E7FAC633FDCF5E05.e.306"}} | headers=HTTPHeaderDict({'Content-Length': '127', 'Content-Type': 'application/json; charset=utf-8', 'cache-control': 'no-cache'})
2025-12-03 08:14:13 [selenium.webdriver.remote.remote_connection] DEBUG: Finished Request
2025-12-03 08:14:13 [selenium.webdriver.remote.remote_connection] DEBUG: GET http://localhost:62956/session/55d29d1754d9f82f296e52be9f989bc5/element/f.2D963D2E8DF8830D0AEB1349B2AFCF15.d.DDA360EB491FE411E7FAC633FDCF5E05.e.306/text {}
2025-12-03 08:14:13 [urllib3.connectionpool] DEBUG: http://localhost:62956 "GET /session/55d29d1754d9f82f296e52be9f989bc5/element/f.2D963D2E8DF8830D0AEB1349B2AFCF15.d.DDA360EB491FE411E7FAC633FDCF5E05.e.306/text HTTP/1.1" 200 0
2025-12-03 08:14:13 [selenium.webdriver.remote.remote_connection] DEBUG: Remote response: status=200 | data={"value":"검색열기 메뉴열기\n공지사항\n먼훗날 추억을 기리는 아름다운 곳, 충북대학교 학생생활관\n알림마당  공지사항\n2025학년도 2학기 학생생활관 생활관생(3차) 추가모집 안내 - 게시글 상세보기\n 2025학년도 2학기 학생생활관 생활관생(3차) 추가모집 안내  \n작성자 관리자 등록일 2025/08/22 조회 3362\n첨부\n 2025학년도 2학기 학생생활관 생활관생 3차 추가모집 안내.pdf (170Kb)\n다운로드\n\n2025학년도 2학기 학생생활관 생활관생(3차) 추가모집 안내\n  2025학년도 2학기 학생생활관 미등록석의 충원을 위하여 생활관생 3차 추가모집을 실시하오니,\n당해년도 2학기 입주를 희망하는 학생은 첨부파일의 공지문 내 입주대상 및 세부일정 등을 반드시 확인한 후\n정해진 기간 내에 입주신청, 급식제도 선택, 생활관비 납부 등 안내사항을 따라 주시기 바랍니다.\n\n감사합니다.\n                                             \n                                              - 주요 일정 -                                             \n\n                                              *모집 생활관 : 본관(여), 양성재(남,여), 양진재(남,여), 양현재(남,여)\n                                               ※본 공고일 기준 2025학년도 2학기 생활관비 납부자는 지원 대상이 아닙니다.\n                                                 *입주 신청 : 2025. 8. 25.(월) 10:00 ~ 충원시까지 상시(학기 중)\n                                                 *선발자 발표(급식선택, 생활관비 납부, 입주일 등) : 선발자에 한하여 개별 안내\n \n2025.  8.  22.\n\n- 충 북 대 학 교 학 생 생 활 관 -\n\n다음글, 이전글 보기\n다음글\n양성재, 양진재] 조경 작업 안내 (잔디깍기)      \n이전글\n[양진재,양성재] 세탁실 세탁조 청소 일정 안내 \n목록\n개신누리(종합정보)\nCBNU 중앙도서관\n충북대학교 취업지원본부\n충북대학교 국제교류본부\n충북대정보화본부\n학생생활상담소\n충북대학교\n이용약관\n개인정보처리방침\n영상정보처리기기 운영 · 관리 방침\n이메일무단수집거부\n(28644) 충청북도 청주시 서원구 충대로 1 충북대학교 학생생활관\n개성재,계영원 : 043-261-2926양성재 : 043-261-3675양진재 : 043-249-1870양현재 : 043-261-2932\nCopyright 2020 Chungbuk National University (c) Allrights Reserved"} | headers=HTTPHeaderDict({'Content-Length': '2575', 'Content-Type': 'application/json; charset=utf-8', 'cache-control': 'no-cache'})
2025-12-03 08:14:13 [selenium.webdriver.remote.remote_connection] DEBUG: Finished Request
2025-12-03 08:14:13 [selenium.webdriver.remote.remote_connection] DEBUG: POST http://localhost:62956/session/55d29d1754d9f82f296e52be9f989bc5/url {'url': 'https://dorm.chungbuk.ac.kr/home/sub.php?menukey=20039&mod=view&no=454178632&listCnt=20'}
2025-12-03 08:14:13 [dorm] DEBUG: ✅ DB 업데이트 성공 (기존 레코드): 2025학년도 학생생활관 동기 특별개... (PK: dorm_454178810, Date preserved: 2025-12-03)
2025-12-03 08:14:13 [urllib3.connectionpool] DEBUG: http://localhost:62956 "POST /session/55d29d1754d9f82f296e52be9f989bc5/url HTTP/1.1" 200 0
2025-12-03 08:14:13 [selenium.webdriver.remote.remote_connection] DEBUG: Remote response: status=200 | data={"value":null} | headers=HTTPHeaderDict({'Content-Length': '14', 'Content-Type': 'application/json; charset=utf-8', 'cache-control': 'no-cache'})
2025-12-03 08:14:13 [selenium.webdriver.remote.remote_connection] DEBUG: Finished Request
2025-12-03 08:14:14 [selenium.webdriver.remote.remote_connection] DEBUG: POST http://localhost:62956/session/55d29d1754d9f82f296e52be9f989bc5/element {'using': 'tag name', 'value': 'body'}
2025-12-03 08:14:14 [urllib3.connectionpool] DEBUG: http://localhost:62956 "POST /session/55d29d1754d9f82f296e52be9f989bc5/element HTTP/1.1" 200 0
2025-12-03 08:14:14 [selenium.webdriver.remote.remote_connection] DEBUG: Remote response: status=200 | data={"value":{"element-6066-11e4-a52e-4f735466cecf":"f.2D963D2E8DF8830D0AEB1349B2AFCF15.d.0815C7AA96C07EE21955A7FE446E830C.e.315"}} | headers=HTTPHeaderDict({'Content-Length': '127', 'Content-Type': 'application/json; charset=utf-8', 'cache-control': 'no-cache'})
2025-12-03 08:14:14 [selenium.webdriver.remote.remote_connection] DEBUG: Finished Request
2025-12-03 08:14:14 [selenium.webdriver.remote.remote_connection] DEBUG: GET http://localhost:62956/session/55d29d1754d9f82f296e52be9f989bc5/element/f.2D963D2E8DF8830D0AEB1349B2AFCF15.d.0815C7AA96C07EE21955A7FE446E830C.e.315/text {}
2025-12-03 08:14:14 [urllib3.connectionpool] DEBUG: http://localhost:62956 "GET /session/55d29d1754d9f82f296e52be9f989bc5/element/f.2D963D2E8DF8830D0AEB1349B2AFCF15.d.0815C7AA96C07EE21955A7FE446E830C.e.315/text HTTP/1.1" 200 0
2025-12-03 08:14:14 [selenium.webdriver.remote.remote_connection] DEBUG: Remote response: status=200 | data={"value":"검색열기 메뉴열기\n공지사항\n먼훗날 추억을 기리는 아름다운 곳, 충북대학교 학생생활관\n알림마당  공지사항\n해외유입 홍역환자 지속 발생에 따른 홍역 예방 수칙 안내 - 게시글 상세보기\n 해외유입 홍역환자 지속 발생에 따른 홍역 예방 수칙 안내  \n작성자 관리자 등록일 2025/04/14 조회 1050\n첨부\n 홍역예방수칙_카드뉴스(13개언어).zip (33303Kb)\n다운로드\n\n해외유입 홍역환자 지속 발생에 따른 홍역 예방 수칙 안내\n\n코로나19 대유행 이후 전 세계적으로 홍역 환자가 증가하고 있으며, 국내에서도 해외 유입 사례로 인한 홍역 환자가 지속적으로 발생하고 있습니다. 해외여행 또는 외국인(다문화 가정, 유학생 등)의 모국 방문 증가 등을 고려하여, 첨부 파일의 홍역 예방수칙을 숙지하여 주시기 바랍니다.\n\n2025. 4. 14.\n\n충북대학교 학생생활관\n\n \n다음글, 이전글 보기\n다음글\n2025학년도 1학기 교육실습생 식비 반환 신청 안내\n이전글\n[양성재] LED 전등 교체 공사 안내\n목록\n개신누리(종합정보)\nCBNU 중앙도서관\n충북대학교 취업지원본부\n충북대학교 국제교류본부\n충북대정보화본부\n학생생활상담소\n충북대학교\n이용약관\n개인정보처리방침\n영상정보처리기기 운영 · 관리 방침\n이메일무단수집거부\n(28644) 충청북도 청주시 서원구 충대로 1 충북대학교 학생생활관\n개성재,계영원 : 043-261-2926양성재 : 043-261-3675양진재 : 043-249-1870양현재 : 043-261-2932\nCopyright 2020 Chungbuk National University (c) Allrights Reserved"} | headers=HTTPHeaderDict({'Content-Length': '1745', 'Content-Type': 'application/json; charset=utf-8', 'cache-control': 'no-cache'})
2025-12-03 08:14:14 [selenium.webdriver.remote.remote_connection] DEBUG: Finished Request
2025-12-03 08:14:14 [selenium.webdriver.remote.remote_connection] DEBUG: POST http://localhost:62956/session/55d29d1754d9f82f296e52be9f989bc5/url {'url': 'https://dorm.chungbuk.ac.kr/home/sub.php?menukey=20039&mod=view&no=454178619&listCnt=20'}
2025-12-03 08:14:14 [dorm] DEBUG: ✅ DB 업데이트 성공 (기존 레코드): 충북대학교 학생생활관 현황 안내... (PK: dorm_454178748, Date preserved: 2025-12-03)
2025-12-03 08:14:14 [urllib3.connectionpool] DEBUG: http://localhost:62956 "POST /session/55d29d1754d9f82f296e52be9f989bc5/url HTTP/1.1" 200 0
2025-12-03 08:14:14 [selenium.webdriver.remote.remote_connection] DEBUG: Remote response: status=200 | data={"value":null} | headers=HTTPHeaderDict({'Content-Length': '14', 'Content-Type': 'application/json; charset=utf-8', 'cache-control': 'no-cache'})
2025-12-03 08:14:14 [selenium.webdriver.remote.remote_connection] DEBUG: Finished Request
2025-12-03 08:14:15 [selenium.webdriver.remote.remote_connection] DEBUG: POST http://localhost:62956/session/55d29d1754d9f82f296e52be9f989bc5/element {'using': 'tag name', 'value': 'body'}
2025-12-03 08:14:15 [urllib3.connectionpool] DEBUG: http://localhost:62956 "POST /session/55d29d1754d9f82f296e52be9f989bc5/element HTTP/1.1" 200 0
2025-12-03 08:14:15 [selenium.webdriver.remote.remote_connection] DEBUG: Remote response: status=200 | data={"value":{"element-6066-11e4-a52e-4f735466cecf":"f.2D963D2E8DF8830D0AEB1349B2AFCF15.d.F7E2B328BCF20802F292F5D144012507.e.325"}} | headers=HTTPHeaderDict({'Content-Length': '127', 'Content-Type': 'application/json; charset=utf-8', 'cache-control': 'no-cache'})
2025-12-03 08:14:15 [selenium.webdriver.remote.remote_connection] DEBUG: Finished Request
2025-12-03 08:14:15 [selenium.webdriver.remote.remote_connection] DEBUG: GET http://localhost:62956/session/55d29d1754d9f82f296e52be9f989bc5/element/f.2D963D2E8DF8830D0AEB1349B2AFCF15.d.F7E2B328BCF20802F292F5D144012507.e.325/text {}
2025-12-03 08:14:15 [urllib3.connectionpool] DEBUG: http://localhost:62956 "GET /session/55d29d1754d9f82f296e52be9f989bc5/element/f.2D963D2E8DF8830D0AEB1349B2AFCF15.d.F7E2B328BCF20802F292F5D144012507.e.325/text HTTP/1.1" 200 0
2025-12-03 08:14:15 [selenium.webdriver.remote.remote_connection] DEBUG: Remote response: status=200 | data={"value":"검색열기 메뉴열기\n공지사항\n먼훗날 추억을 기리는 아름다운 곳, 충북대학교 학생생활관\n알림마당  공지사항\n학생생활관 화재 예방 유의사항 안내 - 게시글 상세보기\n 학생생활관 화재 예방 유의사항 안내  \n작성자 관리자 등록일 2025/03/28 조회 1119\n\n다음글, 이전글 보기\n다음글\n[양진재,양성재] 세탁실 세탁조 청소 일정 안내      \n이전글\n2025년 상반기 학생생활관 화재대피 훈련 실시 안내\n목록\n개신누리(종합정보)\nCBNU 중앙도서관\n충북대학교 취업지원본부\n충북대학교 국제교류본부\n충북대정보화본부\n학생생활상담소\n충북대학교\n이용약관\n개인정보처리방침\n영상정보처리기기 운영 · 관리 방침\n이메일무단수집거부\n(28644) 충청북도 청주시 서원구 충대로 1 충북대학교 학생생활관\n개성재,계영원 : 043-261-2926양성재 : 043-261-3675양진재 : 043-249-1870양현재 : 043-261-2932\nCopyright 2020 Chungbuk National University (c) Allrights Reserved"} | headers=HTTPHeaderDict({'Content-Length': '1113', 'Content-Type': 'application/json; charset=utf-8', 'cache-control': 'no-cache'})
2025-12-03 08:14:15 [selenium.webdriver.remote.remote_connection] DEBUG: Finished Request
2025-12-03 08:14:15 [selenium.webdriver.remote.remote_connection] DEBUG: POST http://localhost:62956/session/55d29d1754d9f82f296e52be9f989bc5/url {'url': 'https://dorm.chungbuk.ac.kr/home/sub.php?menukey=20039&mod=view&no=454178499&listCnt=20'}
2025-12-03 08:14:15 [urllib3.connectionpool] DEBUG: http://localhost:62956 "POST /session/55d29d1754d9f82f296e52be9f989bc5/url HTTP/1.1" 200 0
2025-12-03 08:14:15 [selenium.webdriver.remote.remote_connection] DEBUG: Remote response: status=200 | data={"value":null} | headers=HTTPHeaderDict({'Content-Length': '14', 'Content-Type': 'application/json; charset=utf-8', 'cache-control': 'no-cache'})
2025-12-03 08:14:15 [selenium.webdriver.remote.remote_connection] DEBUG: Finished Request
2025-12-03 08:14:17 [selenium.webdriver.remote.remote_connection] DEBUG: POST http://localhost:62956/session/55d29d1754d9f82f296e52be9f989bc5/element {'using': 'tag name', 'value': 'body'}
2025-12-03 08:14:17 [urllib3.connectionpool] DEBUG: http://localhost:62956 "POST /session/55d29d1754d9f82f296e52be9f989bc5/element HTTP/1.1" 200 0
2025-12-03 08:14:17 [selenium.webdriver.remote.remote_connection] DEBUG: Remote response: status=200 | data={"value":{"element-6066-11e4-a52e-4f735466cecf":"f.2D963D2E8DF8830D0AEB1349B2AFCF15.d.6A4859DD7FAC048FBD01F5F5B6175FAD.e.333"}} | headers=HTTPHeaderDict({'Content-Length': '127', 'Content-Type': 'application/json; charset=utf-8', 'cache-control': 'no-cache'})
2025-12-03 08:14:17 [selenium.webdriver.remote.remote_connection] DEBUG: Finished Request
2025-12-03 08:14:17 [selenium.webdriver.remote.remote_connection] DEBUG: GET http://localhost:62956/session/55d29d1754d9f82f296e52be9f989bc5/element/f.2D963D2E8DF8830D0AEB1349B2AFCF15.d.6A4859DD7FAC048FBD01F5F5B6175FAD.e.333/text {}
2025-12-03 08:14:17 [urllib3.connectionpool] DEBUG: http://localhost:62956 "GET /session/55d29d1754d9f82f296e52be9f989bc5/element/f.2D963D2E8DF8830D0AEB1349B2AFCF15.d.6A4859DD7FAC048FBD01F5F5B6175FAD.e.333/text HTTP/1.1" 200 0
2025-12-03 08:14:17 [selenium.webdriver.remote.remote_connection] DEBUG: Remote response: status=200 | data={"value":"검색열기 메뉴열기\n공지사항\n먼훗날 추억을 기리는 아름다운 곳, 충북대학교 학생생활관\n알림마당  공지사항\n학생생활관 개성재 리모델링 공사 실시 안내(25년 3월~26년 2월) - 게시글 상세보기\n 학생생활관 개성재 리모델링 공사 실시 안내(25년 3월~26년 2월)  \n작성자 관리자 등록일 2024/10/14 조회 3708\n\n다음글, 이전글 보기\n다음글\n학생생활관 본관(개성재, 계영원) 정전 안내\n이전글\n[양진재] 시스템에어컨 난방 전환 안내   \n목록\n개신누리(종합정보)\nCBNU 중앙도서관\n충북대학교 취업지원본부\n충북대학교 국제교류본부\n충북대정보화본부\n학생생활상담소\n충북대학교\n이용약관\n개인정보처리방침\n영상정보처리기기 운영 · 관리 방침\n이메일무단수집거부\n(28644) 충청북도 청주시 서원구 충대로 1 충북대학교 학생생활관\n개성재,계영원 : 043-261-2926양성재 : 043-261-3675양진재 : 043-249-1870양현재 : 043-261-2932\nCopyright 2020 Chungbuk National University (c) Allrights Reserved"} | headers=HTTPHeaderDict({'Content-Length': '1156', 'Content-Type': 'application/json; charset=utf-8', 'cache-control': 'no-cache'})
2025-12-03 08:14:17 [selenium.webdriver.remote.remote_connection] DEBUG: Finished Request
2025-12-03 08:14:17 [selenium.webdriver.remote.remote_connection] DEBUG: POST http://localhost:62956/session/55d29d1754d9f82f296e52be9f989bc5/url {'url': 'https://dorm.chungbuk.ac.kr/home/sub.php?menukey=20039&mod=view&no=454178813&listCnt=20'}
2025-12-03 08:14:17 [urllib3.connectionpool] DEBUG: http://localhost:62956 "POST /session/55d29d1754d9f82f296e52be9f989bc5/url HTTP/1.1" 200 0
2025-12-03 08:14:17 [selenium.webdriver.remote.remote_connection] DEBUG: Remote response: status=200 | data={"value":null} | headers=HTTPHeaderDict({'Content-Length': '14', 'Content-Type': 'application/json; charset=utf-8', 'cache-control': 'no-cache'})
2025-12-03 08:14:17 [selenium.webdriver.remote.remote_connection] DEBUG: Finished Request
2025-12-03 08:14:18 [selenium.webdriver.remote.remote_connection] DEBUG: POST http://localhost:62956/session/55d29d1754d9f82f296e52be9f989bc5/element {'using': 'tag name', 'value': 'body'}
2025-12-03 08:14:18 [urllib3.connectionpool] DEBUG: http://localhost:62956 "POST /session/55d29d1754d9f82f296e52be9f989bc5/element HTTP/1.1" 200 0
2025-12-03 08:14:18 [selenium.webdriver.remote.remote_connection] DEBUG: Remote response: status=200 | data={"value":{"element-6066-11e4-a52e-4f735466cecf":"f.2D963D2E8DF8830D0AEB1349B2AFCF15.d.AE1E2E57A5BA2D67606DFFA5C433D60D.e.341"}} | headers=HTTPHeaderDict({'Content-Length': '127', 'Content-Type': 'application/json; charset=utf-8', 'cache-control': 'no-cache'})
2025-12-03 08:14:18 [selenium.webdriver.remote.remote_connection] DEBUG: Finished Request
2025-12-03 08:14:18 [selenium.webdriver.remote.remote_connection] DEBUG: GET http://localhost:62956/session/55d29d1754d9f82f296e52be9f989bc5/element/f.2D963D2E8DF8830D0AEB1349B2AFCF15.d.AE1E2E57A5BA2D67606DFFA5C433D60D.e.341/text {}
2025-12-03 08:14:18 [urllib3.connectionpool] DEBUG: http://localhost:62956 "GET /session/55d29d1754d9f82f296e52be9f989bc5/element/f.2D963D2E8DF8830D0AEB1349B2AFCF15.d.AE1E2E57A5BA2D67606DFFA5C433D60D.e.341/text HTTP/1.1" 200 0
2025-12-03 08:14:18 [selenium.webdriver.remote.remote_connection] DEBUG: Remote response: status=200 | data={"value":"검색열기 메뉴열기\n공지사항\n먼훗날 추억을 기리는 아름다운 곳, 충북대학교 학생생활관\n알림마당  공지사항\n충북대학교 학생생활관 대학회계 계약직(경비원) 채용 공고 - 게시글 상세보기\n 충북대학교 학생생활관 대학회계 계약직(경비원) 채용 공고   \n작성자 관리자 등록일 2025/12/02 조회 115\n첨부\n 충북대학교 학생생활관 대학회계 계약직(경비원) 채용 공고문.hwp (165Kb)\n다운로드\n\n\n[ 충북대학교 학생생활관 대학회계 계약직(경비원) 채용 공고 ]\n  충북대학교 학생생활관 대학회계 계약직(경비원) 채용 시험을 붙임과 같이 공고합니다.\n기타 자세한 내용은 붙임 공고문을 참조하시기 바랍니다.  끝.\n  - 충북대학교 학생생활관 -\n \n다음글, 이전글 보기\n다음글\n게시물이 없습니다.\n이전글\n2025학년도 학생생활관 동기 특별개관 입주자 모집 안내\n목록\n개신누리(종합정보)\nCBNU 중앙도서관\n충북대학교 취업지원본부\n충북대학교 국제교류본부\n충북대정보화본부\n학생생활상담소\n충북대학교\n이용약관\n개인정보처리방침\n영상정보처리기기 운영 · 관리 방침\n이메일무단수집거부\n(28644) 충청북도 청주시 서원구 충대로 1 충북대학교 학생생활관\n개성재,계영원 : 043-261-2926양성재 : 043-261-3675양진재 : 043-249-1870양현재 : 043-261-2932\nCopyright 2020 Chungbuk National University (c) Allrights Reserved"} | headers=HTTPHeaderDict({'Content-Length': '1589', 'Content-Type': 'application/json; charset=utf-8', 'cache-control': 'no-cache'})
2025-12-03 08:14:18 [selenium.webdriver.remote.remote_connection] DEBUG: Finished Request
2025-12-03 08:14:18 [selenium.webdriver.remote.remote_connection] DEBUG: POST http://localhost:62956/session/55d29d1754d9f82f296e52be9f989bc5/url {'url': 'https://dorm.chungbuk.ac.kr/home/sub.php?menukey=20039&mod=view&no=454178810&listCnt=20'}
2025-12-03 08:14:18 [dorm] DEBUG: ✅ DB 업데이트 성공 (기존 레코드): 2025학년도 2학기 학생생활관 생활... (PK: dorm_454178726, Date preserved: 2025-12-03)
2025-12-03 08:14:18 [urllib3.connectionpool] DEBUG: http://localhost:62956 "POST /session/55d29d1754d9f82f296e52be9f989bc5/url HTTP/1.1" 200 0
2025-12-03 08:14:18 [selenium.webdriver.remote.remote_connection] DEBUG: Remote response: status=200 | data={"value":null} | headers=HTTPHeaderDict({'Content-Length': '14', 'Content-Type': 'application/json; charset=utf-8', 'cache-control': 'no-cache'})
2025-12-03 08:14:18 [selenium.webdriver.remote.remote_connection] DEBUG: Finished Request
2025-12-03 08:14:19 [selenium.webdriver.remote.remote_connection] DEBUG: POST http://localhost:62956/session/55d29d1754d9f82f296e52be9f989bc5/element {'using': 'tag name', 'value': 'body'}
2025-12-03 08:14:19 [urllib3.connectionpool] DEBUG: http://localhost:62956 "POST /session/55d29d1754d9f82f296e52be9f989bc5/element HTTP/1.1" 200 0
2025-12-03 08:14:19 [selenium.webdriver.remote.remote_connection] DEBUG: Remote response: status=200 | data={"value":{"element-6066-11e4-a52e-4f735466cecf":"f.2D963D2E8DF8830D0AEB1349B2AFCF15.d.CABD461ADB3585C516BE29E4BC4D439A.e.349"}} | headers=HTTPHeaderDict({'Content-Length': '127', 'Content-Type': 'application/json; charset=utf-8', 'cache-control': 'no-cache'})
2025-12-03 08:14:19 [selenium.webdriver.remote.remote_connection] DEBUG: Finished Request
2025-12-03 08:14:19 [selenium.webdriver.remote.remote_connection] DEBUG: GET http://localhost:62956/session/55d29d1754d9f82f296e52be9f989bc5/element/f.2D963D2E8DF8830D0AEB1349B2AFCF15.d.CABD461ADB3585C516BE29E4BC4D439A.e.349/text {}
2025-12-03 08:14:19 [urllib3.connectionpool] DEBUG: http://localhost:62956 "GET /session/55d29d1754d9f82f296e52be9f989bc5/element/f.2D963D2E8DF8830D0AEB1349B2AFCF15.d.CABD461ADB3585C516BE29E4BC4D439A.e.349/text HTTP/1.1" 200 0
2025-12-03 08:14:19 [selenium.webdriver.remote.remote_connection] DEBUG: Remote response: status=200 | data={"value":"검색열기 메뉴열기\n공지사항\n먼훗날 추억을 기리는 아름다운 곳, 충북대학교 학생생활관\n알림마당  공지사항\n2025학년도 학생생활관 동기 특별개관 입주자 모집 안내 - 게시글 상세보기\n 2025학년도 학생생활관 동기 특별개관 입주자 모집 안내  \n작성자 관리자 등록일 2025/11/27 조회 1829\n첨부\n 양성재(신민관,지선관) 2025학년도 동기 특별개관(방학 중 운영) 입주자 모집 안내.pdf (130Kb)\n다운로드\n 양진재(인의관,예지관) 2025학년도 동기 특별개관(방학 중 운영) 입주자 모집 안내.pdf (85Kb)\n다운로드\n 양현재 2025학년도 동기 특별개관(방학 중 운영) 입주자 모집 안내.pdf (87Kb)\n다운로드\n\n2025학년도 학생생활관 동기 특별개관(방학 중 운영) 입주자 모집 안내\n\n[ 운영 생활관 : 양성재(신민관 및 지선관), 양진재(인의관 및 예지관), 양현재 ]\n※본관 - '개성재'는 리모델링 공사, '계영원'은 관리동 수변전설비 전체 교체 공사로 인하여\n'25년도 동기 특별개관 기간은 운영하지 않습니다.\n\n* 신청기간 : 2025. 12. 3.(수) 10:00 ~ 12. 5.(금) 23:59  \u003C3일간>\n                                           \n* 납부기간 : 2025. 12. 9.(화) ~ 12. 10.(수)  \u003C2일간>\n\n      ※ 자세한 사항은 각 생활관별 첨부파일을 반드시 확인하시기 바랍니다 ※\n\n2025. 11. 27.\n \n충북대학교 학생생활관\n\n다음글, 이전글 보기\n다음글\n충북대학교 학생생활관 대학회계 계약직(경비원) 채용 공고\n이전글\n2025학년도 2학기 중도퇴거 생활관비 환불 가능 일자 및 퇴거일 안내\n목록\n개신누리(종합정보)\nCBNU 중앙도서관\n충북대학교 취업지원본부\n충북대학교 국제교류본부\n충북대정보화본부\n학생생활상담소\n충북대학교\n이용약관\n개인정보처리방침\n영상정보처리기기 운영 · 관리 방침\n이메일무단수집거부\n(28644) 충청북도 청주시 서원구 충대로 1 충북대학교 학생생활관\n개성재,계영원 : 043-261-2926양성재 : 043-261-3675양진재 : 043-249-1870양현재 : 043-261-2932\nCopyright 2020 Chungbuk National University (c) Allrights Reserved"} | headers=HTTPHeaderDict({'Content-Length': '2337', 'Content-Type': 'application/json; charset=utf-8', 'cache-control': 'no-cache'})
2025-12-03 08:14:19 [selenium.webdriver.remote.remote_connection] DEBUG: Finished Request
2025-12-03 08:14:19 [selenium.webdriver.remote.remote_connection] DEBUG: POST http://localhost:62956/session/55d29d1754d9f82f296e52be9f989bc5/url {'url': 'https://dorm.chungbuk.ac.kr/home/sub.php?menukey=20039&mod=view&no=454178809&listCnt=20'}
2025-12-03 08:14:19 [dorm] DEBUG: ✅ DB 업데이트 성공 (기존 레코드): 해외유입 홍역환자 지속 발생에 따른 ... (PK: dorm_454178632, Date preserved: 2025-12-03)
2025-12-03 08:14:19 [urllib3.connectionpool] DEBUG: http://localhost:62956 "POST /session/55d29d1754d9f82f296e52be9f989bc5/url HTTP/1.1" 200 0
2025-12-03 08:14:19 [selenium.webdriver.remote.remote_connection] DEBUG: Remote response: status=200 | data={"value":null} | headers=HTTPHeaderDict({'Content-Length': '14', 'Content-Type': 'application/json; charset=utf-8', 'cache-control': 'no-cache'})
2025-12-03 08:14:19 [selenium.webdriver.remote.remote_connection] DEBUG: Finished Request
2025-12-03 08:14:20 [selenium.webdriver.remote.remote_connection] DEBUG: POST http://localhost:62956/session/55d29d1754d9f82f296e52be9f989bc5/element {'using': 'tag name', 'value': 'body'}
2025-12-03 08:14:20 [urllib3.connectionpool] DEBUG: http://localhost:62956 "POST /session/55d29d1754d9f82f296e52be9f989bc5/element HTTP/1.1" 200 0
2025-12-03 08:14:20 [selenium.webdriver.remote.remote_connection] DEBUG: Remote response: status=200 | data={"value":{"element-6066-11e4-a52e-4f735466cecf":"f.2D963D2E8DF8830D0AEB1349B2AFCF15.d.F4DC48189DB05461CA07C73DFD810CD1.e.357"}} | headers=HTTPHeaderDict({'Content-Length': '127', 'Content-Type': 'application/json; charset=utf-8', 'cache-control': 'no-cache'})
2025-12-03 08:14:20 [selenium.webdriver.remote.remote_connection] DEBUG: Finished Request
2025-12-03 08:14:20 [selenium.webdriver.remote.remote_connection] DEBUG: GET http://localhost:62956/session/55d29d1754d9f82f296e52be9f989bc5/element/f.2D963D2E8DF8830D0AEB1349B2AFCF15.d.F4DC48189DB05461CA07C73DFD810CD1.e.357/text {}
2025-12-03 08:14:20 [urllib3.connectionpool] DEBUG: http://localhost:62956 "GET /session/55d29d1754d9f82f296e52be9f989bc5/element/f.2D963D2E8DF8830D0AEB1349B2AFCF15.d.F4DC48189DB05461CA07C73DFD810CD1.e.357/text HTTP/1.1" 200 0
2025-12-03 08:14:20 [selenium.webdriver.remote.remote_connection] DEBUG: Remote response: status=200 | data={"value":"검색열기 메뉴열기\n공지사항\n먼훗날 추억을 기리는 아름다운 곳, 충북대학교 학생생활관\n알림마당  공지사항\n2025학년도 2학기 중도퇴거 생활관비 환불 가능 일자 및 퇴거일 안내 - 게시글 상세보기\n 2025학년도 2학기 중도퇴거 생활관비 환불 가능 일자 및 퇴거일 안내  \n작성자 관리자 등록일 2025/11/26 조회 481\n\n다음글, 이전글 보기\n다음글\n2025학년도 학생생활관 동기 특별개관 입주자 모집 안내\n이전글\n [양진재,양성재] 방역 소독 안내 (12월 11일)    \n목록\n개신누리(종합정보)\nCBNU 중앙도서관\n충북대학교 취업지원본부\n충북대학교 국제교류본부\n충북대정보화본부\n학생생활상담소\n충북대학교\n이용약관\n개인정보처리방침\n영상정보처리기기 운영 · 관리 방침\n이메일무단수집거부\n(28644) 충청북도 청주시 서원구 충대로 1 충북대학교 학생생활관\n개성재,계영원 : 043-261-2926양성재 : 043-261-3675양진재 : 043-249-1870양현재 : 043-261-2932\nCopyright 2020 Chungbuk National University (c) Allrights Reserved"} | headers=HTTPHeaderDict({'Content-Length': '1191', 'Content-Type': 'application/json; charset=utf-8', 'cache-control': 'no-cache'})
2025-12-03 08:14:20 [selenium.webdriver.remote.remote_connection] DEBUG: Finished Request
2025-12-03 08:14:20 [selenium.webdriver.remote.remote_connection] DEBUG: POST http://localhost:62956/session/55d29d1754d9f82f296e52be9f989bc5/url {'url': 'https://dorm.chungbuk.ac.kr/home/sub.php?menukey=20039&mod=view&no=454178808&listCnt=20'}
2025-12-03 08:14:20 [urllib3.connectionpool] DEBUG: http://localhost:62956 "POST /session/55d29d1754d9f82f296e52be9f989bc5/url HTTP/1.1" 200 0
2025-12-03 08:14:20 [selenium.webdriver.remote.remote_connection] DEBUG: Remote response: status=200 | data={"value":null} | headers=HTTPHeaderDict({'Content-Length': '14', 'Content-Type': 'application/json; charset=utf-8', 'cache-control': 'no-cache'})
2025-12-03 08:14:20 [selenium.webdriver.remote.remote_connection] DEBUG: Finished Request
2025-12-03 08:14:21 [selenium.webdriver.remote.remote_connection] DEBUG: POST http://localhost:62956/session/55d29d1754d9f82f296e52be9f989bc5/element {'using': 'tag name', 'value': 'body'}
2025-12-03 08:14:21 [urllib3.connectionpool] DEBUG: http://localhost:62956 "POST /session/55d29d1754d9f82f296e52be9f989bc5/element HTTP/1.1" 200 0
2025-12-03 08:14:21 [selenium.webdriver.remote.remote_connection] DEBUG: Remote response: status=200 | data={"value":{"element-6066-11e4-a52e-4f735466cecf":"f.2D963D2E8DF8830D0AEB1349B2AFCF15.d.83DF5586D30331B4533880EB1A619EAE.e.365"}} | headers=HTTPHeaderDict({'Content-Length': '127', 'Content-Type': 'application/json; charset=utf-8', 'cache-control': 'no-cache'})
2025-12-03 08:14:21 [selenium.webdriver.remote.remote_connection] DEBUG: Finished Request
2025-12-03 08:14:21 [selenium.webdriver.remote.remote_connection] DEBUG: GET http://localhost:62956/session/55d29d1754d9f82f296e52be9f989bc5/element/f.2D963D2E8DF8830D0AEB1349B2AFCF15.d.83DF5586D30331B4533880EB1A619EAE.e.365/text {}
2025-12-03 08:14:21 [urllib3.connectionpool] DEBUG: http://localhost:62956 "GET /session/55d29d1754d9f82f296e52be9f989bc5/element/f.2D963D2E8DF8830D0AEB1349B2AFCF15.d.83DF5586D30331B4533880EB1A619EAE.e.365/text HTTP/1.1" 200 0
2025-12-03 08:14:21 [selenium.webdriver.remote.remote_connection] DEBUG: Remote response: status=200 | data={"value":"검색열기 메뉴열기\n공지사항\n먼훗날 추억을 기리는 아름다운 곳, 충북대학교 학생생활관\n알림마당  공지사항\n [양진재,양성재] 방역 소독 안내 (12월 11일)     - 게시글 상세보기\n  [양진재,양성재] 방역 소독 안내 (12월 11일)      \n작성자 운영사(주)체스넛1 등록일 2025/11/25 조회 220\n  보다 쾌적한 관내 생활을 위하여 \"양성재 및 양진재\" 생활관 호실 및 공용시설 실내 방역소독을 실시 합니다.\n양성재, 양진재 생활관생은 참고하여 주시기 바랍니다.\n   ▶ 양성재 2025년 12월 11일 (목)  9:00 ~ 12:00    ☎ 043-271-1151\n▶ 양진재 2025년 12월 11일 (목)  13:00 ~ 15:30  ☏ 043-715-5215\n    * 작업 시간은 사정에 따라, 변동 될 수 있습니다.\n* 호실출입이 있사오니, 귀중품은 반드시 소지하여 주시고 관생여러분들의 양해 부탁드립니다.\n  감사합니다.\n \n다음글, 이전글 보기\n다음글\n2025학년도 2학기 중도퇴거 생활관비 환불 가능 일자 및 퇴거일 안내\n이전글\n2025년도 충북대학교 교육수요자 만족도조사 실시 안내\n목록\n개신누리(종합정보)\nCBNU 중앙도서관\n충북대학교 취업지원본부\n충북대학교 국제교류본부\n충북대정보화본부\n학생생활상담소\n충북대학교\n이용약관\n개인정보처리방침\n영상정보처리기기 운영 · 관리 방침\n이메일무단수집거부\n(28644) 충청북도 청주시 서원구 충대로 1 충북대학교 학생생활관\n개성재,계영원 : 043-261-2926양성재 : 043-261-3675양진재 : 043-249-1870양현재 : 043-261-2932\nCopyright 2020 Chungbuk National University (c) Allrights Reserved"} | headers=HTTPHeaderDict({'Content-Length': '1774', 'Content-Type': 'application/json; charset=utf-8', 'cache-control': 'no-cache'})
2025-12-03 08:14:21 [selenium.webdriver.remote.remote_connection] DEBUG: Finished Request
2025-12-03 08:14:21 [scrapy.core.scraper] DEBUG: Scraped from <200 https://dorm.chungbuk.ac.kr/home/sub.php?menukey=20039>
{'board_type': '기숙사',
 'content': '충북대학교 학생생활관 대학회계 계약직(경비원) 채용 공고문.hwp (165Kb)\n'
            '[ 충북대학교 학생생활관 대학회계 계약직(경비원) 채용 공고 ]\n'
            '충북대학교 학생생활관 대학회계 계약직(경비원) 채용 시험을 붙임과 같이 공고합니다.\n'
            '기타 자세한 내용은 붙임 공고문을 참조하시기 바랍니다.  끝.\n'
            '- 충북대학교 학생생활관 -',
 'notice_id': 'dorm_454178813',
 'post_date': datetime.date(2025, 12, 3),
 'title': '충북대학교 학생생활관 대학회계 계약직(경비원) 채용 공고',
 'url': 'https://dorm.chungbuk.ac.kr/home/sub.php?menukey=20039&mod=view&no=454178813&listCnt=20'}
2025-12-03 08:14:21 [selenium.webdriver.remote.remote_connection] DEBUG: POST http://localhost:62956/session/55d29d1754d9f82f296e52be9f989bc5/url {'url': 'https://dorm.chungbuk.ac.kr/home/sub.php?menukey=20039&mod=view&no=454178805&listCnt=20'}
2025-12-03 08:14:21 [dorm] DEBUG: ✅ DB 업데이트 성공 (기존 레코드): 충북대학교 학생생활관 대학회계 계약직... (PK: dorm_454178813, Date preserved: 2025-12-03)
2025-12-03 08:14:21 [urllib3.connectionpool] DEBUG: http://localhost:62956 "POST /session/55d29d1754d9f82f296e52be9f989bc5/url HTTP/1.1" 200 0
2025-12-03 08:14:21 [selenium.webdriver.remote.remote_connection] DEBUG: Remote response: status=200 | data={"value":null} | headers=HTTPHeaderDict({'Content-Length': '14', 'Content-Type': 'application/json; charset=utf-8', 'cache-control': 'no-cache'})
2025-12-03 08:14:21 [selenium.webdriver.remote.remote_connection] DEBUG: Finished Request
2025-12-03 08:14:22 [selenium.webdriver.remote.remote_connection] DEBUG: POST http://localhost:62956/session/55d29d1754d9f82f296e52be9f989bc5/element {'using': 'tag name', 'value': 'body'}
2025-12-03 08:14:22 [urllib3.connectionpool] DEBUG: http://localhost:62956 "POST /session/55d29d1754d9f82f296e52be9f989bc5/element HTTP/1.1" 200 0
2025-12-03 08:14:22 [selenium.webdriver.remote.remote_connection] DEBUG: Remote response: status=200 | data={"value":{"element-6066-11e4-a52e-4f735466cecf":"f.2D963D2E8DF8830D0AEB1349B2AFCF15.d.E2E31489C7DDADD3C6A302EF927B69AC.e.373"}} | headers=HTTPHeaderDict({'Content-Length': '127', 'Content-Type': 'application/json; charset=utf-8', 'cache-control': 'no-cache'})
2025-12-03 08:14:22 [selenium.webdriver.remote.remote_connection] DEBUG: Finished Request
2025-12-03 08:14:22 [selenium.webdriver.remote.remote_connection] DEBUG: GET http://localhost:62956/session/55d29d1754d9f82f296e52be9f989bc5/element/f.2D963D2E8DF8830D0AEB1349B2AFCF15.d.E2E31489C7DDADD3C6A302EF927B69AC.e.373/text {}
2025-12-03 08:14:22 [urllib3.connectionpool] DEBUG: http://localhost:62956 "GET /session/55d29d1754d9f82f296e52be9f989bc5/element/f.2D963D2E8DF8830D0AEB1349B2AFCF15.d.E2E31489C7DDADD3C6A302EF927B69AC.e.373/text HTTP/1.1" 200 0
2025-12-03 08:14:22 [selenium.webdriver.remote.remote_connection] DEBUG: Remote response: status=200 | data={"value":"검색열기 메뉴열기\n공지사항\n먼훗날 추억을 기리는 아름다운 곳, 충북대학교 학생생활관\n알림마당  공지사항\n2025년도 충북대학교 교육수요자 만족도조사 실시 안내 - 게시글 상세보기\n 2025년도 충북대학교 교육수요자 만족도조사 실시 안내  \n작성자 관리자 등록일 2025/11/18 조회 371\n\n다음글, 이전글 보기\n다음글\n [양진재,양성재] 방역 소독 안내 (12월 11일)    \n이전글\n학생생활관 본관(계영원) 행정실 네트워크 설비 장애 안내\n목록\n개신누리(종합정보)\nCBNU 중앙도서관\n충북대학교 취업지원본부\n충북대학교 국제교류본부\n충북대정보화본부\n학생생활상담소\n충북대학교\n이용약관\n개인정보처리방침\n영상정보처리기기 운영 · 관리 방침\n이메일무단수집거부\n(28644) 충청북도 청주시 서원구 충대로 1 충북대학교 학생생활관\n개성재,계영원 : 043-261-2926양성재 : 043-261-3675양진재 : 043-249-1870양현재 : 043-261-2932\nCopyright 2020 Chungbuk National University (c) Allrights Reserved"} | headers=HTTPHeaderDict({'Content-Length': '1161', 'Content-Type': 'application/json; charset=utf-8', 'cache-control': 'no-cache'})
2025-12-03 08:14:22 [selenium.webdriver.remote.remote_connection] DEBUG: Finished Request
2025-12-03 08:14:22 [selenium.webdriver.remote.remote_connection] DEBUG: POST http://localhost:62956/session/55d29d1754d9f82f296e52be9f989bc5/url {'url': 'https://dorm.chungbuk.ac.kr/home/sub.php?menukey=20039&mod=view&no=454178802&listCnt=20'}
2025-12-03 08:14:23 [urllib3.connectionpool] DEBUG: http://localhost:62956 "POST /session/55d29d1754d9f82f296e52be9f989bc5/url HTTP/1.1" 200 0
2025-12-03 08:14:23 [selenium.webdriver.remote.remote_connection] DEBUG: Remote response: status=200 | data={"value":null} | headers=HTTPHeaderDict({'Content-Length': '14', 'Content-Type': 'application/json; charset=utf-8', 'cache-control': 'no-cache'})
2025-12-03 08:14:23 [selenium.webdriver.remote.remote_connection] DEBUG: Finished Request
2025-12-03 08:14:24 [selenium.webdriver.remote.remote_connection] DEBUG: POST http://localhost:62956/session/55d29d1754d9f82f296e52be9f989bc5/element {'using': 'tag name', 'value': 'body'}
2025-12-03 08:14:24 [urllib3.connectionpool] DEBUG: http://localhost:62956 "POST /session/55d29d1754d9f82f296e52be9f989bc5/element HTTP/1.1" 200 0
2025-12-03 08:14:24 [selenium.webdriver.remote.remote_connection] DEBUG: Remote response: status=200 | data={"value":{"element-6066-11e4-a52e-4f735466cecf":"f.2D963D2E8DF8830D0AEB1349B2AFCF15.d.0847BE19628F96A3825E82DC1076DE4C.e.381"}} | headers=HTTPHeaderDict({'Content-Length': '127', 'Content-Type': 'application/json; charset=utf-8', 'cache-control': 'no-cache'})
2025-12-03 08:14:24 [selenium.webdriver.remote.remote_connection] DEBUG: Finished Request
2025-12-03 08:14:24 [selenium.webdriver.remote.remote_connection] DEBUG: GET http://localhost:62956/session/55d29d1754d9f82f296e52be9f989bc5/element/f.2D963D2E8DF8830D0AEB1349B2AFCF15.d.0847BE19628F96A3825E82DC1076DE4C.e.381/text {}
2025-12-03 08:14:24 [urllib3.connectionpool] DEBUG: http://localhost:62956 "GET /session/55d29d1754d9f82f296e52be9f989bc5/element/f.2D963D2E8DF8830D0AEB1349B2AFCF15.d.0847BE19628F96A3825E82DC1076DE4C.e.381/text HTTP/1.1" 200 0
2025-12-03 08:14:24 [selenium.webdriver.remote.remote_connection] DEBUG: Remote response: status=200 | data={"value":"검색열기 메뉴열기\n공지사항\n먼훗날 추억을 기리는 아름다운 곳, 충북대학교 학생생활관\n알림마당  공지사항\n학생생활관 본관(계영원) 행정실 네트워크 설비 장애 안내 - 게시글 상세보기\n 학생생활관 본관(계영원) 행정실 네트워크 설비 장애 안내  \n작성자 관리자 등록일 2025/11/17 조회 365\n\n학생생활관 본관(계영원) 행정실 네트워크 설비 장애 안내\n\n현재 학생생활관 본관(계영원) 행정실의 네트워크 설비 장애가 발생하여 일부 업무(인터넷, 전화 수/발신)에 불편이 발생하고 있습니다.\n\n즉시 원인 파악 및 복구 작업을 진행하고 있으며, 안정적인 네트워크 환경이 조속히 정상화될 수 있도록 조치 중인 상태입니다.\n\n금일 본관(계영원) 행정실로 문의 필요시, 아래의 연락처로 문의 바랍니다.\n\n이용에 불편을 드려 죄송합니다. 양해를 부탁드립니다.\n\n감사합니다.\n\n*연락처 : 043-249-1870, 1874\n  - 충북대학교 학생생활관 -\n\n \n다음글, 이전글 보기\n다음글\n2025년도 충북대학교 교육수요자 만족도조사 실시 안내\n이전글\n [양진재,양성재] 세탁실 세탁조 청소 일정 안내 (변경)       \n목록\n개신누리(종합정보)\nCBNU 중앙도서관\n충북대학교 취업지원본부\n충북대학교 국제교류본부\n충북대정보화본부\n학생생활상담소\n충북대학교\n이용약관\n개인정보처리방침\n영상정보처리기기 운영 · 관리 방침\n이메일무단수집거부\n(28644) 충청북도 청주시 서원구 충대로 1 충북대학교 학생생활관\n개성재,계영원 : 043-261-2926양성재 : 043-261-3675양진재 : 043-249-1870양현재 : 043-261-2932\nCopyright 2020 Chungbuk National University (c) Allrights Reserved"} | headers=HTTPHeaderDict({'Content-Length': '1899', 'Content-Type': 'application/json; charset=utf-8', 'cache-control': 'no-cache'})
2025-12-03 08:14:24 [selenium.webdriver.remote.remote_connection] DEBUG: Finished Request
2025-12-03 08:14:24 [scrapy.core.scraper] DEBUG: Scraped from <200 https://dorm.chungbuk.ac.kr/home/sub.php?menukey=20039>
{'board_type': '기숙사',
 'content': '양성재(신민관,지선관) 2025학년도 동기 특별개관(방학 중 운영) 입주자 모집 안내.pdf (130Kb)\n'
            '양진재(인의관,예지관) 2025학년도 동기 특별개관(방학 중 운영) 입주자 모집 안내.pdf (85Kb)\n'
            '양현재 2025학년도 동기 특별개관(방학 중 운영) 입주자 모집 안내.pdf (87Kb)\n'
            '2025학년도 학생생활관 동기 특별개관(방학 중 운영) 입주자 모집 안내\n'
            '[ 운영 생활관 : 양성재(신민관 및 지선관), 양진재(인의관 및 예지관), 양현재 ]\n'
            "※본관 - '개성재'는 리모델링 공사, '계영원'은 관리동 수변전설비 전체 교체 공사로 인하여\n"
            "'25년도 동기 특별개관 기간은 운영하지 않습니다.\n"
            '* 신청기간 : 2025. 12. 3.(수) 10:00 ~ 12. 5.(금) 23:59  <3일간>\n'
            '* 납부기간 : 2025. 12. 9.(화) ~ 12. 10.(수)  <2일간>\n'
            '2025. 11. 27.\n'
            '충북대학교 학생생활관',
 'notice_id': 'dorm_454178810',
 'post_date': datetime.date(2025, 12, 3),
 'title': '2025학년도 학생생활관 동기 특별개관 입주자 모집 안내',
 'url': 'https://dorm.chungbuk.ac.kr/home/sub.php?menukey=20039&mod=view&no=454178810&listCnt=20'}
2025-12-03 08:14:24 [selenium.webdriver.remote.remote_connection] DEBUG: POST http://localhost:62956/session/55d29d1754d9f82f296e52be9f989bc5/url {'url': 'https://dorm.chungbuk.ac.kr/home/sub.php?menukey=20039&mod=view&no=454178801&listCnt=20'}
2025-12-03 08:14:24 [dorm] DEBUG: ✅ DB 업데이트 성공 (기존 레코드): 2025학년도 학생생활관 동기 특별개... (PK: dorm_454178810, Date preserved: 2025-12-03)
2025-12-03 08:14:24 [urllib3.connectionpool] DEBUG: http://localhost:62956 "POST /session/55d29d1754d9f82f296e52be9f989bc5/url HTTP/1.1" 200 0
2025-12-03 08:14:24 [selenium.webdriver.remote.remote_connection] DEBUG: Remote response: status=200 | data={"value":null} | headers=HTTPHeaderDict({'Content-Length': '14', 'Content-Type': 'application/json; charset=utf-8', 'cache-control': 'no-cache'})
2025-12-03 08:14:24 [selenium.webdriver.remote.remote_connection] DEBUG: Finished Request
2025-12-03 08:14:25 [selenium.webdriver.remote.remote_connection] DEBUG: POST http://localhost:62956/session/55d29d1754d9f82f296e52be9f989bc5/element {'using': 'tag name', 'value': 'body'}
2025-12-03 08:14:25 [urllib3.connectionpool] DEBUG: http://localhost:62956 "POST /session/55d29d1754d9f82f296e52be9f989bc5/element HTTP/1.1" 200 0
2025-12-03 08:14:25 [selenium.webdriver.remote.remote_connection] DEBUG: Remote response: status=200 | data={"value":{"element-6066-11e4-a52e-4f735466cecf":"f.2D963D2E8DF8830D0AEB1349B2AFCF15.d.41EDB62A23F2EF09E8E1E5A14D36CC8C.e.389"}} | headers=HTTPHeaderDict({'Content-Length': '127', 'Content-Type': 'application/json; charset=utf-8', 'cache-control': 'no-cache'})
2025-12-03 08:14:25 [selenium.webdriver.remote.remote_connection] DEBUG: Finished Request
2025-12-03 08:14:25 [selenium.webdriver.remote.remote_connection] DEBUG: GET http://localhost:62956/session/55d29d1754d9f82f296e52be9f989bc5/element/f.2D963D2E8DF8830D0AEB1349B2AFCF15.d.41EDB62A23F2EF09E8E1E5A14D36CC8C.e.389/text {}
2025-12-03 08:14:25 [urllib3.connectionpool] DEBUG: http://localhost:62956 "GET /session/55d29d1754d9f82f296e52be9f989bc5/element/f.2D963D2E8DF8830D0AEB1349B2AFCF15.d.41EDB62A23F2EF09E8E1E5A14D36CC8C.e.389/text HTTP/1.1" 200 0
2025-12-03 08:14:25 [selenium.webdriver.remote.remote_connection] DEBUG: Remote response: status=200 | data={"value":"검색열기 메뉴열기\n공지사항\n먼훗날 추억을 기리는 아름다운 곳, 충북대학교 학생생활관\n알림마당  공지사항\n [양진재,양성재] 세탁실 세탁조 청소 일정 안내 (변경)        - 게시글 상세보기\n  [양진재,양성재] 세탁실 세탁조 청소 일정 안내 (변경)         \n작성자 운영사(주)체스넛1 등록일 2025/11/17 조회 352\n[양진재,양성재] 세탁실 세탁조 청소 일정 안내 (변경)\n \n\"BTL생활관  양진재, 양성재\" 세탁실 세탁조 청소를 실시하오니 학생여러분은 아래 내용을 참고하여 주시기 바랍니다.  \n\n\n▷ 세탁실 세탁조 청소 일정 : \n\n\n2025년 11월 19일 (수)   9:00 ~ 19:00 (양성재)\n\n\n2025년 11월 20일 (목)   9:00 ~ 19:00 (양진재) \n \n \n \n불리는 시간 5~6시간, 고압청소 3~4시간  총 10시간 소요 예상\n\n\n- 작업일정은 사정에 따라 변경될 수 있으니 이점 유의하여 주시기 바랍니다.\n\n- 세탁기 청소 작업으로 인해 다소 불편하시더라도 양해를 요청드립니다.\n   \n다음글, 이전글 보기\n다음글\n학생생활관 본관(계영원) 행정실 네트워크 설비 장애 안내\n이전글\n[양진재, 양성재] 조경 작업 안내 (월동작업)      \n목록\n개신누리(종합정보)\nCBNU 중앙도서관\n충북대학교 취업지원본부\n충북대학교 국제교류본부\n충북대정보화본부\n학생생활상담소\n충북대학교\n이용약관\n개인정보처리방침\n영상정보처리기기 운영 · 관리 방침\n이메일무단수집거부\n(28644) 충청북도 청주시 서원구 충대로 1 충북대학교 학생생활관\n개성재,계영원 : 043-261-2926양성재 : 043-261-3675양진재 : 043-249-1870양현재 : 043-261-2932\nCopyright 2020 Chungbuk National University (c) Allrights Reserved"} | headers=HTTPHeaderDict({'Content-Length': '1894', 'Content-Type': 'application/json; charset=utf-8', 'cache-control': 'no-cache'})
2025-12-03 08:14:25 [selenium.webdriver.remote.remote_connection] DEBUG: Finished Request
2025-12-03 08:14:25 [scrapy.core.scraper] DEBUG: Scraped from <200 https://dorm.chungbuk.ac.kr/home/sub.php?menukey=20039>
{'board_type': '기숙사',
 'content': '충북대학교 학생생활관 현황(2025.9.9.).pdf (1192Kb)\n'
            '충북대학교 학생생활관의 생활관별 현황 자료를 제공하오니 <붙임> 파일을 참고하시기 바랍니다.\n'
            '<내용>\n'
            '1. 개관일\n'
            '2. 수용인원\n'
            '3. 위치\n'
            '4. 시설현황\n'
            '5. 생활관비',
 'notice_id': 'dorm_454178748',
 'post_date': datetime.date(2025, 12, 3),
 'title': '충북대학교 학생생활관 현황 안내',
 'url': 'https://dorm.chungbuk.ac.kr/home/sub.php?menukey=20039&mod=view&no=454178748&listCnt=20'}
2025-12-03 08:14:25 [selenium.webdriver.remote.remote_connection] DEBUG: POST http://localhost:62956/session/55d29d1754d9f82f296e52be9f989bc5/url {'url': 'https://dorm.chungbuk.ac.kr/home/sub.php?menukey=20039&mod=view&no=454178798&listCnt=20'}
2025-12-03 08:14:25 [dorm] DEBUG: ✅ DB 업데이트 성공 (기존 레코드): [양진재,양성재] 방역 소독 안내 (... (PK: dorm_454178808, Date preserved: 2025-12-03)
2025-12-03 08:14:25 [urllib3.connectionpool] DEBUG: http://localhost:62956 "POST /session/55d29d1754d9f82f296e52be9f989bc5/url HTTP/1.1" 200 0
2025-12-03 08:14:25 [selenium.webdriver.remote.remote_connection] DEBUG: Remote response: status=200 | data={"value":null} | headers=HTTPHeaderDict({'Content-Length': '14', 'Content-Type': 'application/json; charset=utf-8', 'cache-control': 'no-cache'})
2025-12-03 08:14:25 [selenium.webdriver.remote.remote_connection] DEBUG: Finished Request
2025-12-03 08:14:26 [selenium.webdriver.remote.remote_connection] DEBUG: POST http://localhost:62956/session/55d29d1754d9f82f296e52be9f989bc5/element {'using': 'tag name', 'value': 'body'}
2025-12-03 08:14:26 [urllib3.connectionpool] DEBUG: http://localhost:62956 "POST /session/55d29d1754d9f82f296e52be9f989bc5/element HTTP/1.1" 200 0
2025-12-03 08:14:26 [selenium.webdriver.remote.remote_connection] DEBUG: Remote response: status=200 | data={"value":{"element-6066-11e4-a52e-4f735466cecf":"f.2D963D2E8DF8830D0AEB1349B2AFCF15.d.AB280D8F835604CAAA9C752CF2403066.e.397"}} | headers=HTTPHeaderDict({'Content-Length': '127', 'Content-Type': 'application/json; charset=utf-8', 'cache-control': 'no-cache'})
2025-12-03 08:14:26 [selenium.webdriver.remote.remote_connection] DEBUG: Finished Request
2025-12-03 08:14:26 [selenium.webdriver.remote.remote_connection] DEBUG: GET http://localhost:62956/session/55d29d1754d9f82f296e52be9f989bc5/element/f.2D963D2E8DF8830D0AEB1349B2AFCF15.d.AB280D8F835604CAAA9C752CF2403066.e.397/text {}
2025-12-03 08:14:26 [urllib3.connectionpool] DEBUG: http://localhost:62956 "GET /session/55d29d1754d9f82f296e52be9f989bc5/element/f.2D963D2E8DF8830D0AEB1349B2AFCF15.d.AB280D8F835604CAAA9C752CF2403066.e.397/text HTTP/1.1" 200 0
2025-12-03 08:14:26 [selenium.webdriver.remote.remote_connection] DEBUG: Remote response: status=200 | data={"value":"검색열기 메뉴열기\n공지사항\n먼훗날 추억을 기리는 아름다운 곳, 충북대학교 학생생활관\n알림마당  공지사항\n[양진재, 양성재] 조경 작업 안내 (월동작업)       - 게시글 상세보기\n [양진재, 양성재] 조경 작업 안내 (월동작업)        \n작성자 운영사(주)체스넛1 등록일 2025/11/03 조회 300\n보다 쾌적한 생활을 위하여 \"양성재, 양진재\" 생활관 외부 조경 작업을 실시합니다.\n관생여러분들의 양해 바랍니다.\n \n\n일 시 : 2025. 11. 6(목) \n\n\n양진재 : 8:30 ~ 11:00\n\n\n양성재 :11:10 ~ 14:00\n\n\n(작업 일정은 날씨 및 업체 사정에 따라 변경 될 수 있습니다. )\n\n\n* 소음발생이 일어나는 작업이므로 양해 요청드립니다. \n\n\n문의사항 양성재 043.271.1151\n               양진재 043.715.5215\n \n다음글, 이전글 보기\n다음글\n [양진재,양성재] 세탁실 세탁조 청소 일정 안내 (변경)       \n이전글\n[양성재] 3분기 설문조사 불만족 조치 알림\n목록\n개신누리(종합정보)\nCBNU 중앙도서관\n충북대학교 취업지원본부\n충북대학교 국제교류본부\n충북대정보화본부\n학생생활상담소\n충북대학교\n이용약관\n개인정보처리방침\n영상정보처리기기 운영 · 관리 방침\n이메일무단수집거부\n(28644) 충청북도 청주시 서원구 충대로 1 충북대학교 학생생활관\n개성재,계영원 : 043-261-2926양성재 : 043-261-3675양진재 : 043-249-1870양현재 : 043-261-2932\nCopyright 2020 Chungbuk National University (c) Allrights Reserved"} | headers=HTTPHeaderDict({'Content-Length': '1659', 'Content-Type': 'application/json; charset=utf-8', 'cache-control': 'no-cache'})
2025-12-03 08:14:26 [selenium.webdriver.remote.remote_connection] DEBUG: Finished Request
2025-12-03 08:14:26 [scrapy.core.scraper] DEBUG: Scraped from <200 https://dorm.chungbuk.ac.kr/home/sub.php?menukey=20039>
{'board_type': '기숙사',
 'content': '2025학년도 2학기 학생생활관 생활관생 3차 추가모집 안내.pdf (170Kb)\n'
            '2025학년도 2학기 학생생활관 생활관생(3차) 추가모집 안내\n'
            '2025학년도 2학기 학생생활관 미등록석의 충원을 위하여 생활관생 3차 추가모집을 실시하오니,\n'
            '정해진 기간 내에 입주신청, 급식제도 선택, 생활관비 납부 등 안내사항을 따라 주시기 바랍니다.\n'
            '감사합니다.\n'
            '- 주요 일정 -\n'
            '*모집 생활관 : 본관(여), 양성재(남,여), 양진재(남,여), 양현재(남,여)\n'
            '※본 공고일 기준 2025학년도 2학기 생활관비 납부자는 지원 대상이 아닙니다.\n'
            '*입주 신청 : 2025. 8. 25.(월) 10:00 ~ 충원시까지 상시(학기 중)\n'
            '*선발자 발표(급식선택, 생활관비 납부, 입주일 등) : 선발자에 한하여 개별 안내\n'
            '2025.  8.  22.\n'
            '- 충 북 대 학 교 학 생 생 활 관 -',
 'notice_id': 'dorm_454178726',
 'post_date': datetime.date(2025, 12, 3),
 'title': '2025학년도 2학기 학생생활관 생활관생(3차) 추가모집 안내',
 'url': 'https://dorm.chungbuk.ac.kr/home/sub.php?menukey=20039&mod=view&no=454178726&listCnt=20'}
2025-12-03 08:14:26 [selenium.webdriver.remote.remote_connection] DEBUG: POST http://localhost:62956/session/55d29d1754d9f82f296e52be9f989bc5/url {'url': 'https://dorm.chungbuk.ac.kr/home/sub.php?menukey=20039&mod=view&no=454178797&listCnt=20'}
2025-12-03 08:14:26 [dorm] DEBUG: ✅ DB 업데이트 성공 (기존 레코드): 학생생활관 본관(계영원) 행정실 네트... (PK: dorm_454178802, Date preserved: 2025-12-03)
2025-12-03 08:14:26 [urllib3.connectionpool] DEBUG: http://localhost:62956 "POST /session/55d29d1754d9f82f296e52be9f989bc5/url HTTP/1.1" 200 0
2025-12-03 08:14:26 [selenium.webdriver.remote.remote_connection] DEBUG: Remote response: status=200 | data={"value":null} | headers=HTTPHeaderDict({'Content-Length': '14', 'Content-Type': 'application/json; charset=utf-8', 'cache-control': 'no-cache'})
2025-12-03 08:14:26 [selenium.webdriver.remote.remote_connection] DEBUG: Finished Request
2025-12-03 08:14:27 [selenium.webdriver.remote.remote_connection] DEBUG: POST http://localhost:62956/session/55d29d1754d9f82f296e52be9f989bc5/element {'using': 'tag name', 'value': 'body'}
2025-12-03 08:14:27 [urllib3.connectionpool] DEBUG: http://localhost:62956 "POST /session/55d29d1754d9f82f296e52be9f989bc5/element HTTP/1.1" 200 0
2025-12-03 08:14:27 [selenium.webdriver.remote.remote_connection] DEBUG: Remote response: status=200 | data={"value":{"element-6066-11e4-a52e-4f735466cecf":"f.2D963D2E8DF8830D0AEB1349B2AFCF15.d.E75BB1B7E55C94E6014722F234D9BD62.e.405"}} | headers=HTTPHeaderDict({'Content-Length': '127', 'Content-Type': 'application/json; charset=utf-8', 'cache-control': 'no-cache'})
2025-12-03 08:14:27 [selenium.webdriver.remote.remote_connection] DEBUG: Finished Request
2025-12-03 08:14:27 [selenium.webdriver.remote.remote_connection] DEBUG: GET http://localhost:62956/session/55d29d1754d9f82f296e52be9f989bc5/element/f.2D963D2E8DF8830D0AEB1349B2AFCF15.d.E75BB1B7E55C94E6014722F234D9BD62.e.405/text {}
2025-12-03 08:14:27 [urllib3.connectionpool] DEBUG: http://localhost:62956 "GET /session/55d29d1754d9f82f296e52be9f989bc5/element/f.2D963D2E8DF8830D0AEB1349B2AFCF15.d.E75BB1B7E55C94E6014722F234D9BD62.e.405/text HTTP/1.1" 200 0
2025-12-03 08:14:27 [selenium.webdriver.remote.remote_connection] DEBUG: Remote response: status=200 | data={"value":"검색열기 메뉴열기\n공지사항\n먼훗날 추억을 기리는 아름다운 곳, 충북대학교 학생생활관\n알림마당  공지사항\n[양성재] 3분기 설문조사 불만족 조치 알림 - 게시글 상세보기\n [양성재] 3분기 설문조사 불만족 조치 알림  \n작성자 운영사(주)체스넛1 등록일 2025/11/03 조회 502\n첨부\n 양성재 3분기 설문조사 불만족 조치 알림.jpg (718Kb)\n다운로드\n\n\n\n다음글, 이전글 보기\n다음글\n[양진재, 양성재] 조경 작업 안내 (월동작업)      \n이전글\n[양진재] 3분기 설문조사 불만족 조치 알림\n목록\n개신누리(종합정보)\nCBNU 중앙도서관\n충북대학교 취업지원본부\n충북대학교 국제교류본부\n충북대정보화본부\n학생생활상담소\n충북대학교\n이용약관\n개인정보처리방침\n영상정보처리기기 운영 · 관리 방침\n이메일무단수집거부\n(28644) 충청북도 청주시 서원구 충대로 1 충북대학교 학생생활관\n개성재,계영원 : 043-261-2926양성재 : 043-261-3675양진재 : 043-249-1870양현재 : 043-261-2932\nCopyright 2020 Chungbuk National University (c) Allrights Reserved"} | headers=HTTPHeaderDict({'Content-Length': '1221', 'Content-Type': 'application/json; charset=utf-8', 'cache-control': 'no-cache'})
2025-12-03 08:14:27 [selenium.webdriver.remote.remote_connection] DEBUG: Finished Request
2025-12-03 08:14:27 [scrapy.core.scraper] DEBUG: Scraped from <200 https://dorm.chungbuk.ac.kr/home/sub.php?menukey=20039>
{'board_type': '기숙사',
 'content': '홍역예방수칙_카드뉴스(13개언어).zip (33303Kb)\n'
            '해외유입 홍역환자 지속 발생에 따른 홍역 예방 수칙 안내\n'
            '2025. 4. 14.\n'
            '충북대학교 학생생활관',
 'notice_id': 'dorm_454178632',
 'post_date': datetime.date(2025, 12, 3),
 'title': '해외유입 홍역환자 지속 발생에 따른 홍역 예방 수칙 안내',
 'url': 'https://dorm.chungbuk.ac.kr/home/sub.php?menukey=20039&mod=view&no=454178632&listCnt=20'}
2025-12-03 08:14:27 [selenium.webdriver.remote.remote_connection] DEBUG: POST http://localhost:62956/session/55d29d1754d9f82f296e52be9f989bc5/url {'url': 'https://dorm.chungbuk.ac.kr/home/sub.php?menukey=20039&mod=view&no=454178796&listCnt=20'}
2025-12-03 08:14:27 [dorm] DEBUG: ✅ DB 업데이트 성공 (기존 레코드): [양진재,양성재] 세탁실 세탁조 청소... (PK: dorm_454178801, Date preserved: 2025-12-03)
2025-12-03 08:14:28 [urllib3.connectionpool] DEBUG: http://localhost:62956 "POST /session/55d29d1754d9f82f296e52be9f989bc5/url HTTP/1.1" 200 0
2025-12-03 08:14:28 [selenium.webdriver.remote.remote_connection] DEBUG: Remote response: status=200 | data={"value":null} | headers=HTTPHeaderDict({'Content-Length': '14', 'Content-Type': 'application/json; charset=utf-8', 'cache-control': 'no-cache'})
2025-12-03 08:14:28 [selenium.webdriver.remote.remote_connection] DEBUG: Finished Request
2025-12-03 08:14:29 [selenium.webdriver.remote.remote_connection] DEBUG: POST http://localhost:62956/session/55d29d1754d9f82f296e52be9f989bc5/element {'using': 'tag name', 'value': 'body'}
2025-12-03 08:14:29 [urllib3.connectionpool] DEBUG: http://localhost:62956 "POST /session/55d29d1754d9f82f296e52be9f989bc5/element HTTP/1.1" 200 0
2025-12-03 08:14:29 [selenium.webdriver.remote.remote_connection] DEBUG: Remote response: status=200 | data={"value":{"element-6066-11e4-a52e-4f735466cecf":"f.2D963D2E8DF8830D0AEB1349B2AFCF15.d.26D8D7A8CF60D6B646828F132EB8E4A1.e.413"}} | headers=HTTPHeaderDict({'Content-Length': '127', 'Content-Type': 'application/json; charset=utf-8', 'cache-control': 'no-cache'})
2025-12-03 08:14:29 [selenium.webdriver.remote.remote_connection] DEBUG: Finished Request
2025-12-03 08:14:29 [selenium.webdriver.remote.remote_connection] DEBUG: GET http://localhost:62956/session/55d29d1754d9f82f296e52be9f989bc5/element/f.2D963D2E8DF8830D0AEB1349B2AFCF15.d.26D8D7A8CF60D6B646828F132EB8E4A1.e.413/text {}
2025-12-03 08:14:29 [urllib3.connectionpool] DEBUG: http://localhost:62956 "GET /session/55d29d1754d9f82f296e52be9f989bc5/element/f.2D963D2E8DF8830D0AEB1349B2AFCF15.d.26D8D7A8CF60D6B646828F132EB8E4A1.e.413/text HTTP/1.1" 200 0
2025-12-03 08:14:29 [selenium.webdriver.remote.remote_connection] DEBUG: Remote response: status=200 | data={"value":"검색열기 메뉴열기\n공지사항\n먼훗날 추억을 기리는 아름다운 곳, 충북대학교 학생생활관\n알림마당  공지사항\n[양진재] 3분기 설문조사 불만족 조치 알림 - 게시글 상세보기\n [양진재] 3분기 설문조사 불만족 조치 알림  \n작성자 운영사(주)체스넛1 등록일 2025/11/03 조회 473\n첨부\n 양진재 3분기 설문조사 불만족 조치 알림.jpg (577Kb)\n다운로드\n\n\n\n다음글, 이전글 보기\n다음글\n[양성재] 3분기 설문조사 불만족 조치 알림\n이전글\n[양현재] 지열 난방 가동 안내\n목록\n개신누리(종합정보)\nCBNU 중앙도서관\n충북대학교 취업지원본부\n충북대학교 국제교류본부\n충북대정보화본부\n학생생활상담소\n충북대학교\n이용약관\n개인정보처리방침\n영상정보처리기기 운영 · 관리 방침\n이메일무단수집거부\n(28644) 충청북도 청주시 서원구 충대로 1 충북대학교 학생생활관\n개성재,계영원 : 043-261-2926양성재 : 043-261-3675양진재 : 043-249-1870양현재 : 043-261-2932\nCopyright 2020 Chungbuk National University (c) Allrights Reserved"} | headers=HTTPHeaderDict({'Content-Length': '1196', 'Content-Type': 'application/json; charset=utf-8', 'cache-control': 'no-cache'})
2025-12-03 08:14:29 [selenium.webdriver.remote.remote_connection] DEBUG: Finished Request
2025-12-03 08:14:29 [scrapy.core.scraper] DEBUG: Scraped from <200 https://dorm.chungbuk.ac.kr/home/sub.php?menukey=20039>
{'board_type': '기숙사',
 'content': '충북대학교 학생생활관 대학회계 계약직(경비원) 채용 공고문.hwp (165Kb)\n'
            '[ 충북대학교 학생생활관 대학회계 계약직(경비원) 채용 공고 ]\n'
            '충북대학교 학생생활관 대학회계 계약직(경비원) 채용 시험을 붙임과 같이 공고합니다.\n'
            '기타 자세한 내용은 붙임 공고문을 참조하시기 바랍니다.  끝.\n'
            '- 충북대학교 학생생활관 -',
 'notice_id': 'dorm_454178813',
 'post_date': datetime.date(2025, 12, 3),
 'title': '충북대학교 학생생활관 대학회계 계약직(경비원) 채용 공고',
 'url': 'https://dorm.chungbuk.ac.kr/home/sub.php?menukey=20039&mod=view&no=454178813&listCnt=20'}
2025-12-03 08:14:29 [selenium.webdriver.remote.remote_connection] DEBUG: POST http://localhost:62956/session/55d29d1754d9f82f296e52be9f989bc5/url {'url': 'https://dorm.chungbuk.ac.kr/home/sub.php?menukey=20039&mod=view&no=454178794&listCnt=20'}
2025-12-03 08:14:29 [dorm] DEBUG: ✅ DB 업데이트 성공 (기존 레코드): [양진재, 양성재] 조경 작업 안내 ... (PK: dorm_454178798, Date preserved: 2025-12-03)
2025-12-03 08:14:29 [urllib3.connectionpool] DEBUG: http://localhost:62956 "POST /session/55d29d1754d9f82f296e52be9f989bc5/url HTTP/1.1" 200 0
2025-12-03 08:14:29 [selenium.webdriver.remote.remote_connection] DEBUG: Remote response: status=200 | data={"value":null} | headers=HTTPHeaderDict({'Content-Length': '14', 'Content-Type': 'application/json; charset=utf-8', 'cache-control': 'no-cache'})
2025-12-03 08:14:29 [selenium.webdriver.remote.remote_connection] DEBUG: Finished Request
2025-12-03 08:14:30 [selenium.webdriver.remote.remote_connection] DEBUG: POST http://localhost:62956/session/55d29d1754d9f82f296e52be9f989bc5/element {'using': 'tag name', 'value': 'body'}
2025-12-03 08:14:30 [urllib3.connectionpool] DEBUG: http://localhost:62956 "POST /session/55d29d1754d9f82f296e52be9f989bc5/element HTTP/1.1" 200 0
2025-12-03 08:14:30 [selenium.webdriver.remote.remote_connection] DEBUG: Remote response: status=200 | data={"value":{"element-6066-11e4-a52e-4f735466cecf":"f.2D963D2E8DF8830D0AEB1349B2AFCF15.d.24C92694BFE6BAC808E050D5EF973429.e.421"}} | headers=HTTPHeaderDict({'Content-Length': '127', 'Content-Type': 'application/json; charset=utf-8', 'cache-control': 'no-cache'})
2025-12-03 08:14:30 [selenium.webdriver.remote.remote_connection] DEBUG: Finished Request
2025-12-03 08:14:30 [selenium.webdriver.remote.remote_connection] DEBUG: GET http://localhost:62956/session/55d29d1754d9f82f296e52be9f989bc5/element/f.2D963D2E8DF8830D0AEB1349B2AFCF15.d.24C92694BFE6BAC808E050D5EF973429.e.421/text {}
2025-12-03 08:14:30 [urllib3.connectionpool] DEBUG: http://localhost:62956 "GET /session/55d29d1754d9f82f296e52be9f989bc5/element/f.2D963D2E8DF8830D0AEB1349B2AFCF15.d.24C92694BFE6BAC808E050D5EF973429.e.421/text HTTP/1.1" 200 0
2025-12-03 08:14:30 [selenium.webdriver.remote.remote_connection] DEBUG: Remote response: status=200 | data={"value":"검색열기 메뉴열기\n공지사항\n먼훗날 추억을 기리는 아름다운 곳, 충북대학교 학생생활관\n알림마당  공지사항\n[양현재] 지열 난방 가동 안내 - 게시글 상세보기\n [양현재] 지열 난방 가동 안내  \n작성자 운영사(주)SM 등록일 2025/10/31 조회 515\n첨부\n 난방기 가동 알림.hwp (164Kb)\n다운로드\n        학생 생활관 양현재 (BTL) 지열 난방 가동 알림\n\n 지열을 이용한 난방기 가동 운영 일정  및  냉방기 실외기 수리 일정에 관하여\n 다음과 같이 공지 드리 오니  학생 여러분의 협조 바랍니다. \n   \n                                    다                   음\n\n 1. 지열 난방 운영기간 : 25년 11월 3일 (월)~26년 3월 31일(화)  (상황에 따라 유동적)\n\n 2. 난방 가동전 냉방기 남자 6,7층 실외기 교체 작업 예정 (11월3일 09:00~18:00 예정)\n   (수리 후 남자 6,7층만 일시적 냉방기 가동 예정 입니다)\n\n 3. 실내 기준 온도 평균 25ºC 이하유지 (셋팅 온도 23ºC~25 ºC )\n\n 4. \"난방 가동 안내 및 협조 사항\"  (승강기 공지 참고 바랍니다.)\n\n\n\n♦ 에너지 절감을 위해 적정 온도 유지 바라며, 이용 중 불편사항은 로비 1층 운영 사무실 방문 바랍니다.\n    \n      운영사무실  (주)SM에스엠        문의사항 070-4350-1170   \n\n \n다음글, 이전글 보기\n다음글\n[양진재] 3분기 설문조사 불만족 조치 알림\n이전글\n [양진재,양성재] 세탁실 세탁조 청소 일정 안내       \n목록\n개신누리(종합정보)\nCBNU 중앙도서관\n충북대학교 취업지원본부\n충북대학교 국제교류본부\n충북대정보화본부\n학생생활상담소\n충북대학교\n이용약관\n개인정보처리방침\n영상정보처리기기 운영 · 관리 방침\n이메일무단수집거부\n(28644) 충청북도 청주시 서원구 충대로 1 충북대학교 학생생활관\n개성재,계영원 : 043-261-2926양성재 : 043-261-3675양진재 : 043-249-1870양현재 : 043-261-2932\nCopyright 2020 Chungbuk National University (c) Allrights Reserved"} | headers=HTTPHeaderDict({'Content-Length': '2187', 'Content-Type': 'application/json; charset=utf-8', 'cache-control': 'no-cache'})
2025-12-03 08:14:30 [selenium.webdriver.remote.remote_connection] DEBUG: Finished Request
2025-12-03 08:14:30 [scrapy.core.scraper] DEBUG: Scraped from <200 https://dorm.chungbuk.ac.kr/home/sub.php?menukey=20039>
{'board_type': '기숙사',
 'content': '양성재(신민관,지선관) 2025학년도 동기 특별개관(방학 중 운영) 입주자 모집 안내.pdf (130Kb)\n'
            '양진재(인의관,예지관) 2025학년도 동기 특별개관(방학 중 운영) 입주자 모집 안내.pdf (85Kb)\n'
            '양현재 2025학년도 동기 특별개관(방학 중 운영) 입주자 모집 안내.pdf (87Kb)\n'
            '2025학년도 학생생활관 동기 특별개관(방학 중 운영) 입주자 모집 안내\n'
            '[ 운영 생활관 : 양성재(신민관 및 지선관), 양진재(인의관 및 예지관), 양현재 ]\n'
            "※본관 - '개성재'는 리모델링 공사, '계영원'은 관리동 수변전설비 전체 교체 공사로 인하여\n"
            "'25년도 동기 특별개관 기간은 운영하지 않습니다.\n"
            '* 신청기간 : 2025. 12. 3.(수) 10:00 ~ 12. 5.(금) 23:59  <3일간>\n'
            '* 납부기간 : 2025. 12. 9.(화) ~ 12. 10.(수)  <2일간>\n'
            '2025. 11. 27.\n'
            '충북대학교 학생생활관',
 'notice_id': 'dorm_454178810',
 'post_date': datetime.date(2025, 12, 3),
 'title': '2025학년도 학생생활관 동기 특별개관 입주자 모집 안내',
 'url': 'https://dorm.chungbuk.ac.kr/home/sub.php?menukey=20039&mod=view&no=454178810&listCnt=20'}
2025-12-03 08:14:30 [selenium.webdriver.remote.remote_connection] DEBUG: POST http://localhost:62956/session/55d29d1754d9f82f296e52be9f989bc5/url {'url': 'https://dorm.chungbuk.ac.kr/home/sub.php?menukey=20039&mod=view&no=454178792&listCnt=20'}
2025-12-03 08:14:30 [dorm] DEBUG: ✅ DB 업데이트 성공 (기존 레코드): [양성재] 3분기 설문조사 불만족 조... (PK: dorm_454178797, Date preserved: 2025-12-03)
2025-12-03 08:14:30 [urllib3.connectionpool] DEBUG: http://localhost:62956 "POST /session/55d29d1754d9f82f296e52be9f989bc5/url HTTP/1.1" 200 0
2025-12-03 08:14:30 [selenium.webdriver.remote.remote_connection] DEBUG: Remote response: status=200 | data={"value":null} | headers=HTTPHeaderDict({'Content-Length': '14', 'Content-Type': 'application/json; charset=utf-8', 'cache-control': 'no-cache'})
2025-12-03 08:14:30 [selenium.webdriver.remote.remote_connection] DEBUG: Finished Request
2025-12-03 08:14:31 [selenium.webdriver.remote.remote_connection] DEBUG: POST http://localhost:62956/session/55d29d1754d9f82f296e52be9f989bc5/element {'using': 'tag name', 'value': 'body'}
2025-12-03 08:14:31 [urllib3.connectionpool] DEBUG: http://localhost:62956 "POST /session/55d29d1754d9f82f296e52be9f989bc5/element HTTP/1.1" 200 0
2025-12-03 08:14:31 [selenium.webdriver.remote.remote_connection] DEBUG: Remote response: status=200 | data={"value":{"element-6066-11e4-a52e-4f735466cecf":"f.2D963D2E8DF8830D0AEB1349B2AFCF15.d.3C2BAEB0CA8BF37E5895AF1006700017.e.429"}} | headers=HTTPHeaderDict({'Content-Length': '127', 'Content-Type': 'application/json; charset=utf-8', 'cache-control': 'no-cache'})
2025-12-03 08:14:31 [selenium.webdriver.remote.remote_connection] DEBUG: Finished Request
2025-12-03 08:14:31 [selenium.webdriver.remote.remote_connection] DEBUG: GET http://localhost:62956/session/55d29d1754d9f82f296e52be9f989bc5/element/f.2D963D2E8DF8830D0AEB1349B2AFCF15.d.3C2BAEB0CA8BF37E5895AF1006700017.e.429/text {}
2025-12-03 08:14:31 [urllib3.connectionpool] DEBUG: http://localhost:62956 "GET /session/55d29d1754d9f82f296e52be9f989bc5/element/f.2D963D2E8DF8830D0AEB1349B2AFCF15.d.3C2BAEB0CA8BF37E5895AF1006700017.e.429/text HTTP/1.1" 200 0
2025-12-03 08:14:31 [selenium.webdriver.remote.remote_connection] DEBUG: Remote response: status=200 | data={"value":"검색열기 메뉴열기\n공지사항\n먼훗날 추억을 기리는 아름다운 곳, 충북대학교 학생생활관\n알림마당  공지사항\n [양진재,양성재] 세탁실 세탁조 청소 일정 안내        - 게시글 상세보기\n  [양진재,양성재] 세탁실 세탁조 청소 일정 안내         \n작성자 운영사(주)체스넛1 등록일 2025/10/29 조회 489\n[양진재,양성재] 세탁실 세탁조 청소 일정 안내 \n \n\"BTL생활관  양진재, 양성재\" 세탁실 세탁조 청소를 실시하오니 학생여러분은 아래 내용을 참고하여 주시기 바랍니다.  \n\n\n▷ 세탁실 세탁조 청소 일정 : \n\n\n2025년 11월 4일 (화)   9:00 ~ 19:00 (양성재)\n\n\n2025년 11월 7일 (금)   9:00 ~ 19:00 (양진재) \n \n \n \n불리는 시간 5~6시간, 고압청소 3~4시간  총 10시간 소요 예상\n\n\n- 작업일정은 사정에 따라 변경될 수 있으니 이점 유의하여 주시기 바랍니다.\n\n- 세탁기 청소 작업으로 인해 다소 불편하시더라도 양해를 요청드립니다.\n   \n다음글, 이전글 보기\n다음글\n[양현재] 지열 난방 가동 안내\n이전글\n[양현재(BTL)] 난방(바닥) 가동 안내\n목록\n개신누리(종합정보)\nCBNU 중앙도서관\n충북대학교 취업지원본부\n충북대학교 국제교류본부\n충북대정보화본부\n학생생활상담소\n충북대학교\n이용약관\n개인정보처리방침\n영상정보처리기기 운영 · 관리 방침\n이메일무단수집거부\n(28644) 충청북도 청주시 서원구 충대로 1 충북대학교 학생생활관\n개성재,계영원 : 043-261-2926양성재 : 043-261-3675양진재 : 043-249-1870양현재 : 043-261-2932\nCopyright 2020 Chungbuk National University (c) Allrights Reserved"} | headers=HTTPHeaderDict({'Content-Length': '1809', 'Content-Type': 'application/json; charset=utf-8', 'cache-control': 'no-cache'})
2025-12-03 08:14:31 [selenium.webdriver.remote.remote_connection] DEBUG: Finished Request
2025-12-03 08:14:31 [scrapy.core.scraper] DEBUG: Scraped from <200 https://dorm.chungbuk.ac.kr/home/sub.php?menukey=20039>
{'board_type': '기숙사',
 'content': '보다 쾌적한 관내 생활을 위하여 "양성재 및 양진재" 생활관 호실 및 공용시설 실내 방역소독을 실시 합니다.\n'
            '양성재, 양진재 생활관생은 참고하여 주시기 바랍니다.\n'
            '▶ 양성재 2025년 12월 11일 (목)  9:00 ~ 12:00    ☎ 043-271-1151\n'
            '▶ 양진재 2025년 12월 11일 (목)  13:00 ~ 15:30  ☏ 043-715-5215\n'
            '* 작업 시간은 사정에 따라, 변동 될 수 있습니다.\n'
            '* 호실출입이 있사오니, 귀중품은 반드시 소지하여 주시고 관생여러분들의 양해 부탁드립니다.\n'
            '감사합니다.',
 'notice_id': 'dorm_454178808',
 'post_date': datetime.date(2025, 12, 3),
 'title': '[양진재,양성재] 방역 소독 안내 (12월 11일)',
 'url': 'https://dorm.chungbuk.ac.kr/home/sub.php?menukey=20039&mod=view&no=454178808&listCnt=20'}
2025-12-03 08:14:31 [selenium.webdriver.remote.remote_connection] DEBUG: POST http://localhost:62956/session/55d29d1754d9f82f296e52be9f989bc5/url {'url': 'https://dorm.chungbuk.ac.kr/home/sub.php?menukey=20039&mod=view&no=454178789&listCnt=20'}
2025-12-03 08:14:31 [dorm] DEBUG: ✅ DB 업데이트 성공 (기존 레코드): [양진재] 3분기 설문조사 불만족 조... (PK: dorm_454178796, Date preserved: 2025-12-03)
2025-12-03 08:14:31 [urllib3.connectionpool] DEBUG: http://localhost:62956 "POST /session/55d29d1754d9f82f296e52be9f989bc5/url HTTP/1.1" 200 0
2025-12-03 08:14:31 [selenium.webdriver.remote.remote_connection] DEBUG: Remote response: status=200 | data={"value":null} | headers=HTTPHeaderDict({'Content-Length': '14', 'Content-Type': 'application/json; charset=utf-8', 'cache-control': 'no-cache'})
2025-12-03 08:14:31 [selenium.webdriver.remote.remote_connection] DEBUG: Finished Request
2025-12-03 08:14:32 [selenium.webdriver.remote.remote_connection] DEBUG: POST http://localhost:62956/session/55d29d1754d9f82f296e52be9f989bc5/element {'using': 'tag name', 'value': 'body'}
2025-12-03 08:14:32 [urllib3.connectionpool] DEBUG: http://localhost:62956 "POST /session/55d29d1754d9f82f296e52be9f989bc5/element HTTP/1.1" 200 0
2025-12-03 08:14:32 [selenium.webdriver.remote.remote_connection] DEBUG: Remote response: status=200 | data={"value":{"element-6066-11e4-a52e-4f735466cecf":"f.2D963D2E8DF8830D0AEB1349B2AFCF15.d.15082E78EDC438A19DC3A63E448FCF4A.e.437"}} | headers=HTTPHeaderDict({'Content-Length': '127', 'Content-Type': 'application/json; charset=utf-8', 'cache-control': 'no-cache'})
2025-12-03 08:14:32 [selenium.webdriver.remote.remote_connection] DEBUG: Finished Request
2025-12-03 08:14:32 [selenium.webdriver.remote.remote_connection] DEBUG: GET http://localhost:62956/session/55d29d1754d9f82f296e52be9f989bc5/element/f.2D963D2E8DF8830D0AEB1349B2AFCF15.d.15082E78EDC438A19DC3A63E448FCF4A.e.437/text {}
2025-12-03 08:14:32 [urllib3.connectionpool] DEBUG: http://localhost:62956 "GET /session/55d29d1754d9f82f296e52be9f989bc5/element/f.2D963D2E8DF8830D0AEB1349B2AFCF15.d.15082E78EDC438A19DC3A63E448FCF4A.e.437/text HTTP/1.1" 200 0
2025-12-03 08:14:32 [selenium.webdriver.remote.remote_connection] DEBUG: Remote response: status=200 | data={"value":"검색열기 메뉴열기\n공지사항\n먼훗날 추억을 기리는 아름다운 곳, 충북대학교 학생생활관\n알림마당  공지사항\n[양현재(BTL)] 난방(바닥) 가동 안내 - 게시글 상세보기\n [양현재(BTL)] 난방(바닥) 가동 안내  \n작성자 운영사(주)SM 등록일 2025/10/27 조회 562\n첨부\n 바닥난방기 가동 알림(10.22).hwp (339Kb)\n다운로드\n       학생생활관 양현재(BTL)  바닥 난방 가동안내\n\n  일기차에 따른 기온 변화에 따라 호실 내 바닥 난방 가동 운영에 관하여\n  알려 드리오니 다음과 같이 협조 바랍니다.\n  \n                                       다        음 \n\n1.바닥 난방 운영  기간 : 2025.10. 27 (월) ~  2026. 3.31 (화)  \n\n2. 실내 기준 온도 평균 20~25 ºC 유지\n\n3.바닥 난방 조절기 사용 방법  (E/V 공지 참고) : 첨부 화일 참조\n\n\n\n* 에너지 절감을 위해 적정 온도 유지 바라며, 이용 중 시설보수 신청은 1층 운영사무실 방문바랍니다. \n\n     운영사무실(주)SM        문의사항 070-4350-1170  \n\n \n다음글, 이전글 보기\n다음글\n [양진재,양성재] 세탁실 세탁조 청소 일정 안내       \n이전글\n학생생활관 본관 계영원(난방, 온수) 정전 안내\n목록\n개신누리(종합정보)\nCBNU 중앙도서관\n충북대학교 취업지원본부\n충북대학교 국제교류본부\n충북대정보화본부\n학생생활상담소\n충북대학교\n이용약관\n개인정보처리방침\n영상정보처리기기 운영 · 관리 방침\n이메일무단수집거부\n(28644) 충청북도 청주시 서원구 충대로 1 충북대학교 학생생활관\n개성재,계영원 : 043-261-2926양성재 : 043-261-3675양진재 : 043-249-1870양현재 : 043-261-2932\nCopyright 2020 Chungbuk National University (c) Allrights Reserved"} | headers=HTTPHeaderDict({'Content-Length': '1898', 'Content-Type': 'application/json; charset=utf-8', 'cache-control': 'no-cache'})
2025-12-03 08:14:32 [selenium.webdriver.remote.remote_connection] DEBUG: Finished Request
2025-12-03 08:14:32 [scrapy.core.scraper] DEBUG: Scraped from <200 https://dorm.chungbuk.ac.kr/home/sub.php?menukey=20039>
{'board_type': '기숙사',
 'content': '학생생활관 본관(계영원) 행정실 네트워크 설비 장애 안내\n'
            '현재 학생생활관 본관(계영원) 행정실의 네트워크 설비 장애가 발생하여 일부 업무(인터넷, 전화 수/발신)에 불편이 '
            '발생하고 있습니다.\n'
            '즉시 원인 파악 및 복구 작업을 진행하고 있으며, 안정적인 네트워크 환경이 조속히 정상화될 수 있도록 조치 중인 '
            '상태입니다.\n'
            '금일 본관(계영원) 행정실로 문의 필요시, 아래의 연락처로 문의 바랍니다.\n'
            '이용에 불편을 드려 죄송합니다. 양해를 부탁드립니다.\n'
            '감사합니다.\n'
            '*연락처 : 043-249-1870, 1874\n'
            '- 충북대학교 학생생활관 -',
 'notice_id': 'dorm_454178802',
 'post_date': datetime.date(2025, 12, 3),
 'title': '학생생활관 본관(계영원) 행정실 네트워크 설비 장애 안내',
 'url': 'https://dorm.chungbuk.ac.kr/home/sub.php?menukey=20039&mod=view&no=454178802&listCnt=20'}
2025-12-03 08:14:32 [selenium.webdriver.remote.remote_connection] DEBUG: POST http://localhost:62956/session/55d29d1754d9f82f296e52be9f989bc5/url {'url': 'https://dorm.chungbuk.ac.kr/home/sub.php?menukey=20039&mod=view&no=454178788&listCnt=20'}
2025-12-03 08:14:32 [dorm] DEBUG: ✅ DB 업데이트 성공 (기존 레코드): [양현재] 지열 난방 가동 안내... (PK: dorm_454178794, Date preserved: 2025-12-03)
2025-12-03 08:14:33 [urllib3.connectionpool] DEBUG: http://localhost:62956 "POST /session/55d29d1754d9f82f296e52be9f989bc5/url HTTP/1.1" 200 0
2025-12-03 08:14:33 [selenium.webdriver.remote.remote_connection] DEBUG: Remote response: status=200 | data={"value":null} | headers=HTTPHeaderDict({'Content-Length': '14', 'Content-Type': 'application/json; charset=utf-8', 'cache-control': 'no-cache'})
2025-12-03 08:14:33 [selenium.webdriver.remote.remote_connection] DEBUG: Finished Request
2025-12-03 08:14:34 [selenium.webdriver.remote.remote_connection] DEBUG: POST http://localhost:62956/session/55d29d1754d9f82f296e52be9f989bc5/element {'using': 'tag name', 'value': 'body'}
2025-12-03 08:14:34 [urllib3.connectionpool] DEBUG: http://localhost:62956 "POST /session/55d29d1754d9f82f296e52be9f989bc5/element HTTP/1.1" 200 0
2025-12-03 08:14:34 [selenium.webdriver.remote.remote_connection] DEBUG: Remote response: status=200 | data={"value":{"element-6066-11e4-a52e-4f735466cecf":"f.2D963D2E8DF8830D0AEB1349B2AFCF15.d.12204D27D1D9C1C1932D5AA679D65A73.e.445"}} | headers=HTTPHeaderDict({'Content-Length': '127', 'Content-Type': 'application/json; charset=utf-8', 'cache-control': 'no-cache'})
2025-12-03 08:14:34 [selenium.webdriver.remote.remote_connection] DEBUG: Finished Request
2025-12-03 08:14:34 [selenium.webdriver.remote.remote_connection] DEBUG: GET http://localhost:62956/session/55d29d1754d9f82f296e52be9f989bc5/element/f.2D963D2E8DF8830D0AEB1349B2AFCF15.d.12204D27D1D9C1C1932D5AA679D65A73.e.445/text {}
2025-12-03 08:14:34 [urllib3.connectionpool] DEBUG: http://localhost:62956 "GET /session/55d29d1754d9f82f296e52be9f989bc5/element/f.2D963D2E8DF8830D0AEB1349B2AFCF15.d.12204D27D1D9C1C1932D5AA679D65A73.e.445/text HTTP/1.1" 200 0
2025-12-03 08:14:34 [selenium.webdriver.remote.remote_connection] DEBUG: Remote response: status=200 | data={"value":"검색열기 메뉴열기\n공지사항\n먼훗날 추억을 기리는 아름다운 곳, 충북대학교 학생생활관\n알림마당  공지사항\n학생생활관 본관 계영원(난방, 온수) 정전 안내 - 게시글 상세보기\n 학생생활관 본관 계영원(난방, 온수) 정전 안내  \n작성자 관리자 등록일 2025/10/27 조회 729\n\n다음글, 이전글 보기\n다음글\n[양현재(BTL)] 난방(바닥) 가동 안내\n이전글\n2025학년도 2학기 교육실습생 식비 반환 신청 안내\n목록\n개신누리(종합정보)\nCBNU 중앙도서관\n충북대학교 취업지원본부\n충북대학교 국제교류본부\n충북대정보화본부\n학생생활상담소\n충북대학교\n이용약관\n개인정보처리방침\n영상정보처리기기 운영 · 관리 방침\n이메일무단수집거부\n(28644) 충청북도 청주시 서원구 충대로 1 충북대학교 학생생활관\n개성재,계영원 : 043-261-2926양성재 : 043-261-3675양진재 : 043-249-1870양현재 : 043-261-2932\nCopyright 2020 Chungbuk National University (c) Allrights Reserved"} | headers=HTTPHeaderDict({'Content-Length': '1113', 'Content-Type': 'application/json; charset=utf-8', 'cache-control': 'no-cache'})
2025-12-03 08:14:34 [selenium.webdriver.remote.remote_connection] DEBUG: Finished Request
2025-12-03 08:14:34 [selenium.webdriver.remote.remote_connection] DEBUG: POST http://localhost:62956/session/55d29d1754d9f82f296e52be9f989bc5/url {'url': 'https://dorm.chungbuk.ac.kr/home/sub.php?menukey=20039&mod=view&no=454178786&listCnt=20'}
2025-12-03 08:14:34 [urllib3.connectionpool] DEBUG: http://localhost:62956 "POST /session/55d29d1754d9f82f296e52be9f989bc5/url HTTP/1.1" 200 0
2025-12-03 08:14:34 [selenium.webdriver.remote.remote_connection] DEBUG: Remote response: status=200 | data={"value":null} | headers=HTTPHeaderDict({'Content-Length': '14', 'Content-Type': 'application/json; charset=utf-8', 'cache-control': 'no-cache'})
2025-12-03 08:14:34 [selenium.webdriver.remote.remote_connection] DEBUG: Finished Request
2025-12-03 08:14:35 [selenium.webdriver.remote.remote_connection] DEBUG: POST http://localhost:62956/session/55d29d1754d9f82f296e52be9f989bc5/element {'using': 'tag name', 'value': 'body'}
2025-12-03 08:14:35 [urllib3.connectionpool] DEBUG: http://localhost:62956 "POST /session/55d29d1754d9f82f296e52be9f989bc5/element HTTP/1.1" 200 0
2025-12-03 08:14:35 [selenium.webdriver.remote.remote_connection] DEBUG: Remote response: status=200 | data={"value":{"element-6066-11e4-a52e-4f735466cecf":"f.2D963D2E8DF8830D0AEB1349B2AFCF15.d.2E69F3BDC72BB035C16A2E013E187CC4.e.453"}} | headers=HTTPHeaderDict({'Content-Length': '127', 'Content-Type': 'application/json; charset=utf-8', 'cache-control': 'no-cache'})
2025-12-03 08:14:35 [selenium.webdriver.remote.remote_connection] DEBUG: Finished Request
2025-12-03 08:14:35 [selenium.webdriver.remote.remote_connection] DEBUG: GET http://localhost:62956/session/55d29d1754d9f82f296e52be9f989bc5/element/f.2D963D2E8DF8830D0AEB1349B2AFCF15.d.2E69F3BDC72BB035C16A2E013E187CC4.e.453/text {}
2025-12-03 08:14:35 [urllib3.connectionpool] DEBUG: http://localhost:62956 "GET /session/55d29d1754d9f82f296e52be9f989bc5/element/f.2D963D2E8DF8830D0AEB1349B2AFCF15.d.2E69F3BDC72BB035C16A2E013E187CC4.e.453/text HTTP/1.1" 200 0
2025-12-03 08:14:35 [selenium.webdriver.remote.remote_connection] DEBUG: Remote response: status=200 | data={"value":"검색열기 메뉴열기\n공지사항\n먼훗날 추억을 기리는 아름다운 곳, 충북대학교 학생생활관\n알림마당  공지사항\n2025학년도 2학기 교육실습생 식비 반환 신청 안내 - 게시글 상세보기\n 2025학년도 2학기 교육실습생 식비 반환 신청 안내  \n작성자 관리자 등록일 2025/10/24 조회 807\n\n다음글, 이전글 보기\n다음글\n학생생활관 본관 계영원(난방, 온수) 정전 안내\n이전글\n[양성재] 난방 공급 및 에어컨 가동 중단 안내\n목록\n개신누리(종합정보)\nCBNU 중앙도서관\n충북대학교 취업지원본부\n충북대학교 국제교류본부\n충북대정보화본부\n학생생활상담소\n충북대학교\n이용약관\n개인정보처리방침\n영상정보처리기기 운영 · 관리 방침\n이메일무단수집거부\n(28644) 충청북도 청주시 서원구 충대로 1 충북대학교 학생생활관\n개성재,계영원 : 043-261-2926양성재 : 043-261-3675양진재 : 043-249-1870양현재 : 043-261-2932\nCopyright 2020 Chungbuk National University (c) Allrights Reserved"} | headers=HTTPHeaderDict({'Content-Length': '1131', 'Content-Type': 'application/json; charset=utf-8', 'cache-control': 'no-cache'})
2025-12-03 08:14:35 [selenium.webdriver.remote.remote_connection] DEBUG: Finished Request
2025-12-03 08:14:35 [selenium.webdriver.remote.remote_connection] DEBUG: POST http://localhost:62956/session/55d29d1754d9f82f296e52be9f989bc5/url {'url': 'https://dorm.chungbuk.ac.kr/home/sub.php?menukey=20039&mod=view&no=454178785&listCnt=20'}
2025-12-03 08:14:35 [urllib3.connectionpool] DEBUG: http://localhost:62956 "POST /session/55d29d1754d9f82f296e52be9f989bc5/url HTTP/1.1" 200 0
2025-12-03 08:14:35 [selenium.webdriver.remote.remote_connection] DEBUG: Remote response: status=200 | data={"value":null} | headers=HTTPHeaderDict({'Content-Length': '14', 'Content-Type': 'application/json; charset=utf-8', 'cache-control': 'no-cache'})
2025-12-03 08:14:35 [selenium.webdriver.remote.remote_connection] DEBUG: Finished Request
2025-12-03 08:14:36 [selenium.webdriver.remote.remote_connection] DEBUG: POST http://localhost:62956/session/55d29d1754d9f82f296e52be9f989bc5/element {'using': 'tag name', 'value': 'body'}
2025-12-03 08:14:36 [urllib3.connectionpool] DEBUG: http://localhost:62956 "POST /session/55d29d1754d9f82f296e52be9f989bc5/element HTTP/1.1" 200 0
2025-12-03 08:14:36 [selenium.webdriver.remote.remote_connection] DEBUG: Remote response: status=200 | data={"value":{"element-6066-11e4-a52e-4f735466cecf":"f.2D963D2E8DF8830D0AEB1349B2AFCF15.d.A3D8C8F69D2362231479652F4FC0ED8E.e.463"}} | headers=HTTPHeaderDict({'Content-Length': '127', 'Content-Type': 'application/json; charset=utf-8', 'cache-control': 'no-cache'})
2025-12-03 08:14:36 [selenium.webdriver.remote.remote_connection] DEBUG: Finished Request
2025-12-03 08:14:36 [selenium.webdriver.remote.remote_connection] DEBUG: GET http://localhost:62956/session/55d29d1754d9f82f296e52be9f989bc5/element/f.2D963D2E8DF8830D0AEB1349B2AFCF15.d.A3D8C8F69D2362231479652F4FC0ED8E.e.463/text {}
2025-12-03 08:14:36 [urllib3.connectionpool] DEBUG: http://localhost:62956 "GET /session/55d29d1754d9f82f296e52be9f989bc5/element/f.2D963D2E8DF8830D0AEB1349B2AFCF15.d.A3D8C8F69D2362231479652F4FC0ED8E.e.463/text HTTP/1.1" 200 0
2025-12-03 08:14:36 [selenium.webdriver.remote.remote_connection] DEBUG: Remote response: status=200 | data={"value":"검색열기 메뉴열기\n공지사항\n먼훗날 추억을 기리는 아름다운 곳, 충북대학교 학생생활관\n알림마당  공지사항\n[양성재] 난방 공급 및 에어컨 가동 중단 안내 - 게시글 상세보기\n [양성재] 난방 공급 및 에어컨 가동 중단 안내  \n작성자 운영사(주)체스넛1 등록일 2025/10/24 조회 669\n\u003C양성재 난방 공급 및 에어컨 가동 중단 안내>\n\n\n일시 : 10월 24일 ~ 11월 15일(오후 6시~ 오전 6시까지 가동)\n     \n       11월 15일 이후 ~ (풀가동 : 외부 기온에 따라 탄력적 공급)      \n                                        양성재 생활관의 에어컨 가동이 중단되고 부분 난방이 공급되오니 이점  참고하여 주시고  벽에 부착되어 있는 조절기의 난방온도를 24도로 설정하여 주시기 바랍니다. \n난방 시설에 문제가 발생될 시 [시설 보수 온라인 서비스]에 접수하여 주시기 바랍니다.              \n   ☎ 043-271-1151(관리사무소)        \n                                                                                            \n다음글, 이전글 보기\n다음글\n2025학년도 2학기 교육실습생 식비 반환 신청 안내\n이전글\n학생생활관(BTL-양성재.양진재) 관생실 내 화장실 및 샤워실 청소 안내\n목록\n개신누리(종합정보)\nCBNU 중앙도서관\n충북대학교 취업지원본부\n충북대학교 국제교류본부\n충북대정보화본부\n학생생활상담소\n충북대학교\n이용약관\n개인정보처리방침\n영상정보처리기기 운영 · 관리 방침\n이메일무단수집거부\n(28644) 충청북도 청주시 서원구 충대로 1 충북대학교 학생생활관\n개성재,계영원 : 043-261-2926양성재 : 043-261-3675양진재 : 043-249-1870양현재 : 043-261-2932\nCopyright 2020 Chungbuk National University (c) Allrights Reserved"} | headers=HTTPHeaderDict({'Content-Length': '1949', 'Content-Type': 'application/json; charset=utf-8', 'cache-control': 'no-cache'})
2025-12-03 08:14:36 [selenium.webdriver.remote.remote_connection] DEBUG: Finished Request
2025-12-03 08:14:36 [scrapy.core.scraper] DEBUG: Scraped from <200 https://dorm.chungbuk.ac.kr/home/sub.php?menukey=20039>
{'board_type': '기숙사',
 'content': '[양진재,양성재] 세탁실 세탁조 청소 일정 안내 (변경)\n'
            '"BTL생활관  양진재, 양성재" 세탁실 세탁조 청소를 실시하오니 학생여러분은 아래 내용을 참고하여 주시기 '
            '바랍니다.\n'
            '▷ 세탁실 세탁조 청소 일정 :\n'
            '2025년 11월 19일 (수)   9:00 ~ 19:00 (양성재)\n'
            '2025년 11월 20일 (목)   9:00 ~ 19:00 (양진재)\n'
            '불리는 시간 5~6시간, 고압청소 3~4시간  총 10시간 소요 예상\n'
            '- 작업일정은 사정에 따라 변경될 수 있으니 이점 유의하여 주시기 바랍니다.\n'
            '- 세탁기 청소 작업으로 인해 다소 불편하시더라도 양해를 요청드립니다.',
 'notice_id': 'dorm_454178801',
 'post_date': datetime.date(2025, 12, 3),
 'title': '[양진재,양성재] 세탁실 세탁조 청소 일정 안내 (변경)',
 'url': 'https://dorm.chungbuk.ac.kr/home/sub.php?menukey=20039&mod=view&no=454178801&listCnt=20'}
2025-12-03 08:14:36 [selenium.webdriver.remote.remote_connection] DEBUG: POST http://localhost:62956/session/55d29d1754d9f82f296e52be9f989bc5/url {'url': 'https://dorm.chungbuk.ac.kr/home/sub.php?menukey=20039&mod=view&no=454178783&listCnt=20'}
2025-12-03 08:14:36 [dorm] DEBUG: ✅ DB 업데이트 성공 (기존 레코드): [양진재,양성재] 세탁실 세탁조 청소... (PK: dorm_454178792, Date preserved: 2025-12-03)
2025-12-03 08:14:36 [urllib3.connectionpool] DEBUG: http://localhost:62956 "POST /session/55d29d1754d9f82f296e52be9f989bc5/url HTTP/1.1" 200 0
2025-12-03 08:14:36 [selenium.webdriver.remote.remote_connection] DEBUG: Remote response: status=200 | data={"value":null} | headers=HTTPHeaderDict({'Content-Length': '14', 'Content-Type': 'application/json; charset=utf-8', 'cache-control': 'no-cache'})
2025-12-03 08:14:36 [selenium.webdriver.remote.remote_connection] DEBUG: Finished Request
2025-12-03 08:14:37 [selenium.webdriver.remote.remote_connection] DEBUG: POST http://localhost:62956/session/55d29d1754d9f82f296e52be9f989bc5/element {'using': 'tag name', 'value': 'body'}
2025-12-03 08:14:37 [urllib3.connectionpool] DEBUG: http://localhost:62956 "POST /session/55d29d1754d9f82f296e52be9f989bc5/element HTTP/1.1" 200 0
2025-12-03 08:14:37 [selenium.webdriver.remote.remote_connection] DEBUG: Remote response: status=200 | data={"value":{"element-6066-11e4-a52e-4f735466cecf":"f.2D963D2E8DF8830D0AEB1349B2AFCF15.d.D6254EBACDC1B26396D08B08C2DBBC1C.e.471"}} | headers=HTTPHeaderDict({'Content-Length': '127', 'Content-Type': 'application/json; charset=utf-8', 'cache-control': 'no-cache'})
2025-12-03 08:14:37 [selenium.webdriver.remote.remote_connection] DEBUG: Finished Request
2025-12-03 08:14:37 [selenium.webdriver.remote.remote_connection] DEBUG: GET http://localhost:62956/session/55d29d1754d9f82f296e52be9f989bc5/element/f.2D963D2E8DF8830D0AEB1349B2AFCF15.d.D6254EBACDC1B26396D08B08C2DBBC1C.e.471/text {}
2025-12-03 08:14:37 [urllib3.connectionpool] DEBUG: http://localhost:62956 "GET /session/55d29d1754d9f82f296e52be9f989bc5/element/f.2D963D2E8DF8830D0AEB1349B2AFCF15.d.D6254EBACDC1B26396D08B08C2DBBC1C.e.471/text HTTP/1.1" 200 0
2025-12-03 08:14:37 [selenium.webdriver.remote.remote_connection] DEBUG: Remote response: status=200 | data={"value":"검색열기 메뉴열기\n공지사항\n먼훗날 추억을 기리는 아름다운 곳, 충북대학교 학생생활관\n알림마당  공지사항\n학생생활관(BTL-양성재.양진재) 관생실 내 화장실 및 샤워실 청소 안내 - 게시글 상세보기\n 학생생활관(BTL-양성재.양진재) 관생실 내 화장실 및 샤워실 청소 안내  \n작성자 관리자 등록일 2025/10/22 조회 879\n첨부\n 입주자 준비사항 안내문_홈페이지 공지용_1.jpg (890Kb)\n다운로드\n 입주자 준비사항 안내문_홈페이지 공지용_2.jpg (639Kb)\n다운로드\n\n\n\n\n\n다음글, 이전글 보기\n다음글\n[양성재] 난방 공급 및 에어컨 가동 중단 안내\n이전글\n학생생활관 본관 관리동(식당 포함) 정전 안내\n목록\n개신누리(종합정보)\nCBNU 중앙도서관\n충북대학교 취업지원본부\n충북대학교 국제교류본부\n충북대정보화본부\n학생생활상담소\n충북대학교\n이용약관\n개인정보처리방침\n영상정보처리기기 운영 · 관리 방침\n이메일무단수집거부\n(28644) 충청북도 청주시 서원구 충대로 1 충북대학교 학생생활관\n개성재,계영원 : 043-261-2926양성재 : 043-261-3675양진재 : 043-249-1870양현재 : 043-261-2932\nCopyright 2020 Chungbuk National University (c) Allrights Reserved"} | headers=HTTPHeaderDict({'Content-Length': '1372', 'Content-Type': 'application/json; charset=utf-8', 'cache-control': 'no-cache'})
2025-12-03 08:14:37 [selenium.webdriver.remote.remote_connection] DEBUG: Finished Request
2025-12-03 08:14:37 [scrapy.core.scraper] DEBUG: Scraped from <200 https://dorm.chungbuk.ac.kr/home/sub.php?menukey=20039>
{'board_type': '기숙사',
 'content': '보다 쾌적한 생활을 위하여 "양성재, 양진재" 생활관 외부 조경 작업을 실시합니다.\n'
            '관생여러분들의 양해 바랍니다.\n'
            '일 시 : 2025. 11. 6(목)\n'
            '양진재 : 8:30 ~ 11:00\n'
            '양성재 :11:10 ~ 14:00\n'
            '(작업 일정은 날씨 및 업체 사정에 따라 변경 될 수 있습니다. )\n'
            '* 소음발생이 일어나는 작업이므로 양해 요청드립니다.\n'
            '문의사항 양성재 043.271.1151\n'
            '양진재 043.715.5215',
 'notice_id': 'dorm_454178798',
 'post_date': datetime.date(2025, 12, 3),
 'title': '[양진재, 양성재] 조경 작업 안내 (월동작업)',
 'url': 'https://dorm.chungbuk.ac.kr/home/sub.php?menukey=20039&mod=view&no=454178798&listCnt=20'}
2025-12-03 08:14:37 [selenium.webdriver.remote.remote_connection] DEBUG: POST http://localhost:62956/session/55d29d1754d9f82f296e52be9f989bc5/url {'url': 'https://dorm.chungbuk.ac.kr/home/sub.php?menukey=20039&mod=view&no=454178782&listCnt=20'}
2025-12-03 08:14:37 [dorm] DEBUG: ✅ DB 업데이트 성공 (기존 레코드): [양현재(BTL)] 난방(바닥) 가동... (PK: dorm_454178789, Date preserved: 2025-12-03)
2025-12-03 08:14:38 [urllib3.connectionpool] DEBUG: http://localhost:62956 "POST /session/55d29d1754d9f82f296e52be9f989bc5/url HTTP/1.1" 200 0
2025-12-03 08:14:38 [selenium.webdriver.remote.remote_connection] DEBUG: Remote response: status=200 | data={"value":null} | headers=HTTPHeaderDict({'Content-Length': '14', 'Content-Type': 'application/json; charset=utf-8', 'cache-control': 'no-cache'})
2025-12-03 08:14:38 [selenium.webdriver.remote.remote_connection] DEBUG: Finished Request
2025-12-03 08:14:39 [selenium.webdriver.remote.remote_connection] DEBUG: POST http://localhost:62956/session/55d29d1754d9f82f296e52be9f989bc5/element {'using': 'tag name', 'value': 'body'}
2025-12-03 08:14:39 [urllib3.connectionpool] DEBUG: http://localhost:62956 "POST /session/55d29d1754d9f82f296e52be9f989bc5/element HTTP/1.1" 200 0
2025-12-03 08:14:39 [selenium.webdriver.remote.remote_connection] DEBUG: Remote response: status=200 | data={"value":{"element-6066-11e4-a52e-4f735466cecf":"f.2D963D2E8DF8830D0AEB1349B2AFCF15.d.FFA33E49A4D9F15CC05D7444E396352C.e.479"}} | headers=HTTPHeaderDict({'Content-Length': '127', 'Content-Type': 'application/json; charset=utf-8', 'cache-control': 'no-cache'})
2025-12-03 08:14:39 [selenium.webdriver.remote.remote_connection] DEBUG: Finished Request
2025-12-03 08:14:39 [selenium.webdriver.remote.remote_connection] DEBUG: GET http://localhost:62956/session/55d29d1754d9f82f296e52be9f989bc5/element/f.2D963D2E8DF8830D0AEB1349B2AFCF15.d.FFA33E49A4D9F15CC05D7444E396352C.e.479/text {}
2025-12-03 08:14:39 [urllib3.connectionpool] DEBUG: http://localhost:62956 "GET /session/55d29d1754d9f82f296e52be9f989bc5/element/f.2D963D2E8DF8830D0AEB1349B2AFCF15.d.FFA33E49A4D9F15CC05D7444E396352C.e.479/text HTTP/1.1" 200 0
2025-12-03 08:14:39 [selenium.webdriver.remote.remote_connection] DEBUG: Remote response: status=200 | data={"value":"검색열기 메뉴열기\n공지사항\n먼훗날 추억을 기리는 아름다운 곳, 충북대학교 학생생활관\n알림마당  공지사항\n학생생활관 본관 관리동(식당 포함) 정전 안내 - 게시글 상세보기\n 학생생활관 본관 관리동(식당 포함) 정전 안내  \n작성자 관리자 등록일 2025/10/22 조회 686\n\n다음글, 이전글 보기\n다음글\n학생생활관(BTL-양성재.양진재) 관생실 내 화장실 및 샤워실 청소 안내\n이전글\n인구주택총조사 참여 방법 안내\n목록\n개신누리(종합정보)\nCBNU 중앙도서관\n충북대학교 취업지원본부\n충북대학교 국제교류본부\n충북대정보화본부\n학생생활상담소\n충북대학교\n이용약관\n개인정보처리방침\n영상정보처리기기 운영 · 관리 방침\n이메일무단수집거부\n(28644) 충청북도 청주시 서원구 충대로 1 충북대학교 학생생활관\n개성재,계영원 : 043-261-2926양성재 : 043-261-3675양진재 : 043-249-1870양현재 : 043-261-2932\nCopyright 2020 Chungbuk National University (c) Allrights Reserved"} | headers=HTTPHeaderDict({'Content-Length': '1135', 'Content-Type': 'application/json; charset=utf-8', 'cache-control': 'no-cache'})
2025-12-03 08:14:39 [selenium.webdriver.remote.remote_connection] DEBUG: Finished Request
2025-12-03 08:14:39 [selenium.webdriver.remote.remote_connection] DEBUG: POST http://localhost:62956/session/55d29d1754d9f82f296e52be9f989bc5/url {'url': 'https://dorm.chungbuk.ac.kr/home/sub.php?menukey=20039&mod=view&no=454178781&listCnt=20'}
2025-12-03 08:14:39 [urllib3.connectionpool] DEBUG: http://localhost:62956 "POST /session/55d29d1754d9f82f296e52be9f989bc5/url HTTP/1.1" 200 0
2025-12-03 08:14:39 [selenium.webdriver.remote.remote_connection] DEBUG: Remote response: status=200 | data={"value":null} | headers=HTTPHeaderDict({'Content-Length': '14', 'Content-Type': 'application/json; charset=utf-8', 'cache-control': 'no-cache'})
2025-12-03 08:14:39 [selenium.webdriver.remote.remote_connection] DEBUG: Finished Request
2025-12-03 08:14:40 [selenium.webdriver.remote.remote_connection] DEBUG: POST http://localhost:62956/session/55d29d1754d9f82f296e52be9f989bc5/element {'using': 'tag name', 'value': 'body'}
2025-12-03 08:14:40 [urllib3.connectionpool] DEBUG: http://localhost:62956 "POST /session/55d29d1754d9f82f296e52be9f989bc5/element HTTP/1.1" 200 0
2025-12-03 08:14:40 [selenium.webdriver.remote.remote_connection] DEBUG: Remote response: status=200 | data={"value":{"element-6066-11e4-a52e-4f735466cecf":"f.2D963D2E8DF8830D0AEB1349B2AFCF15.d.2F79279B41ACFE56FCEAEBB733D2304F.e.487"}} | headers=HTTPHeaderDict({'Content-Length': '127', 'Content-Type': 'application/json; charset=utf-8', 'cache-control': 'no-cache'})
2025-12-03 08:14:40 [selenium.webdriver.remote.remote_connection] DEBUG: Finished Request
2025-12-03 08:14:40 [selenium.webdriver.remote.remote_connection] DEBUG: GET http://localhost:62956/session/55d29d1754d9f82f296e52be9f989bc5/element/f.2D963D2E8DF8830D0AEB1349B2AFCF15.d.2F79279B41ACFE56FCEAEBB733D2304F.e.487/text {}
2025-12-03 08:14:40 [urllib3.connectionpool] DEBUG: http://localhost:62956 "GET /session/55d29d1754d9f82f296e52be9f989bc5/element/f.2D963D2E8DF8830D0AEB1349B2AFCF15.d.2F79279B41ACFE56FCEAEBB733D2304F.e.487/text HTTP/1.1" 200 0
2025-12-03 08:14:40 [selenium.webdriver.remote.remote_connection] DEBUG: Remote response: status=200 | data={"value":"검색열기 메뉴열기\n공지사항\n먼훗날 추억을 기리는 아름다운 곳, 충북대학교 학생생활관\n알림마당  공지사항\n인구주택총조사 참여 방법 안내 - 게시글 상세보기\n 인구주택총조사 참여 방법 안내  \n작성자 관리자 등록일 2025/10/22 조회 736\n\n\u003C2025 인구주택총조사(통계청)를 위한 참여 방법 안내>\n\n모바일로 전송받은 참여 번호 9자리(개별 번호 다름)를 입력하여 참여합니다. \n\n1. 기간: 2025. 10. 22. ~ 11. 18.\n2. 방법: 인터넷 조사 또는 방문면접 조사로 진행됩니다. \n                  https://www.census.go.kr/ (링크: 인구주택총조사 사이트)\n3. 문의사항: 서원구청 043-201-6023 \n\n\n\u003C홈페이지 메인 화면 참고용>\n\n다음글, 이전글 보기\n다음글\n학생생활관 본관 관리동(식당 포함) 정전 안내\n이전글\n [양진재] 시스템에어컨 난방 전환 안내    \n목록\n개신누리(종합정보)\nCBNU 중앙도서관\n충북대학교 취업지원본부\n충북대학교 국제교류본부\n충북대정보화본부\n학생생활상담소\n충북대학교\n이용약관\n개인정보처리방침\n영상정보처리기기 운영 · 관리 방침\n이메일무단수집거부\n(28644) 충청북도 청주시 서원구 충대로 1 충북대학교 학생생활관\n개성재,계영원 : 043-261-2926양성재 : 043-261-3675양진재 : 043-249-1870양현재 : 043-261-2932\nCopyright 2020 Chungbuk National University (c) Allrights Reserved"} | headers=HTTPHeaderDict({'Content-Length': '1562', 'Content-Type': 'application/json; charset=utf-8', 'cache-control': 'no-cache'})
2025-12-03 08:14:40 [selenium.webdriver.remote.remote_connection] DEBUG: Finished Request
2025-12-03 08:14:40 [scrapy.core.scraper] DEBUG: Scraped from <200 https://dorm.chungbuk.ac.kr/home/sub.php?menukey=20039>
{'board_type': '기숙사',
 'content': '양성재 3분기 설문조사 불만족 조치 알림.jpg (718Kb)',
 'notice_id': 'dorm_454178797',
 'post_date': datetime.date(2025, 12, 3),
 'title': '[양성재] 3분기 설문조사 불만족 조치 알림',
 'url': 'https://dorm.chungbuk.ac.kr/home/sub.php?menukey=20039&mod=view&no=454178797&listCnt=20'}
2025-12-03 08:14:40 [selenium.webdriver.remote.remote_connection] DEBUG: POST http://localhost:62956/session/55d29d1754d9f82f296e52be9f989bc5/url {'url': 'https://dorm.chungbuk.ac.kr/home/sub.php?menukey=20039&mod=view&no=454178776&listCnt=20'}
2025-12-03 08:14:40 [dorm] DEBUG: ✅ DB 업데이트 성공 (기존 레코드): [양성재] 난방 공급 및 에어컨 가동... (PK: dorm_454178785, Date preserved: 2025-12-03)
2025-12-03 08:14:40 [urllib3.connectionpool] DEBUG: http://localhost:62956 "POST /session/55d29d1754d9f82f296e52be9f989bc5/url HTTP/1.1" 200 0
2025-12-03 08:14:40 [selenium.webdriver.remote.remote_connection] DEBUG: Remote response: status=200 | data={"value":null} | headers=HTTPHeaderDict({'Content-Length': '14', 'Content-Type': 'application/json; charset=utf-8', 'cache-control': 'no-cache'})
2025-12-03 08:14:40 [selenium.webdriver.remote.remote_connection] DEBUG: Finished Request
2025-12-03 08:14:41 [selenium.webdriver.remote.remote_connection] DEBUG: POST http://localhost:62956/session/55d29d1754d9f82f296e52be9f989bc5/element {'using': 'tag name', 'value': 'body'}
2025-12-03 08:14:41 [urllib3.connectionpool] DEBUG: http://localhost:62956 "POST /session/55d29d1754d9f82f296e52be9f989bc5/element HTTP/1.1" 200 0
2025-12-03 08:14:41 [selenium.webdriver.remote.remote_connection] DEBUG: Remote response: status=200 | data={"value":{"element-6066-11e4-a52e-4f735466cecf":"f.2D963D2E8DF8830D0AEB1349B2AFCF15.d.E49F4B6AC30A020226BD021EFD058300.e.495"}} | headers=HTTPHeaderDict({'Content-Length': '127', 'Content-Type': 'application/json; charset=utf-8', 'cache-control': 'no-cache'})
2025-12-03 08:14:41 [selenium.webdriver.remote.remote_connection] DEBUG: Finished Request
2025-12-03 08:14:41 [selenium.webdriver.remote.remote_connection] DEBUG: GET http://localhost:62956/session/55d29d1754d9f82f296e52be9f989bc5/element/f.2D963D2E8DF8830D0AEB1349B2AFCF15.d.E49F4B6AC30A020226BD021EFD058300.e.495/text {}
2025-12-03 08:14:41 [urllib3.connectionpool] DEBUG: http://localhost:62956 "GET /session/55d29d1754d9f82f296e52be9f989bc5/element/f.2D963D2E8DF8830D0AEB1349B2AFCF15.d.E49F4B6AC30A020226BD021EFD058300.e.495/text HTTP/1.1" 200 0
2025-12-03 08:14:41 [selenium.webdriver.remote.remote_connection] DEBUG: Remote response: status=200 | data={"value":"검색열기 메뉴열기\n공지사항\n먼훗날 추억을 기리는 아름다운 곳, 충북대학교 학생생활관\n알림마당  공지사항\n [양진재] 시스템에어컨 난방 전환 안내     - 게시글 상세보기\n  [양진재] 시스템에어컨 난방 전환 안내      \n작성자 운영사(주)체스넛1 등록일 2025/10/14 조회 938\n첨부\n 바닥 난방 온도 조절기 사용안내 (2025.10.14).hwp (98Kb)\n다운로드\n 학생생활관 양진재 공공요금 안내 (2025.10.14).hwp (346Kb)\n다운로드\nBTL생활관 양진재 천장형 시스템 냉난방기에 대한 안내사항\n\n \n환절기가 시작되면서 기온이 낮아짐에 따라 기존에 냉방으로 운영하던 \n\n에어컨 설정 및 운전을 난방으로 전환합니다.\n\n학생분들께서는 이점 참고하시어 시스템 냉난방기(난방)을 사용해주시기 바랍니다.\n\n\n\n※ 난방 전환 시기 : 10월 20일(월) 9:00부터\n\n\n- 외기온도에 따라 일정 변경가능\n\n- 난방전환 후에는 냉방과 제습은 불가합니다.\n\n- 바닥 난방을 적절히 사용하시기 바랍니다. (사용방법 : 첨부파일 참고) \n\n\n\n\n또한 양진재는 공공요금을 학생들이 납부한 공공요금 보증금에서 정산하고 있습니다. (2학기 종료 후 정산)\n\n시스템냉난방기는 시간당 사용량으로 정산되어 장시간 가동 시 요금이 과다하게 부과될 수 있으니,\n\n추가납부 하지 않도록 에너지절감을 당부드립니다.\n\n\n\n\n\n\n\n- 관련 문의 : 1층 종합상황실(시설 등) 043-715-5215,\n\n                     운영사(주)체스넛 사무실(공공요금 정산) 043-715-5216 \n   \n다음글, 이전글 보기\n다음글\n인구주택총조사 참여 방법 안내\n이전글\n[양진재] 호실 와이파이 사용 가이드\n목록\n개신누리(종합정보)\nCBNU 중앙도서관\n충북대학교 취업지원본부\n충북대학교 국제교류본부\n충북대정보화본부\n학생생활상담소\n충북대학교\n이용약관\n개인정보처리방침\n영상정보처리기기 운영 · 관리 방침\n이메일무단수집거부\n(28644) 충청북도 청주시 서원구 충대로 1 충북대학교 학생생활관\n개성재,계영원 : 043-261-2926양성재 : 043-261-3675양진재 : 043-249-1870양현재 : 043-261-2932\nCopyright 2020 Chungbuk National University (c) Allrights Reserved"} | headers=HTTPHeaderDict({'Content-Length': '2449', 'Content-Type': 'application/json; charset=utf-8', 'cache-control': 'no-cache'})
2025-12-03 08:14:41 [selenium.webdriver.remote.remote_connection] DEBUG: Finished Request
2025-12-03 08:14:41 [scrapy.core.scraper] DEBUG: Scraped from <200 https://dorm.chungbuk.ac.kr/home/sub.php?menukey=20039>
{'board_type': '기숙사',
 'content': '양진재 3분기 설문조사 불만족 조치 알림.jpg (577Kb)',
 'notice_id': 'dorm_454178796',
 'post_date': datetime.date(2025, 12, 3),
 'title': '[양진재] 3분기 설문조사 불만족 조치 알림',
 'url': 'https://dorm.chungbuk.ac.kr/home/sub.php?menukey=20039&mod=view&no=454178796&listCnt=20'}
2025-12-03 08:14:41 [scrapy.core.scraper] DEBUG: Scraped from <200 https://dorm.chungbuk.ac.kr/home/sub.php?menukey=20039>
{'board_type': '기숙사',
 'content': '난방기 가동 알림.hwp (164Kb)\n'
            '학생 생활관 양현재 (BTL) 지열 난방 가동 알림\n'
            '지열을 이용한 난방기 가동 운영 일정  및  냉방기 실외기 수리 일정에 관하여\n'
            '다음과 같이 공지 드리 오니  학생 여러분의 협조 바랍니다.\n'
            '다                   음\n'
            '1. 지열 난방 운영기간 : 25년 11월 3일 (월)~26년 3월 31일(화)  (상황에 따라 유동적)\n'
            '2. 난방 가동전 냉방기 남자 6,7층 실외기 교체 작업 예정 (11월3일 09:00~18:00 예정)\n'
            '(수리 후 남자 6,7층만 일시적 냉방기 가동 예정 입니다)\n'
            '3. 실내 기준 온도 평균 25ºC 이하유지 (셋팅 온도 23ºC~25 ºC )\n'
            '4. "난방 가동 안내 및 협조 사항"  (승강기 공지 참고 바랍니다.)\n'
            '♦ 에너지 절감을 위해 적정 온도 유지 바라며, 이용 중 불편사항은 로비 1층 운영 사무실 방문 바랍니다.\n'
            '운영사무실  (주)SM에스엠        문의사항 070-4350-1170',
 'notice_id': 'dorm_454178794',
 'post_date': datetime.date(2025, 12, 3),
 'title': '[양현재] 지열 난방 가동 안내',
 'url': 'https://dorm.chungbuk.ac.kr/home/sub.php?menukey=20039&mod=view&no=454178794&listCnt=20'}
2025-12-03 08:14:41 [scrapy.core.scraper] DEBUG: Scraped from <200 https://dorm.chungbuk.ac.kr/home/sub.php?menukey=20039>
{'board_type': '기숙사',
 'content': '[양진재,양성재] 세탁실 세탁조 청소 일정 안내\n'
            '"BTL생활관  양진재, 양성재" 세탁실 세탁조 청소를 실시하오니 학생여러분은 아래 내용을 참고하여 주시기 '
            '바랍니다.\n'
            '▷ 세탁실 세탁조 청소 일정 :\n'
            '2025년 11월 4일 (화)   9:00 ~ 19:00 (양성재)\n'
            '2025년 11월 7일 (금)   9:00 ~ 19:00 (양진재)\n'
            '불리는 시간 5~6시간, 고압청소 3~4시간  총 10시간 소요 예상\n'
            '- 작업일정은 사정에 따라 변경될 수 있으니 이점 유의하여 주시기 바랍니다.\n'
            '- 세탁기 청소 작업으로 인해 다소 불편하시더라도 양해를 요청드립니다.',
 'notice_id': 'dorm_454178792',
 'post_date': datetime.date(2025, 12, 3),
 'title': '[양진재,양성재] 세탁실 세탁조 청소 일정 안내',
 'url': 'https://dorm.chungbuk.ac.kr/home/sub.php?menukey=20039&mod=view&no=454178792&listCnt=20'}
2025-12-03 08:14:41 [scrapy.core.scraper] DEBUG: Scraped from <200 https://dorm.chungbuk.ac.kr/home/sub.php?menukey=20039>
{'board_type': '기숙사',
 'content': '바닥난방기 가동 알림(10.22).hwp (339Kb)\n'
            '학생생활관 양현재(BTL)  바닥 난방 가동안내\n'
            '일기차에 따른 기온 변화에 따라 호실 내 바닥 난방 가동 운영에 관하여\n'
            '알려 드리오니 다음과 같이 협조 바랍니다.\n'
            '다        음\n'
            '1.바닥 난방 운영  기간 : 2025.10. 27 (월) ~  2026. 3.31 (화)\n'
            '2. 실내 기준 온도 평균 20~25 ºC 유지\n'
            '* 에너지 절감을 위해 적정 온도 유지 바라며, 이용 중 시설보수 신청은 1층 운영사무실 방문바랍니다.\n'
            '운영사무실(주)SM        문의사항 070-4350-1170',
 'notice_id': 'dorm_454178789',
 'post_date': datetime.date(2025, 12, 3),
 'title': '[양현재(BTL)] 난방(바닥) 가동 안내',
 'url': 'https://dorm.chungbuk.ac.kr/home/sub.php?menukey=20039&mod=view&no=454178789&listCnt=20'}
2025-12-03 08:14:41 [scrapy.core.scraper] DEBUG: Scraped from <200 https://dorm.chungbuk.ac.kr/home/sub.php?menukey=20039>
{'board_type': '기숙사',
 'content': '<양성재 난방 공급 및 에어컨 가동 중단 안내>\n'
            '일시 : 10월 24일 ~ 11월 15일(오후 6시~ 오전 6시까지 가동)\n'
            '11월 15일 이후 ~ (풀가동 : 외부 기온에 따라 탄력적 공급)\n'
            '양성재 생활관의 에어컨 가동이 중단되고 부분 난방이 공급되오니 이점  참고하여 주시고  벽에 부착되어 있는 조절기의 '
            '난방온도를 24도로 설정하여 주시기 바랍니다.\n'
            '난방 시설에 문제가 발생될 시 [시설 보수 온라인 서비스]에 접수하여 주시기 바랍니다.\n'
            '☎ 043-271-1151(관리사무소)',
 'notice_id': 'dorm_454178785',
 'post_date': datetime.date(2025, 12, 3),
 'title': '[양성재] 난방 공급 및 에어컨 가동 중단 안내',
 'url': 'https://dorm.chungbuk.ac.kr/home/sub.php?menukey=20039&mod=view&no=454178785&listCnt=20'}
2025-12-03 08:14:41 [dorm] DEBUG: ✅ DB 업데이트 성공 (기존 레코드): 학생생활관(BTL-양성재.양진재) 관... (PK: dorm_454178783, Date preserved: 2025-12-03)
2025-12-03 08:14:41 [scrapy.core.scraper] DEBUG: Scraped from <200 https://dorm.chungbuk.ac.kr/home/sub.php?menukey=20039>
{'board_type': '기숙사',
 'content': '입주자 준비사항 안내문_홈페이지 공지용_1.jpg (890Kb)\n'
            '입주자 준비사항 안내문_홈페이지 공지용_2.jpg (639Kb)',
 'notice_id': 'dorm_454178783',
 'post_date': datetime.date(2025, 12, 3),
 'title': '학생생활관(BTL-양성재.양진재) 관생실 내 화장실 및 샤워실 청소 안내',
 'url': 'https://dorm.chungbuk.ac.kr/home/sub.php?menukey=20039&mod=view&no=454178783&listCnt=20'}
2025-12-03 08:14:41 [dorm] DEBUG: ✅ DB 업데이트 성공 (기존 레코드): 인구주택총조사 참여 방법 안내... (PK: dorm_454178781, Date preserved: 2025-12-03)
2025-12-03 08:14:41 [scrapy.core.scraper] DEBUG: Scraped from <200 https://dorm.chungbuk.ac.kr/home/sub.php?menukey=20039>
{'board_type': '기숙사',
 'content': '<2025 인구주택총조사(통계청)를 위한 참여 방법 안내>\n'
            '모바일로 전송받은 참여 번호 9자리(개별 번호 다름)를 입력하여 참여합니다.\n'
            '1. 기간: 2025. 10. 22. ~ 11. 18.\n'
            '2. 방법: 인터넷 조사 또는 방문면접 조사로 진행됩니다.\n'
            'https://www.census.go.kr/ (링크: 인구주택총조사 사이트)\n'
            '3. 문의사항: 서원구청 043-201-6023\n'
            '<홈페이지 메인 화면 참고용>',
 'notice_id': 'dorm_454178781',
 'post_date': datetime.date(2025, 12, 3),
 'title': '인구주택총조사 참여 방법 안내',
 'url': 'https://dorm.chungbuk.ac.kr/home/sub.php?menukey=20039&mod=view&no=454178781&listCnt=20'}
2025-12-03 08:14:41 [dorm] DEBUG: ✅ DB 업데이트 성공 (기존 레코드): [양진재] 시스템에어컨 난방 전환 안... (PK: dorm_454178776, Date preserved: 2025-12-03)
2025-12-03 08:14:41 [scrapy.core.scraper] DEBUG: Scraped from <200 https://dorm.chungbuk.ac.kr/home/sub.php?menukey=20039>
{'board_type': '기숙사',
 'content': '바닥 난방 온도 조절기 사용안내 (2025.10.14).hwp (98Kb)\n'
            '학생생활관 양진재 공공요금 안내 (2025.10.14).hwp (346Kb)\n'
            'BTL생활관 양진재 천장형 시스템 냉난방기에 대한 안내사항\n'
            '환절기가 시작되면서 기온이 낮아짐에 따라 기존에 냉방으로 운영하던\n'
            '에어컨 설정 및 운전을 난방으로 전환합니다.\n'
            '학생분들께서는 이점 참고하시어 시스템 냉난방기(난방)을 사용해주시기 바랍니다.\n'
            '※ 난방 전환 시기 : 10월 20일(월) 9:00부터\n'
            '- 외기온도에 따라 일정 변경가능\n'
            '- 난방전환 후에는 냉방과 제습은 불가합니다.\n'
            '또한 양진재는 공공요금을 학생들이 납부한 공공요금 보증금에서 정산하고 있습니다. (2학기 종료 후 정산)\n'
            '시스템냉난방기는 시간당 사용량으로 정산되어 장시간 가동 시 요금이 과다하게 부과될 수 있으니,\n'
            '추가납부 하지 않도록 에너지절감을 당부드립니다.\n'
            '- 관련 문의 : 1층 종합상황실(시설 등) 043-715-5215,\n'
            '운영사(주)체스넛 사무실(공공요금 정산) 043-715-5216',
 'notice_id': 'dorm_454178776',
 'post_date': datetime.date(2025, 12, 3),
 'title': '[양진재] 시스템에어컨 난방 전환 안내',
 'url': 'https://dorm.chungbuk.ac.kr/home/sub.php?menukey=20039&mod=view&no=454178776&listCnt=20'}
2025-12-03 08:14:41 [scrapy.core.engine] INFO: Closing spider (finished)
2025-12-03 08:14:41 [selenium.webdriver.remote.remote_connection] DEBUG: DELETE http://localhost:62956/session/55d29d1754d9f82f296e52be9f989bc5 {}
2025-12-03 08:14:41 [urllib3.connectionpool] DEBUG: http://localhost:62956 "DELETE /session/55d29d1754d9f82f296e52be9f989bc5 HTTP/1.1" 200 0
2025-12-03 08:14:41 [selenium.webdriver.remote.remote_connection] DEBUG: Remote response: status=200 | data={"value":null} | headers=HTTPHeaderDict({'Content-Length': '14', 'Content-Type': 'application/json; charset=utf-8', 'cache-control': 'no-cache'})
2025-12-03 08:14:41 [selenium.webdriver.remote.remote_connection] DEBUG: Finished Request
2025-12-03 08:14:41 [scrapy.statscollectors] INFO: Dumping Scrapy stats:
{'downloader/request_bytes': 333,
 'downloader/request_count': 1,
 'downloader/request_method_count/GET': 1,
 'downloader/response_bytes': 49091,
 'downloader/response_count': 1,
 'downloader/response_status_count/200': 1,
 'elapsed_time_seconds': 38.874833,
 'finish_reason': 'finished',
 'finish_time': datetime.datetime(2025, 12, 2, 23, 14, 41, 766770, tzinfo=datetime.timezone.utc),
 'item_scraped_count': 20,
 'items_per_minute': 31.578947368421055,
 'log_count/DEBUG': 844,
 'log_count/INFO': 10,
 'memusage/max': 104153088,
 'memusage/startup': 104153088,
 'response_received_count': 1,
 'responses_per_minute': 1.5789473684210527,
 'scheduler/dequeued': 1,
 'scheduler/dequeued/memory': 1,
 'scheduler/enqueued': 1,
 'scheduler/enqueued/memory': 1,
 'start_time': datetime.datetime(2025, 12, 2, 23, 14, 2, 891937, tzinfo=datetime.timezone.utc)}
2025-12-03 08:14:41 [scrapy.core.engine] INFO: Spider closed (finished)
