2025-12-03 07:57:09 [scrapy.utils.log] INFO: Scrapy 2.13.4 started (bot: cbnu_crawler)
2025-12-03 07:57:09 [scrapy.utils.log] INFO: Versions:
{'lxml': '6.0.2',
 'libxml2': '2.14.6',
 'cssselect': '1.3.0',
 'parsel': '1.10.0',
 'w3lib': '2.3.1',
 'Twisted': '25.5.0',
 'Python': '3.11.9 (v3.11.9:de54cf5be3, Apr  2 2024, 07:12:50) [Clang 13.0.0 '
           '(clang-1300.0.29.30)]',
 'pyOpenSSL': '25.3.0 (OpenSSL 3.5.4 30 Sep 2025)',
 'cryptography': '46.0.2',
 'Platform': 'macOS-14.6.1-arm64-arm-64bit'}
2025-12-03 07:57:09 [selenium.webdriver.common.selenium_manager] DEBUG: Selenium Manager binary found at: /Users/sang/SanHark_CBNU/code/backend/cbnu_chatbot/backend/venv/lib/python3.11/site-packages/selenium/webdriver/common/macos/selenium-manager
2025-12-03 07:57:09 [selenium.webdriver.common.selenium_manager] DEBUG: Executing process: /Users/sang/SanHark_CBNU/code/backend/cbnu_chatbot/backend/venv/lib/python3.11/site-packages/selenium/webdriver/common/macos/selenium-manager --browser chrome --language-binding python --output json
2025-12-03 07:57:09 [selenium.webdriver.common.selenium_manager] DEBUG: Driver path: /Users/sang/.cache/selenium/chromedriver/mac-arm64/142.0.7444.175/chromedriver
2025-12-03 07:57:09 [selenium.webdriver.common.selenium_manager] DEBUG: Browser path: /Applications/Google Chrome.app/Contents/MacOS/Google Chrome
2025-12-03 07:57:09 [selenium.webdriver.common.service] DEBUG: Started executable: `/Users/sang/.cache/selenium/chromedriver/mac-arm64/142.0.7444.175/chromedriver` in a child process with pid: 53248 using 0 to output -3
2025-12-03 07:57:09 [selenium.webdriver.remote.remote_connection] DEBUG: POST http://localhost:61702/session {'capabilities': {'firstMatch': [{}], 'alwaysMatch': {'browserName': 'chrome', 'pageLoadStrategy': <PageLoadStrategy.normal: 'normal'>, 'browserVersion': None, 'goog:chromeOptions': {'extensions': [], 'binary': '/Applications/Google Chrome.app/Contents/MacOS/Google Chrome', 'args': ['--headless', '--no-sandbox', '--disable-dev-shm-usage']}}}}
2025-12-03 07:57:09 [urllib3.connectionpool] DEBUG: Starting new HTTP connection (1): localhost:61702
2025-12-03 07:57:09 [urllib3.connectionpool] DEBUG: http://localhost:61702 "POST /session HTTP/1.1" 200 0
2025-12-03 07:57:09 [selenium.webdriver.remote.remote_connection] DEBUG: Remote response: status=200 | data={"value":{"capabilities":{"acceptInsecureCerts":false,"browserName":"chrome","browserVersion":"142.0.7444.176","chrome":{"chromedriverVersion":"142.0.7444.175 (302067f14a4ea3f42001580e6101fa25ed343445-refs/branch-heads/7444@{#2749})","userDataDir":"/var/folders/vy/wp8qqx355xnf9gvdklr6mg9h0000gn/T/.org.chromium.Chromium.scoped_dir.lLbOMz"},"fedcm:accounts":true,"goog:chromeOptions":{"debuggerAddress":"localhost:61707"},"goog:processID":53249,"networkConnectionEnabled":false,"pageLoadStrategy":"normal","platformName":"mac","proxy":{},"setWindowRect":true,"strictFileInteractability":false,"timeouts":{"implicit":0,"pageLoad":300000,"script":30000},"unhandledPromptBehavior":"dismiss and notify","webauthn:extension:credBlob":true,"webauthn:extension:largeBlob":true,"webauthn:extension:minPinLength":true,"webauthn:extension:prf":true,"webauthn:virtualAuthenticators":true},"sessionId":"d3e2dc8fd181276e7adc38a949a985ea"}} | headers=HTTPHeaderDict({'Content-Length': '926', 'Content-Type': 'application/json; charset=utf-8', 'cache-control': 'no-cache'})
2025-12-03 07:57:09 [selenium.webdriver.remote.remote_connection] DEBUG: Finished Request
2025-12-03 07:57:09 [scrapy.addons] INFO: Enabled addons:
[]
2025-12-03 07:57:09 [asyncio] DEBUG: Using selector: KqueueSelector
2025-12-03 07:57:09 [scrapy.utils.log] DEBUG: Using reactor: twisted.internet.asyncioreactor.AsyncioSelectorReactor
2025-12-03 07:57:09 [scrapy.utils.log] DEBUG: Using asyncio event loop: asyncio.unix_events._UnixSelectorEventLoop
2025-12-03 07:57:09 [scrapy.extensions.telnet] INFO: Telnet Password: 626d581be1ea6f80
2025-12-03 07:57:09 [scrapy.middleware] INFO: Enabled extensions:
['scrapy.extensions.corestats.CoreStats',
 'scrapy.extensions.telnet.TelnetConsole',
 'scrapy.extensions.memusage.MemoryUsage',
 'scrapy.extensions.logstats.LogStats']
2025-12-03 07:57:09 [scrapy.crawler] INFO: Overridden settings:
{'BOT_NAME': 'cbnu_crawler',
 'DOWNLOAD_DELAY': 1.5,
 'NEWSPIDER_MODULE': 'cbnu_crawler.spiders',
 'SPIDER_MODULES': ['cbnu_crawler.spiders'],
 'USER_AGENT': 'Mozilla/5.0 (Windows NT 10.0; Win64; x64) AppleWebKit/537.36 '
               '(KHTML, like Gecko) Chrome/100.0.4896.127 Safari/537.36'}
2025-12-03 07:57:09 [scrapy.middleware] INFO: Enabled downloader middlewares:
['scrapy.downloadermiddlewares.offsite.OffsiteMiddleware',
 'scrapy.downloadermiddlewares.httpauth.HttpAuthMiddleware',
 'scrapy.downloadermiddlewares.downloadtimeout.DownloadTimeoutMiddleware',
 'scrapy.downloadermiddlewares.defaultheaders.DefaultHeadersMiddleware',
 'scrapy.downloadermiddlewares.useragent.UserAgentMiddleware',
 'scrapy.downloadermiddlewares.retry.RetryMiddleware',
 'scrapy.downloadermiddlewares.redirect.MetaRefreshMiddleware',
 'scrapy.downloadermiddlewares.httpcompression.HttpCompressionMiddleware',
 'scrapy.downloadermiddlewares.redirect.RedirectMiddleware',
 'scrapy.downloadermiddlewares.cookies.CookiesMiddleware',
 'scrapy.downloadermiddlewares.httpproxy.HttpProxyMiddleware',
 'scrapy.downloadermiddlewares.stats.DownloaderStats']
2025-12-03 07:57:09 [scrapy.middleware] INFO: Enabled spider middlewares:
['scrapy.spidermiddlewares.start.StartSpiderMiddleware',
 'scrapy.spidermiddlewares.httperror.HttpErrorMiddleware',
 'scrapy.spidermiddlewares.referer.RefererMiddleware',
 'scrapy.spidermiddlewares.urllength.UrlLengthMiddleware',
 'scrapy.spidermiddlewares.depth.DepthMiddleware']
2025-12-03 07:57:10 [scrapy.middleware] INFO: Enabled item pipelines:
['cbnu_crawler.pipelines.DjangoPipeline']
2025-12-03 07:57:10 [scrapy.core.engine] INFO: Spider opened
2025-12-03 07:57:10 [scrapy.extensions.logstats] INFO: Crawled 0 pages (at 0 pages/min), scraped 0 items (at 0 items/min)
2025-12-03 07:57:10 [scrapy.extensions.telnet] INFO: Telnet console listening on 127.0.0.1:6023
2025-12-03 07:57:12 [scrapy.core.engine] DEBUG: Crawled (200) <GET https://dorm.chungbuk.ac.kr/home/sub.php?menukey=20039> (referer: None)
2025-12-03 07:57:12 [selenium.webdriver.remote.remote_connection] DEBUG: POST http://localhost:61702/session/d3e2dc8fd181276e7adc38a949a985ea/url {'url': 'https://dorm.chungbuk.ac.kr/home/sub.php?menukey=20039'}
2025-12-03 07:57:15 [urllib3.connectionpool] DEBUG: http://localhost:61702 "POST /session/d3e2dc8fd181276e7adc38a949a985ea/url HTTP/1.1" 200 0
2025-12-03 07:57:15 [selenium.webdriver.remote.remote_connection] DEBUG: Remote response: status=200 | data={"value":null} | headers=HTTPHeaderDict({'Content-Length': '14', 'Content-Type': 'application/json; charset=utf-8', 'cache-control': 'no-cache'})
2025-12-03 07:57:15 [selenium.webdriver.remote.remote_connection] DEBUG: Finished Request
2025-12-03 07:57:17 [selenium.webdriver.remote.remote_connection] DEBUG: POST http://localhost:61702/session/d3e2dc8fd181276e7adc38a949a985ea/elements {'using': 'css selector', 'value': 'a[href*="mod=view"]'}
2025-12-03 07:57:17 [urllib3.connectionpool] DEBUG: http://localhost:61702 "POST /session/d3e2dc8fd181276e7adc38a949a985ea/elements HTTP/1.1" 200 0
2025-12-03 07:57:17 [selenium.webdriver.remote.remote_connection] DEBUG: Remote response: status=200 | data={"value":[{"element-6066-11e4-a52e-4f735466cecf":"f.4F4668DD83D932F69BDEED28D188828F.d.8F793FB66EF7DBAF185CA67BB81CA36A.e.27"},{"element-6066-11e4-a52e-4f735466cecf":"f.4F4668DD83D932F69BDEED28D188828F.d.8F793FB66EF7DBAF185CA67BB81CA36A.e.28"},{"element-6066-11e4-a52e-4f735466cecf":"f.4F4668DD83D932F69BDEED28D188828F.d.8F793FB66EF7DBAF185CA67BB81CA36A.e.29"},{"element-6066-11e4-a52e-4f735466cecf":"f.4F4668DD83D932F69BDEED28D188828F.d.8F793FB66EF7DBAF185CA67BB81CA36A.e.30"},{"element-6066-11e4-a52e-4f735466cecf":"f.4F4668DD83D932F69BDEED28D188828F.d.8F793FB66EF7DBAF185CA67BB81CA36A.e.31"},{"element-6066-11e4-a52e-4f735466cecf":"f.4F4668DD83D932F69BDEED28D188828F.d.8F793FB66EF7DBAF185CA67BB81CA36A.e.32"},{"element-6066-11e4-a52e-4f735466cecf":"f.4F4668DD83D932F69BDEED28D188828F.d.8F793FB66EF7DBAF185CA67BB81CA36A.e.33"},{"element-6066-11e4-a52e-4f735466cecf":"f.4F4668DD83D932F69BDEED28D188828F.d.8F793FB66EF7DBAF185CA67BB81CA36A.e.34"},{"element-6066-11e4-a52e-4f735466cecf":"f.4F4668DD83D932F69BDEED28D188828F.d.8F793FB66EF7DBAF185CA67BB81CA36A.e.35"},{"element-6066-11e4-a52e-4f735466cecf":"f.4F4668DD83D932F69BDEED28D188828F.d.8F793FB66EF7DBAF185CA67BB81CA36A.e.36"},{"element-6066-11e4-a52e-4f735466cecf":"f.4F4668DD83D932F69BDEED28D188828F.d.8F793FB66EF7DBAF185CA67BB81CA36A.e.37"},{"element-6066-11e4-a52e-4f735466cecf":"f.4F4668DD83D932F69BDEED28D188828F.d.8F793FB66EF7DBAF185CA67BB81CA36A.e.38"},{"element-6066-11e4-a52e-4f735466cecf":"f.4F4668DD83D932F69BDEED28D188828F.d.8F793FB66EF7DBAF185CA67BB81CA36A.e.39"},{"element-6066-11e4-a52e-4f735466cecf":"f.4F4668DD83D932F69BDEED28D188828F.d.8F793FB66EF7DBAF185CA67BB81CA36A.e.40"},{"element-6066-11e4-a52e-4f735466cecf":"f.4F4668DD83D932F69BDEED28D188828F.d.8F793FB66EF7DBAF185CA67BB81CA36A.e.41"},{"element-6066-11e4-a52e-4f735466cecf":"f.4F4668DD83D932F69BDEED28D188828F.d.8F793FB66EF7DBAF185CA67BB81CA36A.e.42"},{"element-6066-11e4-a52e-4f735466cecf":"f.4F4668DD83D932F69BDEED28D188828F.d.8F793FB66EF7DBAF185CA67BB81CA36A.e.43"},{"element-6066-11e4-a52e-4f735466cecf":"f.4F4668DD83D932F69BDEED28D188828F.d.8F793FB66EF7DBAF185CA67BB81CA36A.e.44"},{"element-6066-11e4-a52e-4f735466cecf":"f.4F4668DD83D932F69BDEED28D188828F.d.8F793FB66EF7DBAF185CA67BB81CA36A.e.45"},{"element-6066-11e4-a52e-4f735466cecf":"f.4F4668DD83D932F69BDEED28D188828F.d.8F793FB66EF7DBAF185CA67BB81CA36A.e.46"},{"element-6066-11e4-a52e-4f735466cecf":"f.4F4668DD83D932F69BDEED28D188828F.d.8F793FB66EF7DBAF185CA67BB81CA36A.e.47"},{"element-6066-11e4-a52e-4f735466cecf":"f.4F4668DD83D932F69BDEED28D188828F.d.8F793FB66EF7DBAF185CA67BB81CA36A.e.48"},{"element-6066-11e4-a52e-4f735466cecf":"f.4F4668DD83D932F69BDEED28D188828F.d.8F793FB66EF7DBAF185CA67BB81CA36A.e.49"},{"element-6066-11e4-a52e-4f735466cecf":"f.4F4668DD83D932F69BDEED28D188828F.d.8F793FB66EF7DBAF185CA67BB81CA36A.e.50"},{"element-6066-11e4-a52e-4f735466cecf":"f.4F4668DD83D932F69BDEED28D188828F.d.8F793FB66EF7DBAF185CA67BB81CA36A.e.51"},{"element-6066-11e4-a52e-4f735466cecf":"f.4F4668DD83D932F69BDEED28D188828F.d.8F793FB66EF7DBAF185CA67BB81CA36A.e.52"},{"element-6066-11e4-a52e-4f735466cecf":"f.4F4668DD83D932F69BDEED28D188828F.d.8F793FB66EF7DBAF185CA67BB81CA36A.e.53"},{"element-6066-11e4-a52e-4f735466cecf":"f.4F4668DD83D932F69BDEED28D188828F.d.8F793FB66EF7DBAF185CA67BB81CA36A.e.54"},{"element-6066-11e4-a52e-4f735466cecf":"f.4F4668DD83D932F69BDEED28D188828F.d.8F793FB66EF7DBAF185CA67BB81CA36A.e.55"},{"element-6066-11e4-a52e-4f735466cecf":"f.4F4668DD83D932F69BDEED28D188828F.d.8F793FB66EF7DBAF185CA67BB81CA36A.e.56"},{"element-6066-11e4-a52e-4f735466cecf":"f.4F4668DD83D932F69BDEED28D188828F.d.8F793FB66EF7DBAF185CA67BB81CA36A.e.57"},{"element-6066-11e4-a52e-4f735466cecf":"f.4F4668DD83D932F69BDEED28D188828F.d.8F793FB66EF7DBAF185CA67BB81CA36A.e.58"},{"element-6066-11e4-a52e-4f735466cecf":"f.4F4668DD83D932F69BDEED28D188828F.d.8F793FB66EF7DBAF185CA67BB81CA36A.e.59"},{"element-6066-11e4-a52e-4f735466cecf":"f.4F4668DD83D932F69BDEED28D188828F.d.8F793FB66EF7DBAF185CA67BB81CA36A.e.60"},{"element-6066-11e4-a52e-4f735466cecf":"f.4F4668DD83D932F69BDEED28D188828F.d.8F793FB66EF7DBAF185CA67BB81CA36A.e.61"},{"element-6066-11e4-a52e-4f735466cecf":"f.4F4668DD83D932F69BDEED28D188828F.d.8F793FB66EF7DBAF185CA67BB81CA36A.e.62"},{"element-6066-11e4-a52e-4f735466cecf":"f.4F4668DD83D932F69BDEED28D188828F.d.8F793FB66EF7DBAF185CA67BB81CA36A.e.63"},{"element-6066-11e4-a52e-4f735466cecf":"f.4F4668DD83D932F69BDEED28D188828F.d.8F793FB66EF7DBAF185CA67BB81CA36A.e.64"},{"element-6066-11e4-a52e-4f735466cecf":"f.4F4668DD83D932F69BDEED28D188828F.d.8F793FB66EF7DBAF185CA67BB81CA36A.e.65"},{"element-6066-11e4-a52e-4f735466cecf":"f.4F4668DD83D932F69BDEED28D188828F.d.8F793FB66EF7DBAF185CA67BB81CA36A.e.66"},{"element-6066-11e4-a52e-4f735466cecf":"f.4F4668DD83D932F69BDEED28D188828F.d.8F793FB66EF7DBAF185CA67BB81CA36A.e.67"},{"element-6066-11e4-a52e-4f735466cecf":"f.4F4668DD83D932F69BDEED28D188828F.d.8F793FB66EF7DBAF185CA67BB81CA36A.e.68"},{"element-6066-11e4-a52e-4f735466cecf":"f.4F4668DD83D932F69BDEED28D188828F.d.8F793FB66EF7DBAF185CA67BB81CA36A.e.69"},{"element-6066-11e4-a52e-4f735466cecf":"f.4F4668DD83D932F69BDEED28D188828F.d.8F793FB66EF7DBAF185CA67BB81CA36A.e.70"},{"element-6066-11e4-a52e-4f735466cecf":"f.4F4668DD83D932F69BDEED28D188828F.d.8F793FB66EF7DBAF185CA67BB81CA36A.e.71"},{"element-6066-11e4-a52e-4f735466cecf":"f.4F4668DD83D932F69BDEED28D188828F.d.8F793FB66EF7DBAF185CA67BB81CA36A.e.72"},{"element-6066-11e4-a52e-4f735466cecf":"f.4F4668DD83D932F69BDEED28D188828F.d.8F793FB66EF7DBAF185CA67BB81CA36A.e.73"}]} | headers=HTTPHeaderDict({'Content-Length': '5510', 'Content-Type': 'application/json; charset=utf-8', 'cache-control': 'no-cache'})
2025-12-03 07:57:17 [selenium.webdriver.remote.remote_connection] DEBUG: Finished Request
2025-12-03 07:57:17 [selenium.webdriver.remote.remote_connection] DEBUG: POST http://localhost:61702/session/d3e2dc8fd181276e7adc38a949a985ea/execute/sync {'script': '/* getAttribute */return (function(){return (function(){var d=this||self;function f(a,b){function c(...', 'args': [{'element-6066-11e4-a52e-4f735466cecf': 'f.4F4668DD83D932F69BDEED28D188828F.d.8F793FB66EF7DBAF185CA67BB81CA36A.e.27'}, 'href']}
2025-12-03 07:57:17 [urllib3.connectionpool] DEBUG: http://localhost:61702 "POST /session/d3e2dc8fd181276e7adc38a949a985ea/execute/sync HTTP/1.1" 200 0
2025-12-03 07:57:17 [selenium.webdriver.remote.remote_connection] DEBUG: Remote response: status=200 | data={"value":"https://dorm.chungbuk.ac.kr/home/sub.php?menukey=20039&mod=view&no=454178813&listCnt=20"} | headers=HTTPHeaderDict({'Content-Length': '99', 'Content-Type': 'application/json; charset=utf-8', 'cache-control': 'no-cache'})
2025-12-03 07:57:17 [selenium.webdriver.remote.remote_connection] DEBUG: Finished Request
2025-12-03 07:57:17 [selenium.webdriver.remote.remote_connection] DEBUG: POST http://localhost:61702/session/d3e2dc8fd181276e7adc38a949a985ea/execute/sync {'script': '/* getAttribute */return (function(){return (function(){var d=this||self;function f(a,b){function c(...', 'args': [{'element-6066-11e4-a52e-4f735466cecf': 'f.4F4668DD83D932F69BDEED28D188828F.d.8F793FB66EF7DBAF185CA67BB81CA36A.e.27'}, 'href']}
2025-12-03 07:57:17 [urllib3.connectionpool] DEBUG: http://localhost:61702 "POST /session/d3e2dc8fd181276e7adc38a949a985ea/execute/sync HTTP/1.1" 200 0
2025-12-03 07:57:17 [selenium.webdriver.remote.remote_connection] DEBUG: Remote response: status=200 | data={"value":"https://dorm.chungbuk.ac.kr/home/sub.php?menukey=20039&mod=view&no=454178813&listCnt=20"} | headers=HTTPHeaderDict({'Content-Length': '99', 'Content-Type': 'application/json; charset=utf-8', 'cache-control': 'no-cache'})
2025-12-03 07:57:17 [selenium.webdriver.remote.remote_connection] DEBUG: Finished Request
2025-12-03 07:57:17 [selenium.webdriver.remote.remote_connection] DEBUG: POST http://localhost:61702/session/d3e2dc8fd181276e7adc38a949a985ea/execute/sync {'script': '/* getAttribute */return (function(){return (function(){var d=this||self;function f(a,b){function c(...', 'args': [{'element-6066-11e4-a52e-4f735466cecf': 'f.4F4668DD83D932F69BDEED28D188828F.d.8F793FB66EF7DBAF185CA67BB81CA36A.e.28'}, 'href']}
2025-12-03 07:57:17 [urllib3.connectionpool] DEBUG: http://localhost:61702 "POST /session/d3e2dc8fd181276e7adc38a949a985ea/execute/sync HTTP/1.1" 200 0
2025-12-03 07:57:17 [selenium.webdriver.remote.remote_connection] DEBUG: Remote response: status=200 | data={"value":"https://dorm.chungbuk.ac.kr/home/sub.php?menukey=20039&mod=view&no=454178813&listCnt=20"} | headers=HTTPHeaderDict({'Content-Length': '99', 'Content-Type': 'application/json; charset=utf-8', 'cache-control': 'no-cache'})
2025-12-03 07:57:17 [selenium.webdriver.remote.remote_connection] DEBUG: Finished Request
2025-12-03 07:57:17 [selenium.webdriver.remote.remote_connection] DEBUG: POST http://localhost:61702/session/d3e2dc8fd181276e7adc38a949a985ea/execute/sync {'script': '/* getAttribute */return (function(){return (function(){var d=this||self;function f(a,b){function c(...', 'args': [{'element-6066-11e4-a52e-4f735466cecf': 'f.4F4668DD83D932F69BDEED28D188828F.d.8F793FB66EF7DBAF185CA67BB81CA36A.e.28'}, 'href']}
2025-12-03 07:57:17 [urllib3.connectionpool] DEBUG: http://localhost:61702 "POST /session/d3e2dc8fd181276e7adc38a949a985ea/execute/sync HTTP/1.1" 200 0
2025-12-03 07:57:17 [selenium.webdriver.remote.remote_connection] DEBUG: Remote response: status=200 | data={"value":"https://dorm.chungbuk.ac.kr/home/sub.php?menukey=20039&mod=view&no=454178813&listCnt=20"} | headers=HTTPHeaderDict({'Content-Length': '99', 'Content-Type': 'application/json; charset=utf-8', 'cache-control': 'no-cache'})
2025-12-03 07:57:17 [selenium.webdriver.remote.remote_connection] DEBUG: Finished Request
2025-12-03 07:57:17 [selenium.webdriver.remote.remote_connection] DEBUG: POST http://localhost:61702/session/d3e2dc8fd181276e7adc38a949a985ea/execute/sync {'script': '/* getAttribute */return (function(){return (function(){var d=this||self;function f(a,b){function c(...', 'args': [{'element-6066-11e4-a52e-4f735466cecf': 'f.4F4668DD83D932F69BDEED28D188828F.d.8F793FB66EF7DBAF185CA67BB81CA36A.e.29'}, 'href']}
2025-12-03 07:57:17 [urllib3.connectionpool] DEBUG: http://localhost:61702 "POST /session/d3e2dc8fd181276e7adc38a949a985ea/execute/sync HTTP/1.1" 200 0
2025-12-03 07:57:17 [selenium.webdriver.remote.remote_connection] DEBUG: Remote response: status=200 | data={"value":"https://dorm.chungbuk.ac.kr/home/sub.php?menukey=20039&mod=view&no=454178810&listCnt=20"} | headers=HTTPHeaderDict({'Content-Length': '99', 'Content-Type': 'application/json; charset=utf-8', 'cache-control': 'no-cache'})
2025-12-03 07:57:17 [selenium.webdriver.remote.remote_connection] DEBUG: Finished Request
2025-12-03 07:57:17 [selenium.webdriver.remote.remote_connection] DEBUG: POST http://localhost:61702/session/d3e2dc8fd181276e7adc38a949a985ea/execute/sync {'script': '/* getAttribute */return (function(){return (function(){var d=this||self;function f(a,b){function c(...', 'args': [{'element-6066-11e4-a52e-4f735466cecf': 'f.4F4668DD83D932F69BDEED28D188828F.d.8F793FB66EF7DBAF185CA67BB81CA36A.e.29'}, 'href']}
2025-12-03 07:57:17 [urllib3.connectionpool] DEBUG: http://localhost:61702 "POST /session/d3e2dc8fd181276e7adc38a949a985ea/execute/sync HTTP/1.1" 200 0
2025-12-03 07:57:17 [selenium.webdriver.remote.remote_connection] DEBUG: Remote response: status=200 | data={"value":"https://dorm.chungbuk.ac.kr/home/sub.php?menukey=20039&mod=view&no=454178810&listCnt=20"} | headers=HTTPHeaderDict({'Content-Length': '99', 'Content-Type': 'application/json; charset=utf-8', 'cache-control': 'no-cache'})
2025-12-03 07:57:17 [selenium.webdriver.remote.remote_connection] DEBUG: Finished Request
2025-12-03 07:57:17 [selenium.webdriver.remote.remote_connection] DEBUG: POST http://localhost:61702/session/d3e2dc8fd181276e7adc38a949a985ea/execute/sync {'script': '/* getAttribute */return (function(){return (function(){var d=this||self;function f(a,b){function c(...', 'args': [{'element-6066-11e4-a52e-4f735466cecf': 'f.4F4668DD83D932F69BDEED28D188828F.d.8F793FB66EF7DBAF185CA67BB81CA36A.e.30'}, 'href']}
2025-12-03 07:57:17 [urllib3.connectionpool] DEBUG: http://localhost:61702 "POST /session/d3e2dc8fd181276e7adc38a949a985ea/execute/sync HTTP/1.1" 200 0
2025-12-03 07:57:17 [selenium.webdriver.remote.remote_connection] DEBUG: Remote response: status=200 | data={"value":"https://dorm.chungbuk.ac.kr/home/sub.php?menukey=20039&mod=view&no=454178810&listCnt=20"} | headers=HTTPHeaderDict({'Content-Length': '99', 'Content-Type': 'application/json; charset=utf-8', 'cache-control': 'no-cache'})
2025-12-03 07:57:17 [selenium.webdriver.remote.remote_connection] DEBUG: Finished Request
2025-12-03 07:57:17 [selenium.webdriver.remote.remote_connection] DEBUG: POST http://localhost:61702/session/d3e2dc8fd181276e7adc38a949a985ea/execute/sync {'script': '/* getAttribute */return (function(){return (function(){var d=this||self;function f(a,b){function c(...', 'args': [{'element-6066-11e4-a52e-4f735466cecf': 'f.4F4668DD83D932F69BDEED28D188828F.d.8F793FB66EF7DBAF185CA67BB81CA36A.e.30'}, 'href']}
2025-12-03 07:57:17 [urllib3.connectionpool] DEBUG: http://localhost:61702 "POST /session/d3e2dc8fd181276e7adc38a949a985ea/execute/sync HTTP/1.1" 200 0
2025-12-03 07:57:17 [selenium.webdriver.remote.remote_connection] DEBUG: Remote response: status=200 | data={"value":"https://dorm.chungbuk.ac.kr/home/sub.php?menukey=20039&mod=view&no=454178810&listCnt=20"} | headers=HTTPHeaderDict({'Content-Length': '99', 'Content-Type': 'application/json; charset=utf-8', 'cache-control': 'no-cache'})
2025-12-03 07:57:17 [selenium.webdriver.remote.remote_connection] DEBUG: Finished Request
2025-12-03 07:57:17 [selenium.webdriver.remote.remote_connection] DEBUG: POST http://localhost:61702/session/d3e2dc8fd181276e7adc38a949a985ea/execute/sync {'script': '/* getAttribute */return (function(){return (function(){var d=this||self;function f(a,b){function c(...', 'args': [{'element-6066-11e4-a52e-4f735466cecf': 'f.4F4668DD83D932F69BDEED28D188828F.d.8F793FB66EF7DBAF185CA67BB81CA36A.e.31'}, 'href']}
2025-12-03 07:57:17 [urllib3.connectionpool] DEBUG: http://localhost:61702 "POST /session/d3e2dc8fd181276e7adc38a949a985ea/execute/sync HTTP/1.1" 200 0
2025-12-03 07:57:17 [selenium.webdriver.remote.remote_connection] DEBUG: Remote response: status=200 | data={"value":"https://dorm.chungbuk.ac.kr/home/sub.php?menukey=20039&mod=view&no=454178810&listCnt=20"} | headers=HTTPHeaderDict({'Content-Length': '99', 'Content-Type': 'application/json; charset=utf-8', 'cache-control': 'no-cache'})
2025-12-03 07:57:17 [selenium.webdriver.remote.remote_connection] DEBUG: Finished Request
2025-12-03 07:57:17 [selenium.webdriver.remote.remote_connection] DEBUG: POST http://localhost:61702/session/d3e2dc8fd181276e7adc38a949a985ea/execute/sync {'script': '/* getAttribute */return (function(){return (function(){var d=this||self;function f(a,b){function c(...', 'args': [{'element-6066-11e4-a52e-4f735466cecf': 'f.4F4668DD83D932F69BDEED28D188828F.d.8F793FB66EF7DBAF185CA67BB81CA36A.e.31'}, 'href']}
2025-12-03 07:57:17 [urllib3.connectionpool] DEBUG: http://localhost:61702 "POST /session/d3e2dc8fd181276e7adc38a949a985ea/execute/sync HTTP/1.1" 200 0
2025-12-03 07:57:17 [selenium.webdriver.remote.remote_connection] DEBUG: Remote response: status=200 | data={"value":"https://dorm.chungbuk.ac.kr/home/sub.php?menukey=20039&mod=view&no=454178810&listCnt=20"} | headers=HTTPHeaderDict({'Content-Length': '99', 'Content-Type': 'application/json; charset=utf-8', 'cache-control': 'no-cache'})
2025-12-03 07:57:17 [selenium.webdriver.remote.remote_connection] DEBUG: Finished Request
2025-12-03 07:57:17 [selenium.webdriver.remote.remote_connection] DEBUG: POST http://localhost:61702/session/d3e2dc8fd181276e7adc38a949a985ea/execute/sync {'script': '/* getAttribute */return (function(){return (function(){var d=this||self;function f(a,b){function c(...', 'args': [{'element-6066-11e4-a52e-4f735466cecf': 'f.4F4668DD83D932F69BDEED28D188828F.d.8F793FB66EF7DBAF185CA67BB81CA36A.e.32'}, 'href']}
2025-12-03 07:57:17 [urllib3.connectionpool] DEBUG: http://localhost:61702 "POST /session/d3e2dc8fd181276e7adc38a949a985ea/execute/sync HTTP/1.1" 200 0
2025-12-03 07:57:17 [selenium.webdriver.remote.remote_connection] DEBUG: Remote response: status=200 | data={"value":"https://dorm.chungbuk.ac.kr/home/sub.php?menukey=20039&mod=view&no=454178810&listCnt=20"} | headers=HTTPHeaderDict({'Content-Length': '99', 'Content-Type': 'application/json; charset=utf-8', 'cache-control': 'no-cache'})
2025-12-03 07:57:17 [selenium.webdriver.remote.remote_connection] DEBUG: Finished Request
2025-12-03 07:57:17 [selenium.webdriver.remote.remote_connection] DEBUG: POST http://localhost:61702/session/d3e2dc8fd181276e7adc38a949a985ea/execute/sync {'script': '/* getAttribute */return (function(){return (function(){var d=this||self;function f(a,b){function c(...', 'args': [{'element-6066-11e4-a52e-4f735466cecf': 'f.4F4668DD83D932F69BDEED28D188828F.d.8F793FB66EF7DBAF185CA67BB81CA36A.e.32'}, 'href']}
2025-12-03 07:57:17 [urllib3.connectionpool] DEBUG: http://localhost:61702 "POST /session/d3e2dc8fd181276e7adc38a949a985ea/execute/sync HTTP/1.1" 200 0
2025-12-03 07:57:17 [selenium.webdriver.remote.remote_connection] DEBUG: Remote response: status=200 | data={"value":"https://dorm.chungbuk.ac.kr/home/sub.php?menukey=20039&mod=view&no=454178810&listCnt=20"} | headers=HTTPHeaderDict({'Content-Length': '99', 'Content-Type': 'application/json; charset=utf-8', 'cache-control': 'no-cache'})
2025-12-03 07:57:17 [selenium.webdriver.remote.remote_connection] DEBUG: Finished Request
2025-12-03 07:57:17 [selenium.webdriver.remote.remote_connection] DEBUG: POST http://localhost:61702/session/d3e2dc8fd181276e7adc38a949a985ea/execute/sync {'script': '/* getAttribute */return (function(){return (function(){var d=this||self;function f(a,b){function c(...', 'args': [{'element-6066-11e4-a52e-4f735466cecf': 'f.4F4668DD83D932F69BDEED28D188828F.d.8F793FB66EF7DBAF185CA67BB81CA36A.e.33'}, 'href']}
2025-12-03 07:57:17 [urllib3.connectionpool] DEBUG: http://localhost:61702 "POST /session/d3e2dc8fd181276e7adc38a949a985ea/execute/sync HTTP/1.1" 200 0
2025-12-03 07:57:17 [selenium.webdriver.remote.remote_connection] DEBUG: Remote response: status=200 | data={"value":"https://dorm.chungbuk.ac.kr/home/sub.php?menukey=20039&mod=view&no=454178809&listCnt=20"} | headers=HTTPHeaderDict({'Content-Length': '99', 'Content-Type': 'application/json; charset=utf-8', 'cache-control': 'no-cache'})
2025-12-03 07:57:17 [selenium.webdriver.remote.remote_connection] DEBUG: Finished Request
2025-12-03 07:57:17 [selenium.webdriver.remote.remote_connection] DEBUG: POST http://localhost:61702/session/d3e2dc8fd181276e7adc38a949a985ea/execute/sync {'script': '/* getAttribute */return (function(){return (function(){var d=this||self;function f(a,b){function c(...', 'args': [{'element-6066-11e4-a52e-4f735466cecf': 'f.4F4668DD83D932F69BDEED28D188828F.d.8F793FB66EF7DBAF185CA67BB81CA36A.e.33'}, 'href']}
2025-12-03 07:57:17 [urllib3.connectionpool] DEBUG: http://localhost:61702 "POST /session/d3e2dc8fd181276e7adc38a949a985ea/execute/sync HTTP/1.1" 200 0
2025-12-03 07:57:17 [selenium.webdriver.remote.remote_connection] DEBUG: Remote response: status=200 | data={"value":"https://dorm.chungbuk.ac.kr/home/sub.php?menukey=20039&mod=view&no=454178809&listCnt=20"} | headers=HTTPHeaderDict({'Content-Length': '99', 'Content-Type': 'application/json; charset=utf-8', 'cache-control': 'no-cache'})
2025-12-03 07:57:17 [selenium.webdriver.remote.remote_connection] DEBUG: Finished Request
2025-12-03 07:57:17 [selenium.webdriver.remote.remote_connection] DEBUG: POST http://localhost:61702/session/d3e2dc8fd181276e7adc38a949a985ea/execute/sync {'script': '/* getAttribute */return (function(){return (function(){var d=this||self;function f(a,b){function c(...', 'args': [{'element-6066-11e4-a52e-4f735466cecf': 'f.4F4668DD83D932F69BDEED28D188828F.d.8F793FB66EF7DBAF185CA67BB81CA36A.e.34'}, 'href']}
2025-12-03 07:57:17 [urllib3.connectionpool] DEBUG: http://localhost:61702 "POST /session/d3e2dc8fd181276e7adc38a949a985ea/execute/sync HTTP/1.1" 200 0
2025-12-03 07:57:17 [selenium.webdriver.remote.remote_connection] DEBUG: Remote response: status=200 | data={"value":"https://dorm.chungbuk.ac.kr/home/sub.php?menukey=20039&mod=view&no=454178748&listCnt=20"} | headers=HTTPHeaderDict({'Content-Length': '99', 'Content-Type': 'application/json; charset=utf-8', 'cache-control': 'no-cache'})
2025-12-03 07:57:17 [selenium.webdriver.remote.remote_connection] DEBUG: Finished Request
2025-12-03 07:57:17 [selenium.webdriver.remote.remote_connection] DEBUG: POST http://localhost:61702/session/d3e2dc8fd181276e7adc38a949a985ea/execute/sync {'script': '/* getAttribute */return (function(){return (function(){var d=this||self;function f(a,b){function c(...', 'args': [{'element-6066-11e4-a52e-4f735466cecf': 'f.4F4668DD83D932F69BDEED28D188828F.d.8F793FB66EF7DBAF185CA67BB81CA36A.e.34'}, 'href']}
2025-12-03 07:57:17 [urllib3.connectionpool] DEBUG: http://localhost:61702 "POST /session/d3e2dc8fd181276e7adc38a949a985ea/execute/sync HTTP/1.1" 200 0
2025-12-03 07:57:17 [selenium.webdriver.remote.remote_connection] DEBUG: Remote response: status=200 | data={"value":"https://dorm.chungbuk.ac.kr/home/sub.php?menukey=20039&mod=view&no=454178748&listCnt=20"} | headers=HTTPHeaderDict({'Content-Length': '99', 'Content-Type': 'application/json; charset=utf-8', 'cache-control': 'no-cache'})
2025-12-03 07:57:17 [selenium.webdriver.remote.remote_connection] DEBUG: Finished Request
2025-12-03 07:57:17 [selenium.webdriver.remote.remote_connection] DEBUG: POST http://localhost:61702/session/d3e2dc8fd181276e7adc38a949a985ea/execute/sync {'script': '/* getAttribute */return (function(){return (function(){var d=this||self;function f(a,b){function c(...', 'args': [{'element-6066-11e4-a52e-4f735466cecf': 'f.4F4668DD83D932F69BDEED28D188828F.d.8F793FB66EF7DBAF185CA67BB81CA36A.e.35'}, 'href']}
2025-12-03 07:57:17 [urllib3.connectionpool] DEBUG: http://localhost:61702 "POST /session/d3e2dc8fd181276e7adc38a949a985ea/execute/sync HTTP/1.1" 200 0
2025-12-03 07:57:17 [selenium.webdriver.remote.remote_connection] DEBUG: Remote response: status=200 | data={"value":"https://dorm.chungbuk.ac.kr/home/sub.php?menukey=20039&mod=view&no=454178748&listCnt=20"} | headers=HTTPHeaderDict({'Content-Length': '99', 'Content-Type': 'application/json; charset=utf-8', 'cache-control': 'no-cache'})
2025-12-03 07:57:17 [selenium.webdriver.remote.remote_connection] DEBUG: Finished Request
2025-12-03 07:57:17 [selenium.webdriver.remote.remote_connection] DEBUG: POST http://localhost:61702/session/d3e2dc8fd181276e7adc38a949a985ea/execute/sync {'script': '/* getAttribute */return (function(){return (function(){var d=this||self;function f(a,b){function c(...', 'args': [{'element-6066-11e4-a52e-4f735466cecf': 'f.4F4668DD83D932F69BDEED28D188828F.d.8F793FB66EF7DBAF185CA67BB81CA36A.e.35'}, 'href']}
2025-12-03 07:57:17 [urllib3.connectionpool] DEBUG: http://localhost:61702 "POST /session/d3e2dc8fd181276e7adc38a949a985ea/execute/sync HTTP/1.1" 200 0
2025-12-03 07:57:17 [selenium.webdriver.remote.remote_connection] DEBUG: Remote response: status=200 | data={"value":"https://dorm.chungbuk.ac.kr/home/sub.php?menukey=20039&mod=view&no=454178748&listCnt=20"} | headers=HTTPHeaderDict({'Content-Length': '99', 'Content-Type': 'application/json; charset=utf-8', 'cache-control': 'no-cache'})
2025-12-03 07:57:17 [selenium.webdriver.remote.remote_connection] DEBUG: Finished Request
2025-12-03 07:57:17 [selenium.webdriver.remote.remote_connection] DEBUG: POST http://localhost:61702/session/d3e2dc8fd181276e7adc38a949a985ea/execute/sync {'script': '/* getAttribute */return (function(){return (function(){var d=this||self;function f(a,b){function c(...', 'args': [{'element-6066-11e4-a52e-4f735466cecf': 'f.4F4668DD83D932F69BDEED28D188828F.d.8F793FB66EF7DBAF185CA67BB81CA36A.e.36'}, 'href']}
2025-12-03 07:57:17 [urllib3.connectionpool] DEBUG: http://localhost:61702 "POST /session/d3e2dc8fd181276e7adc38a949a985ea/execute/sync HTTP/1.1" 200 0
2025-12-03 07:57:17 [selenium.webdriver.remote.remote_connection] DEBUG: Remote response: status=200 | data={"value":"https://dorm.chungbuk.ac.kr/home/sub.php?menukey=20039&mod=view&no=454178726&listCnt=20"} | headers=HTTPHeaderDict({'Content-Length': '99', 'Content-Type': 'application/json; charset=utf-8', 'cache-control': 'no-cache'})
2025-12-03 07:57:17 [selenium.webdriver.remote.remote_connection] DEBUG: Finished Request
2025-12-03 07:57:17 [selenium.webdriver.remote.remote_connection] DEBUG: POST http://localhost:61702/session/d3e2dc8fd181276e7adc38a949a985ea/execute/sync {'script': '/* getAttribute */return (function(){return (function(){var d=this||self;function f(a,b){function c(...', 'args': [{'element-6066-11e4-a52e-4f735466cecf': 'f.4F4668DD83D932F69BDEED28D188828F.d.8F793FB66EF7DBAF185CA67BB81CA36A.e.36'}, 'href']}
2025-12-03 07:57:17 [urllib3.connectionpool] DEBUG: http://localhost:61702 "POST /session/d3e2dc8fd181276e7adc38a949a985ea/execute/sync HTTP/1.1" 200 0
2025-12-03 07:57:17 [selenium.webdriver.remote.remote_connection] DEBUG: Remote response: status=200 | data={"value":"https://dorm.chungbuk.ac.kr/home/sub.php?menukey=20039&mod=view&no=454178726&listCnt=20"} | headers=HTTPHeaderDict({'Content-Length': '99', 'Content-Type': 'application/json; charset=utf-8', 'cache-control': 'no-cache'})
2025-12-03 07:57:17 [selenium.webdriver.remote.remote_connection] DEBUG: Finished Request
2025-12-03 07:57:17 [selenium.webdriver.remote.remote_connection] DEBUG: POST http://localhost:61702/session/d3e2dc8fd181276e7adc38a949a985ea/execute/sync {'script': '/* getAttribute */return (function(){return (function(){var d=this||self;function f(a,b){function c(...', 'args': [{'element-6066-11e4-a52e-4f735466cecf': 'f.4F4668DD83D932F69BDEED28D188828F.d.8F793FB66EF7DBAF185CA67BB81CA36A.e.37'}, 'href']}
2025-12-03 07:57:17 [urllib3.connectionpool] DEBUG: http://localhost:61702 "POST /session/d3e2dc8fd181276e7adc38a949a985ea/execute/sync HTTP/1.1" 200 0
2025-12-03 07:57:17 [selenium.webdriver.remote.remote_connection] DEBUG: Remote response: status=200 | data={"value":"https://dorm.chungbuk.ac.kr/home/sub.php?menukey=20039&mod=view&no=454178726&listCnt=20"} | headers=HTTPHeaderDict({'Content-Length': '99', 'Content-Type': 'application/json; charset=utf-8', 'cache-control': 'no-cache'})
2025-12-03 07:57:17 [selenium.webdriver.remote.remote_connection] DEBUG: Finished Request
2025-12-03 07:57:17 [selenium.webdriver.remote.remote_connection] DEBUG: POST http://localhost:61702/session/d3e2dc8fd181276e7adc38a949a985ea/execute/sync {'script': '/* getAttribute */return (function(){return (function(){var d=this||self;function f(a,b){function c(...', 'args': [{'element-6066-11e4-a52e-4f735466cecf': 'f.4F4668DD83D932F69BDEED28D188828F.d.8F793FB66EF7DBAF185CA67BB81CA36A.e.37'}, 'href']}
2025-12-03 07:57:17 [urllib3.connectionpool] DEBUG: http://localhost:61702 "POST /session/d3e2dc8fd181276e7adc38a949a985ea/execute/sync HTTP/1.1" 200 0
2025-12-03 07:57:17 [selenium.webdriver.remote.remote_connection] DEBUG: Remote response: status=200 | data={"value":"https://dorm.chungbuk.ac.kr/home/sub.php?menukey=20039&mod=view&no=454178726&listCnt=20"} | headers=HTTPHeaderDict({'Content-Length': '99', 'Content-Type': 'application/json; charset=utf-8', 'cache-control': 'no-cache'})
2025-12-03 07:57:17 [selenium.webdriver.remote.remote_connection] DEBUG: Finished Request
2025-12-03 07:57:17 [selenium.webdriver.remote.remote_connection] DEBUG: POST http://localhost:61702/session/d3e2dc8fd181276e7adc38a949a985ea/execute/sync {'script': '/* getAttribute */return (function(){return (function(){var d=this||self;function f(a,b){function c(...', 'args': [{'element-6066-11e4-a52e-4f735466cecf': 'f.4F4668DD83D932F69BDEED28D188828F.d.8F793FB66EF7DBAF185CA67BB81CA36A.e.38'}, 'href']}
2025-12-03 07:57:17 [urllib3.connectionpool] DEBUG: http://localhost:61702 "POST /session/d3e2dc8fd181276e7adc38a949a985ea/execute/sync HTTP/1.1" 200 0
2025-12-03 07:57:17 [selenium.webdriver.remote.remote_connection] DEBUG: Remote response: status=200 | data={"value":"https://dorm.chungbuk.ac.kr/home/sub.php?menukey=20039&mod=view&no=454178632&listCnt=20"} | headers=HTTPHeaderDict({'Content-Length': '99', 'Content-Type': 'application/json; charset=utf-8', 'cache-control': 'no-cache'})
2025-12-03 07:57:17 [selenium.webdriver.remote.remote_connection] DEBUG: Finished Request
2025-12-03 07:57:17 [selenium.webdriver.remote.remote_connection] DEBUG: POST http://localhost:61702/session/d3e2dc8fd181276e7adc38a949a985ea/execute/sync {'script': '/* getAttribute */return (function(){return (function(){var d=this||self;function f(a,b){function c(...', 'args': [{'element-6066-11e4-a52e-4f735466cecf': 'f.4F4668DD83D932F69BDEED28D188828F.d.8F793FB66EF7DBAF185CA67BB81CA36A.e.38'}, 'href']}
2025-12-03 07:57:17 [urllib3.connectionpool] DEBUG: http://localhost:61702 "POST /session/d3e2dc8fd181276e7adc38a949a985ea/execute/sync HTTP/1.1" 200 0
2025-12-03 07:57:17 [selenium.webdriver.remote.remote_connection] DEBUG: Remote response: status=200 | data={"value":"https://dorm.chungbuk.ac.kr/home/sub.php?menukey=20039&mod=view&no=454178632&listCnt=20"} | headers=HTTPHeaderDict({'Content-Length': '99', 'Content-Type': 'application/json; charset=utf-8', 'cache-control': 'no-cache'})
2025-12-03 07:57:17 [selenium.webdriver.remote.remote_connection] DEBUG: Finished Request
2025-12-03 07:57:17 [selenium.webdriver.remote.remote_connection] DEBUG: POST http://localhost:61702/session/d3e2dc8fd181276e7adc38a949a985ea/execute/sync {'script': '/* getAttribute */return (function(){return (function(){var d=this||self;function f(a,b){function c(...', 'args': [{'element-6066-11e4-a52e-4f735466cecf': 'f.4F4668DD83D932F69BDEED28D188828F.d.8F793FB66EF7DBAF185CA67BB81CA36A.e.39'}, 'href']}
2025-12-03 07:57:17 [urllib3.connectionpool] DEBUG: http://localhost:61702 "POST /session/d3e2dc8fd181276e7adc38a949a985ea/execute/sync HTTP/1.1" 200 0
2025-12-03 07:57:17 [selenium.webdriver.remote.remote_connection] DEBUG: Remote response: status=200 | data={"value":"https://dorm.chungbuk.ac.kr/home/sub.php?menukey=20039&mod=view&no=454178632&listCnt=20"} | headers=HTTPHeaderDict({'Content-Length': '99', 'Content-Type': 'application/json; charset=utf-8', 'cache-control': 'no-cache'})
2025-12-03 07:57:17 [selenium.webdriver.remote.remote_connection] DEBUG: Finished Request
2025-12-03 07:57:17 [selenium.webdriver.remote.remote_connection] DEBUG: POST http://localhost:61702/session/d3e2dc8fd181276e7adc38a949a985ea/execute/sync {'script': '/* getAttribute */return (function(){return (function(){var d=this||self;function f(a,b){function c(...', 'args': [{'element-6066-11e4-a52e-4f735466cecf': 'f.4F4668DD83D932F69BDEED28D188828F.d.8F793FB66EF7DBAF185CA67BB81CA36A.e.39'}, 'href']}
2025-12-03 07:57:17 [urllib3.connectionpool] DEBUG: http://localhost:61702 "POST /session/d3e2dc8fd181276e7adc38a949a985ea/execute/sync HTTP/1.1" 200 0
2025-12-03 07:57:17 [selenium.webdriver.remote.remote_connection] DEBUG: Remote response: status=200 | data={"value":"https://dorm.chungbuk.ac.kr/home/sub.php?menukey=20039&mod=view&no=454178632&listCnt=20"} | headers=HTTPHeaderDict({'Content-Length': '99', 'Content-Type': 'application/json; charset=utf-8', 'cache-control': 'no-cache'})
2025-12-03 07:57:17 [selenium.webdriver.remote.remote_connection] DEBUG: Finished Request
2025-12-03 07:57:17 [selenium.webdriver.remote.remote_connection] DEBUG: POST http://localhost:61702/session/d3e2dc8fd181276e7adc38a949a985ea/execute/sync {'script': '/* getAttribute */return (function(){return (function(){var d=this||self;function f(a,b){function c(...', 'args': [{'element-6066-11e4-a52e-4f735466cecf': 'f.4F4668DD83D932F69BDEED28D188828F.d.8F793FB66EF7DBAF185CA67BB81CA36A.e.40'}, 'href']}
2025-12-03 07:57:17 [urllib3.connectionpool] DEBUG: http://localhost:61702 "POST /session/d3e2dc8fd181276e7adc38a949a985ea/execute/sync HTTP/1.1" 200 0
2025-12-03 07:57:17 [selenium.webdriver.remote.remote_connection] DEBUG: Remote response: status=200 | data={"value":"https://dorm.chungbuk.ac.kr/home/sub.php?menukey=20039&mod=view&no=454178619&listCnt=20"} | headers=HTTPHeaderDict({'Content-Length': '99', 'Content-Type': 'application/json; charset=utf-8', 'cache-control': 'no-cache'})
2025-12-03 07:57:17 [selenium.webdriver.remote.remote_connection] DEBUG: Finished Request
2025-12-03 07:57:17 [selenium.webdriver.remote.remote_connection] DEBUG: POST http://localhost:61702/session/d3e2dc8fd181276e7adc38a949a985ea/execute/sync {'script': '/* getAttribute */return (function(){return (function(){var d=this||self;function f(a,b){function c(...', 'args': [{'element-6066-11e4-a52e-4f735466cecf': 'f.4F4668DD83D932F69BDEED28D188828F.d.8F793FB66EF7DBAF185CA67BB81CA36A.e.40'}, 'href']}
2025-12-03 07:57:17 [urllib3.connectionpool] DEBUG: http://localhost:61702 "POST /session/d3e2dc8fd181276e7adc38a949a985ea/execute/sync HTTP/1.1" 200 0
2025-12-03 07:57:17 [selenium.webdriver.remote.remote_connection] DEBUG: Remote response: status=200 | data={"value":"https://dorm.chungbuk.ac.kr/home/sub.php?menukey=20039&mod=view&no=454178619&listCnt=20"} | headers=HTTPHeaderDict({'Content-Length': '99', 'Content-Type': 'application/json; charset=utf-8', 'cache-control': 'no-cache'})
2025-12-03 07:57:17 [selenium.webdriver.remote.remote_connection] DEBUG: Finished Request
2025-12-03 07:57:17 [selenium.webdriver.remote.remote_connection] DEBUG: POST http://localhost:61702/session/d3e2dc8fd181276e7adc38a949a985ea/execute/sync {'script': '/* getAttribute */return (function(){return (function(){var d=this||self;function f(a,b){function c(...', 'args': [{'element-6066-11e4-a52e-4f735466cecf': 'f.4F4668DD83D932F69BDEED28D188828F.d.8F793FB66EF7DBAF185CA67BB81CA36A.e.41'}, 'href']}
2025-12-03 07:57:17 [urllib3.connectionpool] DEBUG: http://localhost:61702 "POST /session/d3e2dc8fd181276e7adc38a949a985ea/execute/sync HTTP/1.1" 200 0
2025-12-03 07:57:17 [selenium.webdriver.remote.remote_connection] DEBUG: Remote response: status=200 | data={"value":"https://dorm.chungbuk.ac.kr/home/sub.php?menukey=20039&mod=view&no=454178499&listCnt=20"} | headers=HTTPHeaderDict({'Content-Length': '99', 'Content-Type': 'application/json; charset=utf-8', 'cache-control': 'no-cache'})
2025-12-03 07:57:17 [selenium.webdriver.remote.remote_connection] DEBUG: Finished Request
2025-12-03 07:57:17 [selenium.webdriver.remote.remote_connection] DEBUG: POST http://localhost:61702/session/d3e2dc8fd181276e7adc38a949a985ea/execute/sync {'script': '/* getAttribute */return (function(){return (function(){var d=this||self;function f(a,b){function c(...', 'args': [{'element-6066-11e4-a52e-4f735466cecf': 'f.4F4668DD83D932F69BDEED28D188828F.d.8F793FB66EF7DBAF185CA67BB81CA36A.e.41'}, 'href']}
2025-12-03 07:57:17 [urllib3.connectionpool] DEBUG: http://localhost:61702 "POST /session/d3e2dc8fd181276e7adc38a949a985ea/execute/sync HTTP/1.1" 200 0
2025-12-03 07:57:17 [selenium.webdriver.remote.remote_connection] DEBUG: Remote response: status=200 | data={"value":"https://dorm.chungbuk.ac.kr/home/sub.php?menukey=20039&mod=view&no=454178499&listCnt=20"} | headers=HTTPHeaderDict({'Content-Length': '99', 'Content-Type': 'application/json; charset=utf-8', 'cache-control': 'no-cache'})
2025-12-03 07:57:17 [selenium.webdriver.remote.remote_connection] DEBUG: Finished Request
2025-12-03 07:57:17 [selenium.webdriver.remote.remote_connection] DEBUG: POST http://localhost:61702/session/d3e2dc8fd181276e7adc38a949a985ea/execute/sync {'script': '/* getAttribute */return (function(){return (function(){var d=this||self;function f(a,b){function c(...', 'args': [{'element-6066-11e4-a52e-4f735466cecf': 'f.4F4668DD83D932F69BDEED28D188828F.d.8F793FB66EF7DBAF185CA67BB81CA36A.e.42'}, 'href']}
2025-12-03 07:57:17 [urllib3.connectionpool] DEBUG: http://localhost:61702 "POST /session/d3e2dc8fd181276e7adc38a949a985ea/execute/sync HTTP/1.1" 200 0
2025-12-03 07:57:17 [selenium.webdriver.remote.remote_connection] DEBUG: Remote response: status=200 | data={"value":"https://dorm.chungbuk.ac.kr/home/sub.php?menukey=20039&mod=view&no=454178813&listCnt=20"} | headers=HTTPHeaderDict({'Content-Length': '99', 'Content-Type': 'application/json; charset=utf-8', 'cache-control': 'no-cache'})
2025-12-03 07:57:17 [selenium.webdriver.remote.remote_connection] DEBUG: Finished Request
2025-12-03 07:57:17 [selenium.webdriver.remote.remote_connection] DEBUG: POST http://localhost:61702/session/d3e2dc8fd181276e7adc38a949a985ea/execute/sync {'script': '/* getAttribute */return (function(){return (function(){var d=this||self;function f(a,b){function c(...', 'args': [{'element-6066-11e4-a52e-4f735466cecf': 'f.4F4668DD83D932F69BDEED28D188828F.d.8F793FB66EF7DBAF185CA67BB81CA36A.e.42'}, 'href']}
2025-12-03 07:57:17 [urllib3.connectionpool] DEBUG: http://localhost:61702 "POST /session/d3e2dc8fd181276e7adc38a949a985ea/execute/sync HTTP/1.1" 200 0
2025-12-03 07:57:17 [selenium.webdriver.remote.remote_connection] DEBUG: Remote response: status=200 | data={"value":"https://dorm.chungbuk.ac.kr/home/sub.php?menukey=20039&mod=view&no=454178813&listCnt=20"} | headers=HTTPHeaderDict({'Content-Length': '99', 'Content-Type': 'application/json; charset=utf-8', 'cache-control': 'no-cache'})
2025-12-03 07:57:17 [selenium.webdriver.remote.remote_connection] DEBUG: Finished Request
2025-12-03 07:57:17 [selenium.webdriver.remote.remote_connection] DEBUG: POST http://localhost:61702/session/d3e2dc8fd181276e7adc38a949a985ea/execute/sync {'script': '/* getAttribute */return (function(){return (function(){var d=this||self;function f(a,b){function c(...', 'args': [{'element-6066-11e4-a52e-4f735466cecf': 'f.4F4668DD83D932F69BDEED28D188828F.d.8F793FB66EF7DBAF185CA67BB81CA36A.e.43'}, 'href']}
2025-12-03 07:57:17 [urllib3.connectionpool] DEBUG: http://localhost:61702 "POST /session/d3e2dc8fd181276e7adc38a949a985ea/execute/sync HTTP/1.1" 200 0
2025-12-03 07:57:17 [selenium.webdriver.remote.remote_connection] DEBUG: Remote response: status=200 | data={"value":"https://dorm.chungbuk.ac.kr/home/sub.php?menukey=20039&mod=view&no=454178813&listCnt=20"} | headers=HTTPHeaderDict({'Content-Length': '99', 'Content-Type': 'application/json; charset=utf-8', 'cache-control': 'no-cache'})
2025-12-03 07:57:17 [selenium.webdriver.remote.remote_connection] DEBUG: Finished Request
2025-12-03 07:57:17 [selenium.webdriver.remote.remote_connection] DEBUG: POST http://localhost:61702/session/d3e2dc8fd181276e7adc38a949a985ea/execute/sync {'script': '/* getAttribute */return (function(){return (function(){var d=this||self;function f(a,b){function c(...', 'args': [{'element-6066-11e4-a52e-4f735466cecf': 'f.4F4668DD83D932F69BDEED28D188828F.d.8F793FB66EF7DBAF185CA67BB81CA36A.e.43'}, 'href']}
2025-12-03 07:57:17 [urllib3.connectionpool] DEBUG: http://localhost:61702 "POST /session/d3e2dc8fd181276e7adc38a949a985ea/execute/sync HTTP/1.1" 200 0
2025-12-03 07:57:17 [selenium.webdriver.remote.remote_connection] DEBUG: Remote response: status=200 | data={"value":"https://dorm.chungbuk.ac.kr/home/sub.php?menukey=20039&mod=view&no=454178813&listCnt=20"} | headers=HTTPHeaderDict({'Content-Length': '99', 'Content-Type': 'application/json; charset=utf-8', 'cache-control': 'no-cache'})
2025-12-03 07:57:17 [selenium.webdriver.remote.remote_connection] DEBUG: Finished Request
2025-12-03 07:57:17 [selenium.webdriver.remote.remote_connection] DEBUG: POST http://localhost:61702/session/d3e2dc8fd181276e7adc38a949a985ea/execute/sync {'script': '/* getAttribute */return (function(){return (function(){var d=this||self;function f(a,b){function c(...', 'args': [{'element-6066-11e4-a52e-4f735466cecf': 'f.4F4668DD83D932F69BDEED28D188828F.d.8F793FB66EF7DBAF185CA67BB81CA36A.e.44'}, 'href']}
2025-12-03 07:57:17 [urllib3.connectionpool] DEBUG: http://localhost:61702 "POST /session/d3e2dc8fd181276e7adc38a949a985ea/execute/sync HTTP/1.1" 200 0
2025-12-03 07:57:17 [selenium.webdriver.remote.remote_connection] DEBUG: Remote response: status=200 | data={"value":"https://dorm.chungbuk.ac.kr/home/sub.php?menukey=20039&mod=view&no=454178810&listCnt=20"} | headers=HTTPHeaderDict({'Content-Length': '99', 'Content-Type': 'application/json; charset=utf-8', 'cache-control': 'no-cache'})
2025-12-03 07:57:17 [selenium.webdriver.remote.remote_connection] DEBUG: Finished Request
2025-12-03 07:57:17 [selenium.webdriver.remote.remote_connection] DEBUG: POST http://localhost:61702/session/d3e2dc8fd181276e7adc38a949a985ea/execute/sync {'script': '/* getAttribute */return (function(){return (function(){var d=this||self;function f(a,b){function c(...', 'args': [{'element-6066-11e4-a52e-4f735466cecf': 'f.4F4668DD83D932F69BDEED28D188828F.d.8F793FB66EF7DBAF185CA67BB81CA36A.e.44'}, 'href']}
2025-12-03 07:57:17 [urllib3.connectionpool] DEBUG: http://localhost:61702 "POST /session/d3e2dc8fd181276e7adc38a949a985ea/execute/sync HTTP/1.1" 200 0
2025-12-03 07:57:17 [selenium.webdriver.remote.remote_connection] DEBUG: Remote response: status=200 | data={"value":"https://dorm.chungbuk.ac.kr/home/sub.php?menukey=20039&mod=view&no=454178810&listCnt=20"} | headers=HTTPHeaderDict({'Content-Length': '99', 'Content-Type': 'application/json; charset=utf-8', 'cache-control': 'no-cache'})
2025-12-03 07:57:17 [selenium.webdriver.remote.remote_connection] DEBUG: Finished Request
2025-12-03 07:57:17 [selenium.webdriver.remote.remote_connection] DEBUG: POST http://localhost:61702/session/d3e2dc8fd181276e7adc38a949a985ea/execute/sync {'script': '/* getAttribute */return (function(){return (function(){var d=this||self;function f(a,b){function c(...', 'args': [{'element-6066-11e4-a52e-4f735466cecf': 'f.4F4668DD83D932F69BDEED28D188828F.d.8F793FB66EF7DBAF185CA67BB81CA36A.e.45'}, 'href']}
2025-12-03 07:57:17 [urllib3.connectionpool] DEBUG: http://localhost:61702 "POST /session/d3e2dc8fd181276e7adc38a949a985ea/execute/sync HTTP/1.1" 200 0
2025-12-03 07:57:17 [selenium.webdriver.remote.remote_connection] DEBUG: Remote response: status=200 | data={"value":"https://dorm.chungbuk.ac.kr/home/sub.php?menukey=20039&mod=view&no=454178810&listCnt=20"} | headers=HTTPHeaderDict({'Content-Length': '99', 'Content-Type': 'application/json; charset=utf-8', 'cache-control': 'no-cache'})
2025-12-03 07:57:17 [selenium.webdriver.remote.remote_connection] DEBUG: Finished Request
2025-12-03 07:57:17 [selenium.webdriver.remote.remote_connection] DEBUG: POST http://localhost:61702/session/d3e2dc8fd181276e7adc38a949a985ea/execute/sync {'script': '/* getAttribute */return (function(){return (function(){var d=this||self;function f(a,b){function c(...', 'args': [{'element-6066-11e4-a52e-4f735466cecf': 'f.4F4668DD83D932F69BDEED28D188828F.d.8F793FB66EF7DBAF185CA67BB81CA36A.e.45'}, 'href']}
2025-12-03 07:57:17 [urllib3.connectionpool] DEBUG: http://localhost:61702 "POST /session/d3e2dc8fd181276e7adc38a949a985ea/execute/sync HTTP/1.1" 200 0
2025-12-03 07:57:17 [selenium.webdriver.remote.remote_connection] DEBUG: Remote response: status=200 | data={"value":"https://dorm.chungbuk.ac.kr/home/sub.php?menukey=20039&mod=view&no=454178810&listCnt=20"} | headers=HTTPHeaderDict({'Content-Length': '99', 'Content-Type': 'application/json; charset=utf-8', 'cache-control': 'no-cache'})
2025-12-03 07:57:17 [selenium.webdriver.remote.remote_connection] DEBUG: Finished Request
2025-12-03 07:57:17 [selenium.webdriver.remote.remote_connection] DEBUG: POST http://localhost:61702/session/d3e2dc8fd181276e7adc38a949a985ea/execute/sync {'script': '/* getAttribute */return (function(){return (function(){var d=this||self;function f(a,b){function c(...', 'args': [{'element-6066-11e4-a52e-4f735466cecf': 'f.4F4668DD83D932F69BDEED28D188828F.d.8F793FB66EF7DBAF185CA67BB81CA36A.e.46'}, 'href']}
2025-12-03 07:57:17 [urllib3.connectionpool] DEBUG: http://localhost:61702 "POST /session/d3e2dc8fd181276e7adc38a949a985ea/execute/sync HTTP/1.1" 200 0
2025-12-03 07:57:17 [selenium.webdriver.remote.remote_connection] DEBUG: Remote response: status=200 | data={"value":"https://dorm.chungbuk.ac.kr/home/sub.php?menukey=20039&mod=view&no=454178810&listCnt=20"} | headers=HTTPHeaderDict({'Content-Length': '99', 'Content-Type': 'application/json; charset=utf-8', 'cache-control': 'no-cache'})
2025-12-03 07:57:17 [selenium.webdriver.remote.remote_connection] DEBUG: Finished Request
2025-12-03 07:57:17 [selenium.webdriver.remote.remote_connection] DEBUG: POST http://localhost:61702/session/d3e2dc8fd181276e7adc38a949a985ea/execute/sync {'script': '/* getAttribute */return (function(){return (function(){var d=this||self;function f(a,b){function c(...', 'args': [{'element-6066-11e4-a52e-4f735466cecf': 'f.4F4668DD83D932F69BDEED28D188828F.d.8F793FB66EF7DBAF185CA67BB81CA36A.e.46'}, 'href']}
2025-12-03 07:57:17 [urllib3.connectionpool] DEBUG: http://localhost:61702 "POST /session/d3e2dc8fd181276e7adc38a949a985ea/execute/sync HTTP/1.1" 200 0
2025-12-03 07:57:17 [selenium.webdriver.remote.remote_connection] DEBUG: Remote response: status=200 | data={"value":"https://dorm.chungbuk.ac.kr/home/sub.php?menukey=20039&mod=view&no=454178810&listCnt=20"} | headers=HTTPHeaderDict({'Content-Length': '99', 'Content-Type': 'application/json; charset=utf-8', 'cache-control': 'no-cache'})
2025-12-03 07:57:17 [selenium.webdriver.remote.remote_connection] DEBUG: Finished Request
2025-12-03 07:57:17 [selenium.webdriver.remote.remote_connection] DEBUG: POST http://localhost:61702/session/d3e2dc8fd181276e7adc38a949a985ea/execute/sync {'script': '/* getAttribute */return (function(){return (function(){var d=this||self;function f(a,b){function c(...', 'args': [{'element-6066-11e4-a52e-4f735466cecf': 'f.4F4668DD83D932F69BDEED28D188828F.d.8F793FB66EF7DBAF185CA67BB81CA36A.e.47'}, 'href']}
2025-12-03 07:57:17 [urllib3.connectionpool] DEBUG: http://localhost:61702 "POST /session/d3e2dc8fd181276e7adc38a949a985ea/execute/sync HTTP/1.1" 200 0
2025-12-03 07:57:17 [selenium.webdriver.remote.remote_connection] DEBUG: Remote response: status=200 | data={"value":"https://dorm.chungbuk.ac.kr/home/sub.php?menukey=20039&mod=view&no=454178810&listCnt=20"} | headers=HTTPHeaderDict({'Content-Length': '99', 'Content-Type': 'application/json; charset=utf-8', 'cache-control': 'no-cache'})
2025-12-03 07:57:17 [selenium.webdriver.remote.remote_connection] DEBUG: Finished Request
2025-12-03 07:57:17 [selenium.webdriver.remote.remote_connection] DEBUG: POST http://localhost:61702/session/d3e2dc8fd181276e7adc38a949a985ea/execute/sync {'script': '/* getAttribute */return (function(){return (function(){var d=this||self;function f(a,b){function c(...', 'args': [{'element-6066-11e4-a52e-4f735466cecf': 'f.4F4668DD83D932F69BDEED28D188828F.d.8F793FB66EF7DBAF185CA67BB81CA36A.e.47'}, 'href']}
2025-12-03 07:57:17 [urllib3.connectionpool] DEBUG: http://localhost:61702 "POST /session/d3e2dc8fd181276e7adc38a949a985ea/execute/sync HTTP/1.1" 200 0
2025-12-03 07:57:17 [selenium.webdriver.remote.remote_connection] DEBUG: Remote response: status=200 | data={"value":"https://dorm.chungbuk.ac.kr/home/sub.php?menukey=20039&mod=view&no=454178810&listCnt=20"} | headers=HTTPHeaderDict({'Content-Length': '99', 'Content-Type': 'application/json; charset=utf-8', 'cache-control': 'no-cache'})
2025-12-03 07:57:17 [selenium.webdriver.remote.remote_connection] DEBUG: Finished Request
2025-12-03 07:57:17 [selenium.webdriver.remote.remote_connection] DEBUG: POST http://localhost:61702/session/d3e2dc8fd181276e7adc38a949a985ea/execute/sync {'script': '/* getAttribute */return (function(){return (function(){var d=this||self;function f(a,b){function c(...', 'args': [{'element-6066-11e4-a52e-4f735466cecf': 'f.4F4668DD83D932F69BDEED28D188828F.d.8F793FB66EF7DBAF185CA67BB81CA36A.e.48'}, 'href']}
2025-12-03 07:57:17 [urllib3.connectionpool] DEBUG: http://localhost:61702 "POST /session/d3e2dc8fd181276e7adc38a949a985ea/execute/sync HTTP/1.1" 200 0
2025-12-03 07:57:17 [selenium.webdriver.remote.remote_connection] DEBUG: Remote response: status=200 | data={"value":"https://dorm.chungbuk.ac.kr/home/sub.php?menukey=20039&mod=view&no=454178809&listCnt=20"} | headers=HTTPHeaderDict({'Content-Length': '99', 'Content-Type': 'application/json; charset=utf-8', 'cache-control': 'no-cache'})
2025-12-03 07:57:17 [selenium.webdriver.remote.remote_connection] DEBUG: Finished Request
2025-12-03 07:57:17 [selenium.webdriver.remote.remote_connection] DEBUG: POST http://localhost:61702/session/d3e2dc8fd181276e7adc38a949a985ea/execute/sync {'script': '/* getAttribute */return (function(){return (function(){var d=this||self;function f(a,b){function c(...', 'args': [{'element-6066-11e4-a52e-4f735466cecf': 'f.4F4668DD83D932F69BDEED28D188828F.d.8F793FB66EF7DBAF185CA67BB81CA36A.e.48'}, 'href']}
2025-12-03 07:57:17 [urllib3.connectionpool] DEBUG: http://localhost:61702 "POST /session/d3e2dc8fd181276e7adc38a949a985ea/execute/sync HTTP/1.1" 200 0
2025-12-03 07:57:17 [selenium.webdriver.remote.remote_connection] DEBUG: Remote response: status=200 | data={"value":"https://dorm.chungbuk.ac.kr/home/sub.php?menukey=20039&mod=view&no=454178809&listCnt=20"} | headers=HTTPHeaderDict({'Content-Length': '99', 'Content-Type': 'application/json; charset=utf-8', 'cache-control': 'no-cache'})
2025-12-03 07:57:17 [selenium.webdriver.remote.remote_connection] DEBUG: Finished Request
2025-12-03 07:57:17 [selenium.webdriver.remote.remote_connection] DEBUG: POST http://localhost:61702/session/d3e2dc8fd181276e7adc38a949a985ea/execute/sync {'script': '/* getAttribute */return (function(){return (function(){var d=this||self;function f(a,b){function c(...', 'args': [{'element-6066-11e4-a52e-4f735466cecf': 'f.4F4668DD83D932F69BDEED28D188828F.d.8F793FB66EF7DBAF185CA67BB81CA36A.e.49'}, 'href']}
2025-12-03 07:57:17 [urllib3.connectionpool] DEBUG: http://localhost:61702 "POST /session/d3e2dc8fd181276e7adc38a949a985ea/execute/sync HTTP/1.1" 200 0
2025-12-03 07:57:17 [selenium.webdriver.remote.remote_connection] DEBUG: Remote response: status=200 | data={"value":"https://dorm.chungbuk.ac.kr/home/sub.php?menukey=20039&mod=view&no=454178808&listCnt=20"} | headers=HTTPHeaderDict({'Content-Length': '99', 'Content-Type': 'application/json; charset=utf-8', 'cache-control': 'no-cache'})
2025-12-03 07:57:17 [selenium.webdriver.remote.remote_connection] DEBUG: Finished Request
2025-12-03 07:57:17 [selenium.webdriver.remote.remote_connection] DEBUG: POST http://localhost:61702/session/d3e2dc8fd181276e7adc38a949a985ea/execute/sync {'script': '/* getAttribute */return (function(){return (function(){var d=this||self;function f(a,b){function c(...', 'args': [{'element-6066-11e4-a52e-4f735466cecf': 'f.4F4668DD83D932F69BDEED28D188828F.d.8F793FB66EF7DBAF185CA67BB81CA36A.e.49'}, 'href']}
2025-12-03 07:57:17 [urllib3.connectionpool] DEBUG: http://localhost:61702 "POST /session/d3e2dc8fd181276e7adc38a949a985ea/execute/sync HTTP/1.1" 200 0
2025-12-03 07:57:17 [selenium.webdriver.remote.remote_connection] DEBUG: Remote response: status=200 | data={"value":"https://dorm.chungbuk.ac.kr/home/sub.php?menukey=20039&mod=view&no=454178808&listCnt=20"} | headers=HTTPHeaderDict({'Content-Length': '99', 'Content-Type': 'application/json; charset=utf-8', 'cache-control': 'no-cache'})
2025-12-03 07:57:17 [selenium.webdriver.remote.remote_connection] DEBUG: Finished Request
2025-12-03 07:57:17 [selenium.webdriver.remote.remote_connection] DEBUG: POST http://localhost:61702/session/d3e2dc8fd181276e7adc38a949a985ea/execute/sync {'script': '/* getAttribute */return (function(){return (function(){var d=this||self;function f(a,b){function c(...', 'args': [{'element-6066-11e4-a52e-4f735466cecf': 'f.4F4668DD83D932F69BDEED28D188828F.d.8F793FB66EF7DBAF185CA67BB81CA36A.e.50'}, 'href']}
2025-12-03 07:57:17 [urllib3.connectionpool] DEBUG: http://localhost:61702 "POST /session/d3e2dc8fd181276e7adc38a949a985ea/execute/sync HTTP/1.1" 200 0
2025-12-03 07:57:17 [selenium.webdriver.remote.remote_connection] DEBUG: Remote response: status=200 | data={"value":"https://dorm.chungbuk.ac.kr/home/sub.php?menukey=20039&mod=view&no=454178805&listCnt=20"} | headers=HTTPHeaderDict({'Content-Length': '99', 'Content-Type': 'application/json; charset=utf-8', 'cache-control': 'no-cache'})
2025-12-03 07:57:17 [selenium.webdriver.remote.remote_connection] DEBUG: Finished Request
2025-12-03 07:57:17 [selenium.webdriver.remote.remote_connection] DEBUG: POST http://localhost:61702/session/d3e2dc8fd181276e7adc38a949a985ea/execute/sync {'script': '/* getAttribute */return (function(){return (function(){var d=this||self;function f(a,b){function c(...', 'args': [{'element-6066-11e4-a52e-4f735466cecf': 'f.4F4668DD83D932F69BDEED28D188828F.d.8F793FB66EF7DBAF185CA67BB81CA36A.e.50'}, 'href']}
2025-12-03 07:57:17 [urllib3.connectionpool] DEBUG: http://localhost:61702 "POST /session/d3e2dc8fd181276e7adc38a949a985ea/execute/sync HTTP/1.1" 200 0
2025-12-03 07:57:17 [selenium.webdriver.remote.remote_connection] DEBUG: Remote response: status=200 | data={"value":"https://dorm.chungbuk.ac.kr/home/sub.php?menukey=20039&mod=view&no=454178805&listCnt=20"} | headers=HTTPHeaderDict({'Content-Length': '99', 'Content-Type': 'application/json; charset=utf-8', 'cache-control': 'no-cache'})
2025-12-03 07:57:17 [selenium.webdriver.remote.remote_connection] DEBUG: Finished Request
2025-12-03 07:57:17 [selenium.webdriver.remote.remote_connection] DEBUG: POST http://localhost:61702/session/d3e2dc8fd181276e7adc38a949a985ea/execute/sync {'script': '/* getAttribute */return (function(){return (function(){var d=this||self;function f(a,b){function c(...', 'args': [{'element-6066-11e4-a52e-4f735466cecf': 'f.4F4668DD83D932F69BDEED28D188828F.d.8F793FB66EF7DBAF185CA67BB81CA36A.e.51'}, 'href']}
2025-12-03 07:57:17 [urllib3.connectionpool] DEBUG: http://localhost:61702 "POST /session/d3e2dc8fd181276e7adc38a949a985ea/execute/sync HTTP/1.1" 200 0
2025-12-03 07:57:17 [selenium.webdriver.remote.remote_connection] DEBUG: Remote response: status=200 | data={"value":"https://dorm.chungbuk.ac.kr/home/sub.php?menukey=20039&mod=view&no=454178802&listCnt=20"} | headers=HTTPHeaderDict({'Content-Length': '99', 'Content-Type': 'application/json; charset=utf-8', 'cache-control': 'no-cache'})
2025-12-03 07:57:17 [selenium.webdriver.remote.remote_connection] DEBUG: Finished Request
2025-12-03 07:57:17 [selenium.webdriver.remote.remote_connection] DEBUG: POST http://localhost:61702/session/d3e2dc8fd181276e7adc38a949a985ea/execute/sync {'script': '/* getAttribute */return (function(){return (function(){var d=this||self;function f(a,b){function c(...', 'args': [{'element-6066-11e4-a52e-4f735466cecf': 'f.4F4668DD83D932F69BDEED28D188828F.d.8F793FB66EF7DBAF185CA67BB81CA36A.e.51'}, 'href']}
2025-12-03 07:57:17 [urllib3.connectionpool] DEBUG: http://localhost:61702 "POST /session/d3e2dc8fd181276e7adc38a949a985ea/execute/sync HTTP/1.1" 200 0
2025-12-03 07:57:17 [selenium.webdriver.remote.remote_connection] DEBUG: Remote response: status=200 | data={"value":"https://dorm.chungbuk.ac.kr/home/sub.php?menukey=20039&mod=view&no=454178802&listCnt=20"} | headers=HTTPHeaderDict({'Content-Length': '99', 'Content-Type': 'application/json; charset=utf-8', 'cache-control': 'no-cache'})
2025-12-03 07:57:17 [selenium.webdriver.remote.remote_connection] DEBUG: Finished Request
2025-12-03 07:57:17 [selenium.webdriver.remote.remote_connection] DEBUG: POST http://localhost:61702/session/d3e2dc8fd181276e7adc38a949a985ea/execute/sync {'script': '/* getAttribute */return (function(){return (function(){var d=this||self;function f(a,b){function c(...', 'args': [{'element-6066-11e4-a52e-4f735466cecf': 'f.4F4668DD83D932F69BDEED28D188828F.d.8F793FB66EF7DBAF185CA67BB81CA36A.e.52'}, 'href']}
2025-12-03 07:57:17 [urllib3.connectionpool] DEBUG: http://localhost:61702 "POST /session/d3e2dc8fd181276e7adc38a949a985ea/execute/sync HTTP/1.1" 200 0
2025-12-03 07:57:17 [selenium.webdriver.remote.remote_connection] DEBUG: Remote response: status=200 | data={"value":"https://dorm.chungbuk.ac.kr/home/sub.php?menukey=20039&mod=view&no=454178801&listCnt=20"} | headers=HTTPHeaderDict({'Content-Length': '99', 'Content-Type': 'application/json; charset=utf-8', 'cache-control': 'no-cache'})
2025-12-03 07:57:17 [selenium.webdriver.remote.remote_connection] DEBUG: Finished Request
2025-12-03 07:57:17 [selenium.webdriver.remote.remote_connection] DEBUG: POST http://localhost:61702/session/d3e2dc8fd181276e7adc38a949a985ea/execute/sync {'script': '/* getAttribute */return (function(){return (function(){var d=this||self;function f(a,b){function c(...', 'args': [{'element-6066-11e4-a52e-4f735466cecf': 'f.4F4668DD83D932F69BDEED28D188828F.d.8F793FB66EF7DBAF185CA67BB81CA36A.e.52'}, 'href']}
2025-12-03 07:57:17 [urllib3.connectionpool] DEBUG: http://localhost:61702 "POST /session/d3e2dc8fd181276e7adc38a949a985ea/execute/sync HTTP/1.1" 200 0
2025-12-03 07:57:17 [selenium.webdriver.remote.remote_connection] DEBUG: Remote response: status=200 | data={"value":"https://dorm.chungbuk.ac.kr/home/sub.php?menukey=20039&mod=view&no=454178801&listCnt=20"} | headers=HTTPHeaderDict({'Content-Length': '99', 'Content-Type': 'application/json; charset=utf-8', 'cache-control': 'no-cache'})
2025-12-03 07:57:17 [selenium.webdriver.remote.remote_connection] DEBUG: Finished Request
2025-12-03 07:57:17 [selenium.webdriver.remote.remote_connection] DEBUG: POST http://localhost:61702/session/d3e2dc8fd181276e7adc38a949a985ea/execute/sync {'script': '/* getAttribute */return (function(){return (function(){var d=this||self;function f(a,b){function c(...', 'args': [{'element-6066-11e4-a52e-4f735466cecf': 'f.4F4668DD83D932F69BDEED28D188828F.d.8F793FB66EF7DBAF185CA67BB81CA36A.e.53'}, 'href']}
2025-12-03 07:57:17 [urllib3.connectionpool] DEBUG: http://localhost:61702 "POST /session/d3e2dc8fd181276e7adc38a949a985ea/execute/sync HTTP/1.1" 200 0
2025-12-03 07:57:17 [selenium.webdriver.remote.remote_connection] DEBUG: Remote response: status=200 | data={"value":"https://dorm.chungbuk.ac.kr/home/sub.php?menukey=20039&mod=view&no=454178798&listCnt=20"} | headers=HTTPHeaderDict({'Content-Length': '99', 'Content-Type': 'application/json; charset=utf-8', 'cache-control': 'no-cache'})
2025-12-03 07:57:17 [selenium.webdriver.remote.remote_connection] DEBUG: Finished Request
2025-12-03 07:57:17 [selenium.webdriver.remote.remote_connection] DEBUG: POST http://localhost:61702/session/d3e2dc8fd181276e7adc38a949a985ea/execute/sync {'script': '/* getAttribute */return (function(){return (function(){var d=this||self;function f(a,b){function c(...', 'args': [{'element-6066-11e4-a52e-4f735466cecf': 'f.4F4668DD83D932F69BDEED28D188828F.d.8F793FB66EF7DBAF185CA67BB81CA36A.e.53'}, 'href']}
2025-12-03 07:57:17 [urllib3.connectionpool] DEBUG: http://localhost:61702 "POST /session/d3e2dc8fd181276e7adc38a949a985ea/execute/sync HTTP/1.1" 200 0
2025-12-03 07:57:17 [selenium.webdriver.remote.remote_connection] DEBUG: Remote response: status=200 | data={"value":"https://dorm.chungbuk.ac.kr/home/sub.php?menukey=20039&mod=view&no=454178798&listCnt=20"} | headers=HTTPHeaderDict({'Content-Length': '99', 'Content-Type': 'application/json; charset=utf-8', 'cache-control': 'no-cache'})
2025-12-03 07:57:17 [selenium.webdriver.remote.remote_connection] DEBUG: Finished Request
2025-12-03 07:57:17 [selenium.webdriver.remote.remote_connection] DEBUG: POST http://localhost:61702/session/d3e2dc8fd181276e7adc38a949a985ea/execute/sync {'script': '/* getAttribute */return (function(){return (function(){var d=this||self;function f(a,b){function c(...', 'args': [{'element-6066-11e4-a52e-4f735466cecf': 'f.4F4668DD83D932F69BDEED28D188828F.d.8F793FB66EF7DBAF185CA67BB81CA36A.e.54'}, 'href']}
2025-12-03 07:57:17 [urllib3.connectionpool] DEBUG: http://localhost:61702 "POST /session/d3e2dc8fd181276e7adc38a949a985ea/execute/sync HTTP/1.1" 200 0
2025-12-03 07:57:17 [selenium.webdriver.remote.remote_connection] DEBUG: Remote response: status=200 | data={"value":"https://dorm.chungbuk.ac.kr/home/sub.php?menukey=20039&mod=view&no=454178797&listCnt=20"} | headers=HTTPHeaderDict({'Content-Length': '99', 'Content-Type': 'application/json; charset=utf-8', 'cache-control': 'no-cache'})
2025-12-03 07:57:17 [selenium.webdriver.remote.remote_connection] DEBUG: Finished Request
2025-12-03 07:57:17 [selenium.webdriver.remote.remote_connection] DEBUG: POST http://localhost:61702/session/d3e2dc8fd181276e7adc38a949a985ea/execute/sync {'script': '/* getAttribute */return (function(){return (function(){var d=this||self;function f(a,b){function c(...', 'args': [{'element-6066-11e4-a52e-4f735466cecf': 'f.4F4668DD83D932F69BDEED28D188828F.d.8F793FB66EF7DBAF185CA67BB81CA36A.e.54'}, 'href']}
2025-12-03 07:57:17 [urllib3.connectionpool] DEBUG: http://localhost:61702 "POST /session/d3e2dc8fd181276e7adc38a949a985ea/execute/sync HTTP/1.1" 200 0
2025-12-03 07:57:17 [selenium.webdriver.remote.remote_connection] DEBUG: Remote response: status=200 | data={"value":"https://dorm.chungbuk.ac.kr/home/sub.php?menukey=20039&mod=view&no=454178797&listCnt=20"} | headers=HTTPHeaderDict({'Content-Length': '99', 'Content-Type': 'application/json; charset=utf-8', 'cache-control': 'no-cache'})
2025-12-03 07:57:17 [selenium.webdriver.remote.remote_connection] DEBUG: Finished Request
2025-12-03 07:57:17 [selenium.webdriver.remote.remote_connection] DEBUG: POST http://localhost:61702/session/d3e2dc8fd181276e7adc38a949a985ea/execute/sync {'script': '/* getAttribute */return (function(){return (function(){var d=this||self;function f(a,b){function c(...', 'args': [{'element-6066-11e4-a52e-4f735466cecf': 'f.4F4668DD83D932F69BDEED28D188828F.d.8F793FB66EF7DBAF185CA67BB81CA36A.e.55'}, 'href']}
2025-12-03 07:57:17 [urllib3.connectionpool] DEBUG: http://localhost:61702 "POST /session/d3e2dc8fd181276e7adc38a949a985ea/execute/sync HTTP/1.1" 200 0
2025-12-03 07:57:17 [selenium.webdriver.remote.remote_connection] DEBUG: Remote response: status=200 | data={"value":"https://dorm.chungbuk.ac.kr/home/sub.php?menukey=20039&mod=view&no=454178797&listCnt=20"} | headers=HTTPHeaderDict({'Content-Length': '99', 'Content-Type': 'application/json; charset=utf-8', 'cache-control': 'no-cache'})
2025-12-03 07:57:17 [selenium.webdriver.remote.remote_connection] DEBUG: Finished Request
2025-12-03 07:57:17 [selenium.webdriver.remote.remote_connection] DEBUG: POST http://localhost:61702/session/d3e2dc8fd181276e7adc38a949a985ea/execute/sync {'script': '/* getAttribute */return (function(){return (function(){var d=this||self;function f(a,b){function c(...', 'args': [{'element-6066-11e4-a52e-4f735466cecf': 'f.4F4668DD83D932F69BDEED28D188828F.d.8F793FB66EF7DBAF185CA67BB81CA36A.e.55'}, 'href']}
2025-12-03 07:57:17 [urllib3.connectionpool] DEBUG: http://localhost:61702 "POST /session/d3e2dc8fd181276e7adc38a949a985ea/execute/sync HTTP/1.1" 200 0
2025-12-03 07:57:17 [selenium.webdriver.remote.remote_connection] DEBUG: Remote response: status=200 | data={"value":"https://dorm.chungbuk.ac.kr/home/sub.php?menukey=20039&mod=view&no=454178797&listCnt=20"} | headers=HTTPHeaderDict({'Content-Length': '99', 'Content-Type': 'application/json; charset=utf-8', 'cache-control': 'no-cache'})
2025-12-03 07:57:17 [selenium.webdriver.remote.remote_connection] DEBUG: Finished Request
2025-12-03 07:57:17 [selenium.webdriver.remote.remote_connection] DEBUG: POST http://localhost:61702/session/d3e2dc8fd181276e7adc38a949a985ea/execute/sync {'script': '/* getAttribute */return (function(){return (function(){var d=this||self;function f(a,b){function c(...', 'args': [{'element-6066-11e4-a52e-4f735466cecf': 'f.4F4668DD83D932F69BDEED28D188828F.d.8F793FB66EF7DBAF185CA67BB81CA36A.e.56'}, 'href']}
2025-12-03 07:57:17 [urllib3.connectionpool] DEBUG: http://localhost:61702 "POST /session/d3e2dc8fd181276e7adc38a949a985ea/execute/sync HTTP/1.1" 200 0
2025-12-03 07:57:17 [selenium.webdriver.remote.remote_connection] DEBUG: Remote response: status=200 | data={"value":"https://dorm.chungbuk.ac.kr/home/sub.php?menukey=20039&mod=view&no=454178796&listCnt=20"} | headers=HTTPHeaderDict({'Content-Length': '99', 'Content-Type': 'application/json; charset=utf-8', 'cache-control': 'no-cache'})
2025-12-03 07:57:17 [selenium.webdriver.remote.remote_connection] DEBUG: Finished Request
2025-12-03 07:57:17 [selenium.webdriver.remote.remote_connection] DEBUG: POST http://localhost:61702/session/d3e2dc8fd181276e7adc38a949a985ea/execute/sync {'script': '/* getAttribute */return (function(){return (function(){var d=this||self;function f(a,b){function c(...', 'args': [{'element-6066-11e4-a52e-4f735466cecf': 'f.4F4668DD83D932F69BDEED28D188828F.d.8F793FB66EF7DBAF185CA67BB81CA36A.e.56'}, 'href']}
2025-12-03 07:57:17 [urllib3.connectionpool] DEBUG: http://localhost:61702 "POST /session/d3e2dc8fd181276e7adc38a949a985ea/execute/sync HTTP/1.1" 200 0
2025-12-03 07:57:17 [selenium.webdriver.remote.remote_connection] DEBUG: Remote response: status=200 | data={"value":"https://dorm.chungbuk.ac.kr/home/sub.php?menukey=20039&mod=view&no=454178796&listCnt=20"} | headers=HTTPHeaderDict({'Content-Length': '99', 'Content-Type': 'application/json; charset=utf-8', 'cache-control': 'no-cache'})
2025-12-03 07:57:17 [selenium.webdriver.remote.remote_connection] DEBUG: Finished Request
2025-12-03 07:57:17 [selenium.webdriver.remote.remote_connection] DEBUG: POST http://localhost:61702/session/d3e2dc8fd181276e7adc38a949a985ea/execute/sync {'script': '/* getAttribute */return (function(){return (function(){var d=this||self;function f(a,b){function c(...', 'args': [{'element-6066-11e4-a52e-4f735466cecf': 'f.4F4668DD83D932F69BDEED28D188828F.d.8F793FB66EF7DBAF185CA67BB81CA36A.e.57'}, 'href']}
2025-12-03 07:57:17 [urllib3.connectionpool] DEBUG: http://localhost:61702 "POST /session/d3e2dc8fd181276e7adc38a949a985ea/execute/sync HTTP/1.1" 200 0
2025-12-03 07:57:17 [selenium.webdriver.remote.remote_connection] DEBUG: Remote response: status=200 | data={"value":"https://dorm.chungbuk.ac.kr/home/sub.php?menukey=20039&mod=view&no=454178796&listCnt=20"} | headers=HTTPHeaderDict({'Content-Length': '99', 'Content-Type': 'application/json; charset=utf-8', 'cache-control': 'no-cache'})
2025-12-03 07:57:17 [selenium.webdriver.remote.remote_connection] DEBUG: Finished Request
2025-12-03 07:57:17 [selenium.webdriver.remote.remote_connection] DEBUG: POST http://localhost:61702/session/d3e2dc8fd181276e7adc38a949a985ea/execute/sync {'script': '/* getAttribute */return (function(){return (function(){var d=this||self;function f(a,b){function c(...', 'args': [{'element-6066-11e4-a52e-4f735466cecf': 'f.4F4668DD83D932F69BDEED28D188828F.d.8F793FB66EF7DBAF185CA67BB81CA36A.e.57'}, 'href']}
2025-12-03 07:57:17 [urllib3.connectionpool] DEBUG: http://localhost:61702 "POST /session/d3e2dc8fd181276e7adc38a949a985ea/execute/sync HTTP/1.1" 200 0
2025-12-03 07:57:17 [selenium.webdriver.remote.remote_connection] DEBUG: Remote response: status=200 | data={"value":"https://dorm.chungbuk.ac.kr/home/sub.php?menukey=20039&mod=view&no=454178796&listCnt=20"} | headers=HTTPHeaderDict({'Content-Length': '99', 'Content-Type': 'application/json; charset=utf-8', 'cache-control': 'no-cache'})
2025-12-03 07:57:17 [selenium.webdriver.remote.remote_connection] DEBUG: Finished Request
2025-12-03 07:57:17 [selenium.webdriver.remote.remote_connection] DEBUG: POST http://localhost:61702/session/d3e2dc8fd181276e7adc38a949a985ea/execute/sync {'script': '/* getAttribute */return (function(){return (function(){var d=this||self;function f(a,b){function c(...', 'args': [{'element-6066-11e4-a52e-4f735466cecf': 'f.4F4668DD83D932F69BDEED28D188828F.d.8F793FB66EF7DBAF185CA67BB81CA36A.e.58'}, 'href']}
2025-12-03 07:57:17 [urllib3.connectionpool] DEBUG: http://localhost:61702 "POST /session/d3e2dc8fd181276e7adc38a949a985ea/execute/sync HTTP/1.1" 200 0
2025-12-03 07:57:17 [selenium.webdriver.remote.remote_connection] DEBUG: Remote response: status=200 | data={"value":"https://dorm.chungbuk.ac.kr/home/sub.php?menukey=20039&mod=view&no=454178794&listCnt=20"} | headers=HTTPHeaderDict({'Content-Length': '99', 'Content-Type': 'application/json; charset=utf-8', 'cache-control': 'no-cache'})
2025-12-03 07:57:17 [selenium.webdriver.remote.remote_connection] DEBUG: Finished Request
2025-12-03 07:57:17 [selenium.webdriver.remote.remote_connection] DEBUG: POST http://localhost:61702/session/d3e2dc8fd181276e7adc38a949a985ea/execute/sync {'script': '/* getAttribute */return (function(){return (function(){var d=this||self;function f(a,b){function c(...', 'args': [{'element-6066-11e4-a52e-4f735466cecf': 'f.4F4668DD83D932F69BDEED28D188828F.d.8F793FB66EF7DBAF185CA67BB81CA36A.e.58'}, 'href']}
2025-12-03 07:57:17 [urllib3.connectionpool] DEBUG: http://localhost:61702 "POST /session/d3e2dc8fd181276e7adc38a949a985ea/execute/sync HTTP/1.1" 200 0
2025-12-03 07:57:17 [selenium.webdriver.remote.remote_connection] DEBUG: Remote response: status=200 | data={"value":"https://dorm.chungbuk.ac.kr/home/sub.php?menukey=20039&mod=view&no=454178794&listCnt=20"} | headers=HTTPHeaderDict({'Content-Length': '99', 'Content-Type': 'application/json; charset=utf-8', 'cache-control': 'no-cache'})
2025-12-03 07:57:17 [selenium.webdriver.remote.remote_connection] DEBUG: Finished Request
2025-12-03 07:57:17 [selenium.webdriver.remote.remote_connection] DEBUG: POST http://localhost:61702/session/d3e2dc8fd181276e7adc38a949a985ea/execute/sync {'script': '/* getAttribute */return (function(){return (function(){var d=this||self;function f(a,b){function c(...', 'args': [{'element-6066-11e4-a52e-4f735466cecf': 'f.4F4668DD83D932F69BDEED28D188828F.d.8F793FB66EF7DBAF185CA67BB81CA36A.e.59'}, 'href']}
2025-12-03 07:57:17 [urllib3.connectionpool] DEBUG: http://localhost:61702 "POST /session/d3e2dc8fd181276e7adc38a949a985ea/execute/sync HTTP/1.1" 200 0
2025-12-03 07:57:17 [selenium.webdriver.remote.remote_connection] DEBUG: Remote response: status=200 | data={"value":"https://dorm.chungbuk.ac.kr/home/sub.php?menukey=20039&mod=view&no=454178794&listCnt=20"} | headers=HTTPHeaderDict({'Content-Length': '99', 'Content-Type': 'application/json; charset=utf-8', 'cache-control': 'no-cache'})
2025-12-03 07:57:17 [selenium.webdriver.remote.remote_connection] DEBUG: Finished Request
2025-12-03 07:57:17 [selenium.webdriver.remote.remote_connection] DEBUG: POST http://localhost:61702/session/d3e2dc8fd181276e7adc38a949a985ea/execute/sync {'script': '/* getAttribute */return (function(){return (function(){var d=this||self;function f(a,b){function c(...', 'args': [{'element-6066-11e4-a52e-4f735466cecf': 'f.4F4668DD83D932F69BDEED28D188828F.d.8F793FB66EF7DBAF185CA67BB81CA36A.e.59'}, 'href']}
2025-12-03 07:57:17 [urllib3.connectionpool] DEBUG: http://localhost:61702 "POST /session/d3e2dc8fd181276e7adc38a949a985ea/execute/sync HTTP/1.1" 200 0
2025-12-03 07:57:17 [selenium.webdriver.remote.remote_connection] DEBUG: Remote response: status=200 | data={"value":"https://dorm.chungbuk.ac.kr/home/sub.php?menukey=20039&mod=view&no=454178794&listCnt=20"} | headers=HTTPHeaderDict({'Content-Length': '99', 'Content-Type': 'application/json; charset=utf-8', 'cache-control': 'no-cache'})
2025-12-03 07:57:17 [selenium.webdriver.remote.remote_connection] DEBUG: Finished Request
2025-12-03 07:57:17 [selenium.webdriver.remote.remote_connection] DEBUG: POST http://localhost:61702/session/d3e2dc8fd181276e7adc38a949a985ea/execute/sync {'script': '/* getAttribute */return (function(){return (function(){var d=this||self;function f(a,b){function c(...', 'args': [{'element-6066-11e4-a52e-4f735466cecf': 'f.4F4668DD83D932F69BDEED28D188828F.d.8F793FB66EF7DBAF185CA67BB81CA36A.e.60'}, 'href']}
2025-12-03 07:57:17 [urllib3.connectionpool] DEBUG: http://localhost:61702 "POST /session/d3e2dc8fd181276e7adc38a949a985ea/execute/sync HTTP/1.1" 200 0
2025-12-03 07:57:17 [selenium.webdriver.remote.remote_connection] DEBUG: Remote response: status=200 | data={"value":"https://dorm.chungbuk.ac.kr/home/sub.php?menukey=20039&mod=view&no=454178792&listCnt=20"} | headers=HTTPHeaderDict({'Content-Length': '99', 'Content-Type': 'application/json; charset=utf-8', 'cache-control': 'no-cache'})
2025-12-03 07:57:17 [selenium.webdriver.remote.remote_connection] DEBUG: Finished Request
2025-12-03 07:57:17 [selenium.webdriver.remote.remote_connection] DEBUG: POST http://localhost:61702/session/d3e2dc8fd181276e7adc38a949a985ea/execute/sync {'script': '/* getAttribute */return (function(){return (function(){var d=this||self;function f(a,b){function c(...', 'args': [{'element-6066-11e4-a52e-4f735466cecf': 'f.4F4668DD83D932F69BDEED28D188828F.d.8F793FB66EF7DBAF185CA67BB81CA36A.e.60'}, 'href']}
2025-12-03 07:57:17 [urllib3.connectionpool] DEBUG: http://localhost:61702 "POST /session/d3e2dc8fd181276e7adc38a949a985ea/execute/sync HTTP/1.1" 200 0
2025-12-03 07:57:17 [selenium.webdriver.remote.remote_connection] DEBUG: Remote response: status=200 | data={"value":"https://dorm.chungbuk.ac.kr/home/sub.php?menukey=20039&mod=view&no=454178792&listCnt=20"} | headers=HTTPHeaderDict({'Content-Length': '99', 'Content-Type': 'application/json; charset=utf-8', 'cache-control': 'no-cache'})
2025-12-03 07:57:17 [selenium.webdriver.remote.remote_connection] DEBUG: Finished Request
2025-12-03 07:57:17 [selenium.webdriver.remote.remote_connection] DEBUG: POST http://localhost:61702/session/d3e2dc8fd181276e7adc38a949a985ea/execute/sync {'script': '/* getAttribute */return (function(){return (function(){var d=this||self;function f(a,b){function c(...', 'args': [{'element-6066-11e4-a52e-4f735466cecf': 'f.4F4668DD83D932F69BDEED28D188828F.d.8F793FB66EF7DBAF185CA67BB81CA36A.e.61'}, 'href']}
2025-12-03 07:57:17 [urllib3.connectionpool] DEBUG: http://localhost:61702 "POST /session/d3e2dc8fd181276e7adc38a949a985ea/execute/sync HTTP/1.1" 200 0
2025-12-03 07:57:17 [selenium.webdriver.remote.remote_connection] DEBUG: Remote response: status=200 | data={"value":"https://dorm.chungbuk.ac.kr/home/sub.php?menukey=20039&mod=view&no=454178789&listCnt=20"} | headers=HTTPHeaderDict({'Content-Length': '99', 'Content-Type': 'application/json; charset=utf-8', 'cache-control': 'no-cache'})
2025-12-03 07:57:17 [selenium.webdriver.remote.remote_connection] DEBUG: Finished Request
2025-12-03 07:57:17 [selenium.webdriver.remote.remote_connection] DEBUG: POST http://localhost:61702/session/d3e2dc8fd181276e7adc38a949a985ea/execute/sync {'script': '/* getAttribute */return (function(){return (function(){var d=this||self;function f(a,b){function c(...', 'args': [{'element-6066-11e4-a52e-4f735466cecf': 'f.4F4668DD83D932F69BDEED28D188828F.d.8F793FB66EF7DBAF185CA67BB81CA36A.e.61'}, 'href']}
2025-12-03 07:57:17 [urllib3.connectionpool] DEBUG: http://localhost:61702 "POST /session/d3e2dc8fd181276e7adc38a949a985ea/execute/sync HTTP/1.1" 200 0
2025-12-03 07:57:17 [selenium.webdriver.remote.remote_connection] DEBUG: Remote response: status=200 | data={"value":"https://dorm.chungbuk.ac.kr/home/sub.php?menukey=20039&mod=view&no=454178789&listCnt=20"} | headers=HTTPHeaderDict({'Content-Length': '99', 'Content-Type': 'application/json; charset=utf-8', 'cache-control': 'no-cache'})
2025-12-03 07:57:17 [selenium.webdriver.remote.remote_connection] DEBUG: Finished Request
2025-12-03 07:57:17 [selenium.webdriver.remote.remote_connection] DEBUG: POST http://localhost:61702/session/d3e2dc8fd181276e7adc38a949a985ea/execute/sync {'script': '/* getAttribute */return (function(){return (function(){var d=this||self;function f(a,b){function c(...', 'args': [{'element-6066-11e4-a52e-4f735466cecf': 'f.4F4668DD83D932F69BDEED28D188828F.d.8F793FB66EF7DBAF185CA67BB81CA36A.e.62'}, 'href']}
2025-12-03 07:57:17 [urllib3.connectionpool] DEBUG: http://localhost:61702 "POST /session/d3e2dc8fd181276e7adc38a949a985ea/execute/sync HTTP/1.1" 200 0
2025-12-03 07:57:17 [selenium.webdriver.remote.remote_connection] DEBUG: Remote response: status=200 | data={"value":"https://dorm.chungbuk.ac.kr/home/sub.php?menukey=20039&mod=view&no=454178789&listCnt=20"} | headers=HTTPHeaderDict({'Content-Length': '99', 'Content-Type': 'application/json; charset=utf-8', 'cache-control': 'no-cache'})
2025-12-03 07:57:17 [selenium.webdriver.remote.remote_connection] DEBUG: Finished Request
2025-12-03 07:57:17 [selenium.webdriver.remote.remote_connection] DEBUG: POST http://localhost:61702/session/d3e2dc8fd181276e7adc38a949a985ea/execute/sync {'script': '/* getAttribute */return (function(){return (function(){var d=this||self;function f(a,b){function c(...', 'args': [{'element-6066-11e4-a52e-4f735466cecf': 'f.4F4668DD83D932F69BDEED28D188828F.d.8F793FB66EF7DBAF185CA67BB81CA36A.e.62'}, 'href']}
2025-12-03 07:57:17 [urllib3.connectionpool] DEBUG: http://localhost:61702 "POST /session/d3e2dc8fd181276e7adc38a949a985ea/execute/sync HTTP/1.1" 200 0
2025-12-03 07:57:17 [selenium.webdriver.remote.remote_connection] DEBUG: Remote response: status=200 | data={"value":"https://dorm.chungbuk.ac.kr/home/sub.php?menukey=20039&mod=view&no=454178789&listCnt=20"} | headers=HTTPHeaderDict({'Content-Length': '99', 'Content-Type': 'application/json; charset=utf-8', 'cache-control': 'no-cache'})
2025-12-03 07:57:17 [selenium.webdriver.remote.remote_connection] DEBUG: Finished Request
2025-12-03 07:57:17 [selenium.webdriver.remote.remote_connection] DEBUG: POST http://localhost:61702/session/d3e2dc8fd181276e7adc38a949a985ea/execute/sync {'script': '/* getAttribute */return (function(){return (function(){var d=this||self;function f(a,b){function c(...', 'args': [{'element-6066-11e4-a52e-4f735466cecf': 'f.4F4668DD83D932F69BDEED28D188828F.d.8F793FB66EF7DBAF185CA67BB81CA36A.e.63'}, 'href']}
2025-12-03 07:57:17 [urllib3.connectionpool] DEBUG: http://localhost:61702 "POST /session/d3e2dc8fd181276e7adc38a949a985ea/execute/sync HTTP/1.1" 200 0
2025-12-03 07:57:17 [selenium.webdriver.remote.remote_connection] DEBUG: Remote response: status=200 | data={"value":"https://dorm.chungbuk.ac.kr/home/sub.php?menukey=20039&mod=view&no=454178788&listCnt=20"} | headers=HTTPHeaderDict({'Content-Length': '99', 'Content-Type': 'application/json; charset=utf-8', 'cache-control': 'no-cache'})
2025-12-03 07:57:17 [selenium.webdriver.remote.remote_connection] DEBUG: Finished Request
2025-12-03 07:57:17 [selenium.webdriver.remote.remote_connection] DEBUG: POST http://localhost:61702/session/d3e2dc8fd181276e7adc38a949a985ea/execute/sync {'script': '/* getAttribute */return (function(){return (function(){var d=this||self;function f(a,b){function c(...', 'args': [{'element-6066-11e4-a52e-4f735466cecf': 'f.4F4668DD83D932F69BDEED28D188828F.d.8F793FB66EF7DBAF185CA67BB81CA36A.e.63'}, 'href']}
2025-12-03 07:57:17 [urllib3.connectionpool] DEBUG: http://localhost:61702 "POST /session/d3e2dc8fd181276e7adc38a949a985ea/execute/sync HTTP/1.1" 200 0
2025-12-03 07:57:17 [selenium.webdriver.remote.remote_connection] DEBUG: Remote response: status=200 | data={"value":"https://dorm.chungbuk.ac.kr/home/sub.php?menukey=20039&mod=view&no=454178788&listCnt=20"} | headers=HTTPHeaderDict({'Content-Length': '99', 'Content-Type': 'application/json; charset=utf-8', 'cache-control': 'no-cache'})
2025-12-03 07:57:17 [selenium.webdriver.remote.remote_connection] DEBUG: Finished Request
2025-12-03 07:57:17 [selenium.webdriver.remote.remote_connection] DEBUG: POST http://localhost:61702/session/d3e2dc8fd181276e7adc38a949a985ea/execute/sync {'script': '/* getAttribute */return (function(){return (function(){var d=this||self;function f(a,b){function c(...', 'args': [{'element-6066-11e4-a52e-4f735466cecf': 'f.4F4668DD83D932F69BDEED28D188828F.d.8F793FB66EF7DBAF185CA67BB81CA36A.e.64'}, 'href']}
2025-12-03 07:57:17 [urllib3.connectionpool] DEBUG: http://localhost:61702 "POST /session/d3e2dc8fd181276e7adc38a949a985ea/execute/sync HTTP/1.1" 200 0
2025-12-03 07:57:17 [selenium.webdriver.remote.remote_connection] DEBUG: Remote response: status=200 | data={"value":"https://dorm.chungbuk.ac.kr/home/sub.php?menukey=20039&mod=view&no=454178786&listCnt=20"} | headers=HTTPHeaderDict({'Content-Length': '99', 'Content-Type': 'application/json; charset=utf-8', 'cache-control': 'no-cache'})
2025-12-03 07:57:17 [selenium.webdriver.remote.remote_connection] DEBUG: Finished Request
2025-12-03 07:57:17 [selenium.webdriver.remote.remote_connection] DEBUG: POST http://localhost:61702/session/d3e2dc8fd181276e7adc38a949a985ea/execute/sync {'script': '/* getAttribute */return (function(){return (function(){var d=this||self;function f(a,b){function c(...', 'args': [{'element-6066-11e4-a52e-4f735466cecf': 'f.4F4668DD83D932F69BDEED28D188828F.d.8F793FB66EF7DBAF185CA67BB81CA36A.e.64'}, 'href']}
2025-12-03 07:57:17 [urllib3.connectionpool] DEBUG: http://localhost:61702 "POST /session/d3e2dc8fd181276e7adc38a949a985ea/execute/sync HTTP/1.1" 200 0
2025-12-03 07:57:17 [selenium.webdriver.remote.remote_connection] DEBUG: Remote response: status=200 | data={"value":"https://dorm.chungbuk.ac.kr/home/sub.php?menukey=20039&mod=view&no=454178786&listCnt=20"} | headers=HTTPHeaderDict({'Content-Length': '99', 'Content-Type': 'application/json; charset=utf-8', 'cache-control': 'no-cache'})
2025-12-03 07:57:17 [selenium.webdriver.remote.remote_connection] DEBUG: Finished Request
2025-12-03 07:57:17 [selenium.webdriver.remote.remote_connection] DEBUG: POST http://localhost:61702/session/d3e2dc8fd181276e7adc38a949a985ea/execute/sync {'script': '/* getAttribute */return (function(){return (function(){var d=this||self;function f(a,b){function c(...', 'args': [{'element-6066-11e4-a52e-4f735466cecf': 'f.4F4668DD83D932F69BDEED28D188828F.d.8F793FB66EF7DBAF185CA67BB81CA36A.e.65'}, 'href']}
2025-12-03 07:57:17 [urllib3.connectionpool] DEBUG: http://localhost:61702 "POST /session/d3e2dc8fd181276e7adc38a949a985ea/execute/sync HTTP/1.1" 200 0
2025-12-03 07:57:17 [selenium.webdriver.remote.remote_connection] DEBUG: Remote response: status=200 | data={"value":"https://dorm.chungbuk.ac.kr/home/sub.php?menukey=20039&mod=view&no=454178785&listCnt=20"} | headers=HTTPHeaderDict({'Content-Length': '99', 'Content-Type': 'application/json; charset=utf-8', 'cache-control': 'no-cache'})
2025-12-03 07:57:17 [selenium.webdriver.remote.remote_connection] DEBUG: Finished Request
2025-12-03 07:57:17 [selenium.webdriver.remote.remote_connection] DEBUG: POST http://localhost:61702/session/d3e2dc8fd181276e7adc38a949a985ea/execute/sync {'script': '/* getAttribute */return (function(){return (function(){var d=this||self;function f(a,b){function c(...', 'args': [{'element-6066-11e4-a52e-4f735466cecf': 'f.4F4668DD83D932F69BDEED28D188828F.d.8F793FB66EF7DBAF185CA67BB81CA36A.e.65'}, 'href']}
2025-12-03 07:57:17 [urllib3.connectionpool] DEBUG: http://localhost:61702 "POST /session/d3e2dc8fd181276e7adc38a949a985ea/execute/sync HTTP/1.1" 200 0
2025-12-03 07:57:17 [selenium.webdriver.remote.remote_connection] DEBUG: Remote response: status=200 | data={"value":"https://dorm.chungbuk.ac.kr/home/sub.php?menukey=20039&mod=view&no=454178785&listCnt=20"} | headers=HTTPHeaderDict({'Content-Length': '99', 'Content-Type': 'application/json; charset=utf-8', 'cache-control': 'no-cache'})
2025-12-03 07:57:17 [selenium.webdriver.remote.remote_connection] DEBUG: Finished Request
2025-12-03 07:57:17 [selenium.webdriver.remote.remote_connection] DEBUG: POST http://localhost:61702/session/d3e2dc8fd181276e7adc38a949a985ea/execute/sync {'script': '/* getAttribute */return (function(){return (function(){var d=this||self;function f(a,b){function c(...', 'args': [{'element-6066-11e4-a52e-4f735466cecf': 'f.4F4668DD83D932F69BDEED28D188828F.d.8F793FB66EF7DBAF185CA67BB81CA36A.e.66'}, 'href']}
2025-12-03 07:57:17 [urllib3.connectionpool] DEBUG: http://localhost:61702 "POST /session/d3e2dc8fd181276e7adc38a949a985ea/execute/sync HTTP/1.1" 200 0
2025-12-03 07:57:17 [selenium.webdriver.remote.remote_connection] DEBUG: Remote response: status=200 | data={"value":"https://dorm.chungbuk.ac.kr/home/sub.php?menukey=20039&mod=view&no=454178783&listCnt=20"} | headers=HTTPHeaderDict({'Content-Length': '99', 'Content-Type': 'application/json; charset=utf-8', 'cache-control': 'no-cache'})
2025-12-03 07:57:17 [selenium.webdriver.remote.remote_connection] DEBUG: Finished Request
2025-12-03 07:57:17 [selenium.webdriver.remote.remote_connection] DEBUG: POST http://localhost:61702/session/d3e2dc8fd181276e7adc38a949a985ea/execute/sync {'script': '/* getAttribute */return (function(){return (function(){var d=this||self;function f(a,b){function c(...', 'args': [{'element-6066-11e4-a52e-4f735466cecf': 'f.4F4668DD83D932F69BDEED28D188828F.d.8F793FB66EF7DBAF185CA67BB81CA36A.e.66'}, 'href']}
2025-12-03 07:57:17 [urllib3.connectionpool] DEBUG: http://localhost:61702 "POST /session/d3e2dc8fd181276e7adc38a949a985ea/execute/sync HTTP/1.1" 200 0
2025-12-03 07:57:17 [selenium.webdriver.remote.remote_connection] DEBUG: Remote response: status=200 | data={"value":"https://dorm.chungbuk.ac.kr/home/sub.php?menukey=20039&mod=view&no=454178783&listCnt=20"} | headers=HTTPHeaderDict({'Content-Length': '99', 'Content-Type': 'application/json; charset=utf-8', 'cache-control': 'no-cache'})
2025-12-03 07:57:17 [selenium.webdriver.remote.remote_connection] DEBUG: Finished Request
2025-12-03 07:57:17 [selenium.webdriver.remote.remote_connection] DEBUG: POST http://localhost:61702/session/d3e2dc8fd181276e7adc38a949a985ea/execute/sync {'script': '/* getAttribute */return (function(){return (function(){var d=this||self;function f(a,b){function c(...', 'args': [{'element-6066-11e4-a52e-4f735466cecf': 'f.4F4668DD83D932F69BDEED28D188828F.d.8F793FB66EF7DBAF185CA67BB81CA36A.e.67'}, 'href']}
2025-12-03 07:57:17 [urllib3.connectionpool] DEBUG: http://localhost:61702 "POST /session/d3e2dc8fd181276e7adc38a949a985ea/execute/sync HTTP/1.1" 200 0
2025-12-03 07:57:17 [selenium.webdriver.remote.remote_connection] DEBUG: Remote response: status=200 | data={"value":"https://dorm.chungbuk.ac.kr/home/sub.php?menukey=20039&mod=view&no=454178783&listCnt=20"} | headers=HTTPHeaderDict({'Content-Length': '99', 'Content-Type': 'application/json; charset=utf-8', 'cache-control': 'no-cache'})
2025-12-03 07:57:17 [selenium.webdriver.remote.remote_connection] DEBUG: Finished Request
2025-12-03 07:57:17 [selenium.webdriver.remote.remote_connection] DEBUG: POST http://localhost:61702/session/d3e2dc8fd181276e7adc38a949a985ea/execute/sync {'script': '/* getAttribute */return (function(){return (function(){var d=this||self;function f(a,b){function c(...', 'args': [{'element-6066-11e4-a52e-4f735466cecf': 'f.4F4668DD83D932F69BDEED28D188828F.d.8F793FB66EF7DBAF185CA67BB81CA36A.e.67'}, 'href']}
2025-12-03 07:57:17 [urllib3.connectionpool] DEBUG: http://localhost:61702 "POST /session/d3e2dc8fd181276e7adc38a949a985ea/execute/sync HTTP/1.1" 200 0
2025-12-03 07:57:17 [selenium.webdriver.remote.remote_connection] DEBUG: Remote response: status=200 | data={"value":"https://dorm.chungbuk.ac.kr/home/sub.php?menukey=20039&mod=view&no=454178783&listCnt=20"} | headers=HTTPHeaderDict({'Content-Length': '99', 'Content-Type': 'application/json; charset=utf-8', 'cache-control': 'no-cache'})
2025-12-03 07:57:17 [selenium.webdriver.remote.remote_connection] DEBUG: Finished Request
2025-12-03 07:57:17 [selenium.webdriver.remote.remote_connection] DEBUG: POST http://localhost:61702/session/d3e2dc8fd181276e7adc38a949a985ea/execute/sync {'script': '/* getAttribute */return (function(){return (function(){var d=this||self;function f(a,b){function c(...', 'args': [{'element-6066-11e4-a52e-4f735466cecf': 'f.4F4668DD83D932F69BDEED28D188828F.d.8F793FB66EF7DBAF185CA67BB81CA36A.e.68'}, 'href']}
2025-12-03 07:57:17 [urllib3.connectionpool] DEBUG: http://localhost:61702 "POST /session/d3e2dc8fd181276e7adc38a949a985ea/execute/sync HTTP/1.1" 200 0
2025-12-03 07:57:17 [selenium.webdriver.remote.remote_connection] DEBUG: Remote response: status=200 | data={"value":"https://dorm.chungbuk.ac.kr/home/sub.php?menukey=20039&mod=view&no=454178783&listCnt=20"} | headers=HTTPHeaderDict({'Content-Length': '99', 'Content-Type': 'application/json; charset=utf-8', 'cache-control': 'no-cache'})
2025-12-03 07:57:17 [selenium.webdriver.remote.remote_connection] DEBUG: Finished Request
2025-12-03 07:57:17 [selenium.webdriver.remote.remote_connection] DEBUG: POST http://localhost:61702/session/d3e2dc8fd181276e7adc38a949a985ea/execute/sync {'script': '/* getAttribute */return (function(){return (function(){var d=this||self;function f(a,b){function c(...', 'args': [{'element-6066-11e4-a52e-4f735466cecf': 'f.4F4668DD83D932F69BDEED28D188828F.d.8F793FB66EF7DBAF185CA67BB81CA36A.e.68'}, 'href']}
2025-12-03 07:57:17 [urllib3.connectionpool] DEBUG: http://localhost:61702 "POST /session/d3e2dc8fd181276e7adc38a949a985ea/execute/sync HTTP/1.1" 200 0
2025-12-03 07:57:17 [selenium.webdriver.remote.remote_connection] DEBUG: Remote response: status=200 | data={"value":"https://dorm.chungbuk.ac.kr/home/sub.php?menukey=20039&mod=view&no=454178783&listCnt=20"} | headers=HTTPHeaderDict({'Content-Length': '99', 'Content-Type': 'application/json; charset=utf-8', 'cache-control': 'no-cache'})
2025-12-03 07:57:17 [selenium.webdriver.remote.remote_connection] DEBUG: Finished Request
2025-12-03 07:57:17 [selenium.webdriver.remote.remote_connection] DEBUG: POST http://localhost:61702/session/d3e2dc8fd181276e7adc38a949a985ea/execute/sync {'script': '/* getAttribute */return (function(){return (function(){var d=this||self;function f(a,b){function c(...', 'args': [{'element-6066-11e4-a52e-4f735466cecf': 'f.4F4668DD83D932F69BDEED28D188828F.d.8F793FB66EF7DBAF185CA67BB81CA36A.e.69'}, 'href']}
2025-12-03 07:57:17 [urllib3.connectionpool] DEBUG: http://localhost:61702 "POST /session/d3e2dc8fd181276e7adc38a949a985ea/execute/sync HTTP/1.1" 200 0
2025-12-03 07:57:17 [selenium.webdriver.remote.remote_connection] DEBUG: Remote response: status=200 | data={"value":"https://dorm.chungbuk.ac.kr/home/sub.php?menukey=20039&mod=view&no=454178782&listCnt=20"} | headers=HTTPHeaderDict({'Content-Length': '99', 'Content-Type': 'application/json; charset=utf-8', 'cache-control': 'no-cache'})
2025-12-03 07:57:17 [selenium.webdriver.remote.remote_connection] DEBUG: Finished Request
2025-12-03 07:57:17 [selenium.webdriver.remote.remote_connection] DEBUG: POST http://localhost:61702/session/d3e2dc8fd181276e7adc38a949a985ea/execute/sync {'script': '/* getAttribute */return (function(){return (function(){var d=this||self;function f(a,b){function c(...', 'args': [{'element-6066-11e4-a52e-4f735466cecf': 'f.4F4668DD83D932F69BDEED28D188828F.d.8F793FB66EF7DBAF185CA67BB81CA36A.e.69'}, 'href']}
2025-12-03 07:57:17 [urllib3.connectionpool] DEBUG: http://localhost:61702 "POST /session/d3e2dc8fd181276e7adc38a949a985ea/execute/sync HTTP/1.1" 200 0
2025-12-03 07:57:17 [selenium.webdriver.remote.remote_connection] DEBUG: Remote response: status=200 | data={"value":"https://dorm.chungbuk.ac.kr/home/sub.php?menukey=20039&mod=view&no=454178782&listCnt=20"} | headers=HTTPHeaderDict({'Content-Length': '99', 'Content-Type': 'application/json; charset=utf-8', 'cache-control': 'no-cache'})
2025-12-03 07:57:17 [selenium.webdriver.remote.remote_connection] DEBUG: Finished Request
2025-12-03 07:57:17 [selenium.webdriver.remote.remote_connection] DEBUG: POST http://localhost:61702/session/d3e2dc8fd181276e7adc38a949a985ea/execute/sync {'script': '/* getAttribute */return (function(){return (function(){var d=this||self;function f(a,b){function c(...', 'args': [{'element-6066-11e4-a52e-4f735466cecf': 'f.4F4668DD83D932F69BDEED28D188828F.d.8F793FB66EF7DBAF185CA67BB81CA36A.e.70'}, 'href']}
2025-12-03 07:57:17 [urllib3.connectionpool] DEBUG: http://localhost:61702 "POST /session/d3e2dc8fd181276e7adc38a949a985ea/execute/sync HTTP/1.1" 200 0
2025-12-03 07:57:17 [selenium.webdriver.remote.remote_connection] DEBUG: Remote response: status=200 | data={"value":"https://dorm.chungbuk.ac.kr/home/sub.php?menukey=20039&mod=view&no=454178781&listCnt=20"} | headers=HTTPHeaderDict({'Content-Length': '99', 'Content-Type': 'application/json; charset=utf-8', 'cache-control': 'no-cache'})
2025-12-03 07:57:17 [selenium.webdriver.remote.remote_connection] DEBUG: Finished Request
2025-12-03 07:57:17 [selenium.webdriver.remote.remote_connection] DEBUG: POST http://localhost:61702/session/d3e2dc8fd181276e7adc38a949a985ea/execute/sync {'script': '/* getAttribute */return (function(){return (function(){var d=this||self;function f(a,b){function c(...', 'args': [{'element-6066-11e4-a52e-4f735466cecf': 'f.4F4668DD83D932F69BDEED28D188828F.d.8F793FB66EF7DBAF185CA67BB81CA36A.e.70'}, 'href']}
2025-12-03 07:57:17 [urllib3.connectionpool] DEBUG: http://localhost:61702 "POST /session/d3e2dc8fd181276e7adc38a949a985ea/execute/sync HTTP/1.1" 200 0
2025-12-03 07:57:17 [selenium.webdriver.remote.remote_connection] DEBUG: Remote response: status=200 | data={"value":"https://dorm.chungbuk.ac.kr/home/sub.php?menukey=20039&mod=view&no=454178781&listCnt=20"} | headers=HTTPHeaderDict({'Content-Length': '99', 'Content-Type': 'application/json; charset=utf-8', 'cache-control': 'no-cache'})
2025-12-03 07:57:17 [selenium.webdriver.remote.remote_connection] DEBUG: Finished Request
2025-12-03 07:57:17 [selenium.webdriver.remote.remote_connection] DEBUG: POST http://localhost:61702/session/d3e2dc8fd181276e7adc38a949a985ea/execute/sync {'script': '/* getAttribute */return (function(){return (function(){var d=this||self;function f(a,b){function c(...', 'args': [{'element-6066-11e4-a52e-4f735466cecf': 'f.4F4668DD83D932F69BDEED28D188828F.d.8F793FB66EF7DBAF185CA67BB81CA36A.e.71'}, 'href']}
2025-12-03 07:57:17 [urllib3.connectionpool] DEBUG: http://localhost:61702 "POST /session/d3e2dc8fd181276e7adc38a949a985ea/execute/sync HTTP/1.1" 200 0
2025-12-03 07:57:17 [selenium.webdriver.remote.remote_connection] DEBUG: Remote response: status=200 | data={"value":"https://dorm.chungbuk.ac.kr/home/sub.php?menukey=20039&mod=view&no=454178776&listCnt=20"} | headers=HTTPHeaderDict({'Content-Length': '99', 'Content-Type': 'application/json; charset=utf-8', 'cache-control': 'no-cache'})
2025-12-03 07:57:17 [selenium.webdriver.remote.remote_connection] DEBUG: Finished Request
2025-12-03 07:57:17 [selenium.webdriver.remote.remote_connection] DEBUG: POST http://localhost:61702/session/d3e2dc8fd181276e7adc38a949a985ea/execute/sync {'script': '/* getAttribute */return (function(){return (function(){var d=this||self;function f(a,b){function c(...', 'args': [{'element-6066-11e4-a52e-4f735466cecf': 'f.4F4668DD83D932F69BDEED28D188828F.d.8F793FB66EF7DBAF185CA67BB81CA36A.e.71'}, 'href']}
2025-12-03 07:57:17 [urllib3.connectionpool] DEBUG: http://localhost:61702 "POST /session/d3e2dc8fd181276e7adc38a949a985ea/execute/sync HTTP/1.1" 200 0
2025-12-03 07:57:17 [selenium.webdriver.remote.remote_connection] DEBUG: Remote response: status=200 | data={"value":"https://dorm.chungbuk.ac.kr/home/sub.php?menukey=20039&mod=view&no=454178776&listCnt=20"} | headers=HTTPHeaderDict({'Content-Length': '99', 'Content-Type': 'application/json; charset=utf-8', 'cache-control': 'no-cache'})
2025-12-03 07:57:17 [selenium.webdriver.remote.remote_connection] DEBUG: Finished Request
2025-12-03 07:57:17 [selenium.webdriver.remote.remote_connection] DEBUG: POST http://localhost:61702/session/d3e2dc8fd181276e7adc38a949a985ea/execute/sync {'script': '/* getAttribute */return (function(){return (function(){var d=this||self;function f(a,b){function c(...', 'args': [{'element-6066-11e4-a52e-4f735466cecf': 'f.4F4668DD83D932F69BDEED28D188828F.d.8F793FB66EF7DBAF185CA67BB81CA36A.e.72'}, 'href']}
2025-12-03 07:57:17 [urllib3.connectionpool] DEBUG: http://localhost:61702 "POST /session/d3e2dc8fd181276e7adc38a949a985ea/execute/sync HTTP/1.1" 200 0
2025-12-03 07:57:17 [selenium.webdriver.remote.remote_connection] DEBUG: Remote response: status=200 | data={"value":"https://dorm.chungbuk.ac.kr/home/sub.php?menukey=20039&mod=view&no=454178776&listCnt=20"} | headers=HTTPHeaderDict({'Content-Length': '99', 'Content-Type': 'application/json; charset=utf-8', 'cache-control': 'no-cache'})
2025-12-03 07:57:17 [selenium.webdriver.remote.remote_connection] DEBUG: Finished Request
2025-12-03 07:57:17 [selenium.webdriver.remote.remote_connection] DEBUG: POST http://localhost:61702/session/d3e2dc8fd181276e7adc38a949a985ea/execute/sync {'script': '/* getAttribute */return (function(){return (function(){var d=this||self;function f(a,b){function c(...', 'args': [{'element-6066-11e4-a52e-4f735466cecf': 'f.4F4668DD83D932F69BDEED28D188828F.d.8F793FB66EF7DBAF185CA67BB81CA36A.e.72'}, 'href']}
2025-12-03 07:57:17 [urllib3.connectionpool] DEBUG: http://localhost:61702 "POST /session/d3e2dc8fd181276e7adc38a949a985ea/execute/sync HTTP/1.1" 200 0
2025-12-03 07:57:17 [selenium.webdriver.remote.remote_connection] DEBUG: Remote response: status=200 | data={"value":"https://dorm.chungbuk.ac.kr/home/sub.php?menukey=20039&mod=view&no=454178776&listCnt=20"} | headers=HTTPHeaderDict({'Content-Length': '99', 'Content-Type': 'application/json; charset=utf-8', 'cache-control': 'no-cache'})
2025-12-03 07:57:17 [selenium.webdriver.remote.remote_connection] DEBUG: Finished Request
2025-12-03 07:57:17 [selenium.webdriver.remote.remote_connection] DEBUG: POST http://localhost:61702/session/d3e2dc8fd181276e7adc38a949a985ea/execute/sync {'script': '/* getAttribute */return (function(){return (function(){var d=this||self;function f(a,b){function c(...', 'args': [{'element-6066-11e4-a52e-4f735466cecf': 'f.4F4668DD83D932F69BDEED28D188828F.d.8F793FB66EF7DBAF185CA67BB81CA36A.e.73'}, 'href']}
2025-12-03 07:57:17 [urllib3.connectionpool] DEBUG: http://localhost:61702 "POST /session/d3e2dc8fd181276e7adc38a949a985ea/execute/sync HTTP/1.1" 200 0
2025-12-03 07:57:17 [selenium.webdriver.remote.remote_connection] DEBUG: Remote response: status=200 | data={"value":"https://dorm.chungbuk.ac.kr/home/sub.php?menukey=20039&mod=view&no=454178776&listCnt=20"} | headers=HTTPHeaderDict({'Content-Length': '99', 'Content-Type': 'application/json; charset=utf-8', 'cache-control': 'no-cache'})
2025-12-03 07:57:17 [selenium.webdriver.remote.remote_connection] DEBUG: Finished Request
2025-12-03 07:57:17 [selenium.webdriver.remote.remote_connection] DEBUG: POST http://localhost:61702/session/d3e2dc8fd181276e7adc38a949a985ea/execute/sync {'script': '/* getAttribute */return (function(){return (function(){var d=this||self;function f(a,b){function c(...', 'args': [{'element-6066-11e4-a52e-4f735466cecf': 'f.4F4668DD83D932F69BDEED28D188828F.d.8F793FB66EF7DBAF185CA67BB81CA36A.e.73'}, 'href']}
2025-12-03 07:57:17 [urllib3.connectionpool] DEBUG: http://localhost:61702 "POST /session/d3e2dc8fd181276e7adc38a949a985ea/execute/sync HTTP/1.1" 200 0
2025-12-03 07:57:17 [selenium.webdriver.remote.remote_connection] DEBUG: Remote response: status=200 | data={"value":"https://dorm.chungbuk.ac.kr/home/sub.php?menukey=20039&mod=view&no=454178776&listCnt=20"} | headers=HTTPHeaderDict({'Content-Length': '99', 'Content-Type': 'application/json; charset=utf-8', 'cache-control': 'no-cache'})
2025-12-03 07:57:17 [selenium.webdriver.remote.remote_connection] DEBUG: Finished Request
2025-12-03 07:57:17 [scrapy.dupefilters] DEBUG: Filtered duplicate request: <GET https://dorm.chungbuk.ac.kr/home/sub.php?menukey=20039&mod=view&no=454178813&listCnt=20> - no more duplicates will be shown (see DUPEFILTER_DEBUG to show all duplicates)
2025-12-03 07:57:17 [scrapy.core.engine] DEBUG: Crawled (200) <GET https://dorm.chungbuk.ac.kr/home/sub.php?menukey=20039&mod=view&no=454178813&listCnt=20> (referer: https://dorm.chungbuk.ac.kr/home/sub.php?menukey=20039)
2025-12-03 07:57:17 [selenium.webdriver.remote.remote_connection] DEBUG: POST http://localhost:61702/session/d3e2dc8fd181276e7adc38a949a985ea/url {'url': 'https://dorm.chungbuk.ac.kr/home/sub.php?menukey=20039&mod=view&no=454178813&listCnt=20'}
2025-12-03 07:57:17 [urllib3.connectionpool] DEBUG: http://localhost:61702 "POST /session/d3e2dc8fd181276e7adc38a949a985ea/url HTTP/1.1" 200 0
2025-12-03 07:57:17 [selenium.webdriver.remote.remote_connection] DEBUG: Remote response: status=200 | data={"value":null} | headers=HTTPHeaderDict({'Content-Length': '14', 'Content-Type': 'application/json; charset=utf-8', 'cache-control': 'no-cache'})
2025-12-03 07:57:17 [selenium.webdriver.remote.remote_connection] DEBUG: Finished Request
2025-12-03 07:57:18 [selenium.webdriver.remote.remote_connection] DEBUG: POST http://localhost:61702/session/d3e2dc8fd181276e7adc38a949a985ea/element {'using': 'css selector', 'value': 'h3.title, .view_title'}
2025-12-03 07:57:18 [urllib3.connectionpool] DEBUG: http://localhost:61702 "POST /session/d3e2dc8fd181276e7adc38a949a985ea/element HTTP/1.1" 404 0
2025-12-03 07:57:18 [selenium.webdriver.remote.remote_connection] DEBUG: Remote response: status=404 | data={"value":{"error":"no such element","message":"no such element: Unable to locate element: {\"method\":\"css selector\",\"selector\":\"h3.title, .view_title\"}\n  (Session info: chrome=142.0.7444.176)","stacktrace":"0   chromedriver                        0x00000001007d2ecc cxxbridge1$str$ptr + 2941512\n1   chromedriver                        0x00000001007cab88 cxxbridge1$str$ptr + 2907908\n2   chromedriver                        0x00000001002e22b0 _RNvCsgXDX2mvAJAg_7___rustc35___rust_no_alloc_shim_is_unstable_v2 + 74020\n3   chromedriver                        0x000000010032988c _RNvCsgXDX2mvAJAg_7___rustc35___rust_no_alloc_shim_is_unstable_v2 + 366336\n4   chromedriver                        0x000000010036ad54 _RNvCsgXDX2mvAJAg_7___rustc35___rust_no_alloc_shim_is_unstable_v2 + 633800\n5   chromedriver                        0x000000010031def0 _RNvCsgXDX2mvAJAg_7___rustc35___rust_no_alloc_shim_is_unstable_v2 + 318820\n6   chromedriver                        0x00000001007960c8 cxxbridge1$str$ptr + 2692164\n7   chromedriver                        0x00000001007998dc cxxbridge1$str$ptr + 2706520\n8   chromedriver                        0x000000010077684c cxxbridge1$str$ptr + 2563016\n9   chromedriver                        0x000000010079a1b4 cxxbridge1$str$ptr + 2708784\n10  chromedriver                        0x00000001007680f4 cxxbridge1$str$ptr + 2503792\n11  chromedriver                        0x00000001007b9498 cxxbridge1$str$ptr + 2836500\n12  chromedriver                        0x00000001007b961c cxxbridge1$str$ptr + 2836888\n13  chromedriver                        0x00000001007ca7d8 cxxbridge1$str$ptr + 2906964\n14  libsystem_pthread.dylib             0x0000000187809f94 _pthread_start + 136\n15  libsystem_pthread.dylib             0x0000000187804d34 thread_start + 8\n"}} | headers=HTTPHeaderDict({'Content-Length': '1805', 'Content-Type': 'application/json; charset=utf-8', 'cache-control': 'no-cache'})
2025-12-03 07:57:18 [selenium.webdriver.remote.remote_connection] DEBUG: Finished Request
2025-12-03 07:57:18 [dorm] ERROR: Error parsing https://dorm.chungbuk.ac.kr/home/sub.php?menukey=20039&mod=view&no=454178813&listCnt=20: Message: no such element: Unable to locate element: {"method":"css selector","selector":"h3.title, .view_title"}
  (Session info: chrome=142.0.7444.176); For documentation on this error, please visit: https://www.selenium.dev/documentation/webdriver/troubleshooting/errors#nosuchelementexception
Stacktrace:
0   chromedriver                        0x00000001007d2ecc cxxbridge1$str$ptr + 2941512
1   chromedriver                        0x00000001007cab88 cxxbridge1$str$ptr + 2907908
2   chromedriver                        0x00000001002e22b0 _RNvCsgXDX2mvAJAg_7___rustc35___rust_no_alloc_shim_is_unstable_v2 + 74020
3   chromedriver                        0x000000010032988c _RNvCsgXDX2mvAJAg_7___rustc35___rust_no_alloc_shim_is_unstable_v2 + 366336
4   chromedriver                        0x000000010036ad54 _RNvCsgXDX2mvAJAg_7___rustc35___rust_no_alloc_shim_is_unstable_v2 + 633800
5   chromedriver                        0x000000010031def0 _RNvCsgXDX2mvAJAg_7___rustc35___rust_no_alloc_shim_is_unstable_v2 + 318820
6   chromedriver                        0x00000001007960c8 cxxbridge1$str$ptr + 2692164
7   chromedriver                        0x00000001007998dc cxxbridge1$str$ptr + 2706520
8   chromedriver                        0x000000010077684c cxxbridge1$str$ptr + 2563016
9   chromedriver                        0x000000010079a1b4 cxxbridge1$str$ptr + 2708784
10  chromedriver                        0x00000001007680f4 cxxbridge1$str$ptr + 2503792
11  chromedriver                        0x00000001007b9498 cxxbridge1$str$ptr + 2836500
12  chromedriver                        0x00000001007b961c cxxbridge1$str$ptr + 2836888
13  chromedriver                        0x00000001007ca7d8 cxxbridge1$str$ptr + 2906964
14  libsystem_pthread.dylib             0x0000000187809f94 _pthread_start + 136
15  libsystem_pthread.dylib             0x0000000187804d34 thread_start + 8

2025-12-03 07:57:19 [scrapy.core.engine] DEBUG: Crawled (200) <GET https://dorm.chungbuk.ac.kr/home/sub.php?menukey=20039&mod=view&no=454178796&listCnt=20> (referer: https://dorm.chungbuk.ac.kr/home/sub.php?menukey=20039)
2025-12-03 07:57:19 [selenium.webdriver.remote.remote_connection] DEBUG: POST http://localhost:61702/session/d3e2dc8fd181276e7adc38a949a985ea/url {'url': 'https://dorm.chungbuk.ac.kr/home/sub.php?menukey=20039&mod=view&no=454178796&listCnt=20'}
2025-12-03 07:57:19 [urllib3.connectionpool] DEBUG: http://localhost:61702 "POST /session/d3e2dc8fd181276e7adc38a949a985ea/url HTTP/1.1" 200 0
2025-12-03 07:57:19 [selenium.webdriver.remote.remote_connection] DEBUG: Remote response: status=200 | data={"value":null} | headers=HTTPHeaderDict({'Content-Length': '14', 'Content-Type': 'application/json; charset=utf-8', 'cache-control': 'no-cache'})
2025-12-03 07:57:19 [selenium.webdriver.remote.remote_connection] DEBUG: Finished Request
2025-12-03 07:57:20 [selenium.webdriver.remote.remote_connection] DEBUG: POST http://localhost:61702/session/d3e2dc8fd181276e7adc38a949a985ea/element {'using': 'css selector', 'value': 'h3.title, .view_title'}
2025-12-03 07:57:20 [urllib3.connectionpool] DEBUG: http://localhost:61702 "POST /session/d3e2dc8fd181276e7adc38a949a985ea/element HTTP/1.1" 404 0
2025-12-03 07:57:20 [selenium.webdriver.remote.remote_connection] DEBUG: Remote response: status=404 | data={"value":{"error":"no such element","message":"no such element: Unable to locate element: {\"method\":\"css selector\",\"selector\":\"h3.title, .view_title\"}\n  (Session info: chrome=142.0.7444.176)","stacktrace":"0   chromedriver                        0x00000001007d2ecc cxxbridge1$str$ptr + 2941512\n1   chromedriver                        0x00000001007cab88 cxxbridge1$str$ptr + 2907908\n2   chromedriver                        0x00000001002e22b0 _RNvCsgXDX2mvAJAg_7___rustc35___rust_no_alloc_shim_is_unstable_v2 + 74020\n3   chromedriver                        0x000000010032988c _RNvCsgXDX2mvAJAg_7___rustc35___rust_no_alloc_shim_is_unstable_v2 + 366336\n4   chromedriver                        0x000000010036ad54 _RNvCsgXDX2mvAJAg_7___rustc35___rust_no_alloc_shim_is_unstable_v2 + 633800\n5   chromedriver                        0x000000010031def0 _RNvCsgXDX2mvAJAg_7___rustc35___rust_no_alloc_shim_is_unstable_v2 + 318820\n6   chromedriver                        0x00000001007960c8 cxxbridge1$str$ptr + 2692164\n7   chromedriver                        0x00000001007998dc cxxbridge1$str$ptr + 2706520\n8   chromedriver                        0x000000010077684c cxxbridge1$str$ptr + 2563016\n9   chromedriver                        0x000000010079a1b4 cxxbridge1$str$ptr + 2708784\n10  chromedriver                        0x00000001007680f4 cxxbridge1$str$ptr + 2503792\n11  chromedriver                        0x00000001007b9498 cxxbridge1$str$ptr + 2836500\n12  chromedriver                        0x00000001007b961c cxxbridge1$str$ptr + 2836888\n13  chromedriver                        0x00000001007ca7d8 cxxbridge1$str$ptr + 2906964\n14  libsystem_pthread.dylib             0x0000000187809f94 _pthread_start + 136\n15  libsystem_pthread.dylib             0x0000000187804d34 thread_start + 8\n"}} | headers=HTTPHeaderDict({'Content-Length': '1805', 'Content-Type': 'application/json; charset=utf-8', 'cache-control': 'no-cache'})
2025-12-03 07:57:20 [selenium.webdriver.remote.remote_connection] DEBUG: Finished Request
2025-12-03 07:57:20 [dorm] ERROR: Error parsing https://dorm.chungbuk.ac.kr/home/sub.php?menukey=20039&mod=view&no=454178796&listCnt=20: Message: no such element: Unable to locate element: {"method":"css selector","selector":"h3.title, .view_title"}
  (Session info: chrome=142.0.7444.176); For documentation on this error, please visit: https://www.selenium.dev/documentation/webdriver/troubleshooting/errors#nosuchelementexception
Stacktrace:
0   chromedriver                        0x00000001007d2ecc cxxbridge1$str$ptr + 2941512
1   chromedriver                        0x00000001007cab88 cxxbridge1$str$ptr + 2907908
2   chromedriver                        0x00000001002e22b0 _RNvCsgXDX2mvAJAg_7___rustc35___rust_no_alloc_shim_is_unstable_v2 + 74020
3   chromedriver                        0x000000010032988c _RNvCsgXDX2mvAJAg_7___rustc35___rust_no_alloc_shim_is_unstable_v2 + 366336
4   chromedriver                        0x000000010036ad54 _RNvCsgXDX2mvAJAg_7___rustc35___rust_no_alloc_shim_is_unstable_v2 + 633800
5   chromedriver                        0x000000010031def0 _RNvCsgXDX2mvAJAg_7___rustc35___rust_no_alloc_shim_is_unstable_v2 + 318820
6   chromedriver                        0x00000001007960c8 cxxbridge1$str$ptr + 2692164
7   chromedriver                        0x00000001007998dc cxxbridge1$str$ptr + 2706520
8   chromedriver                        0x000000010077684c cxxbridge1$str$ptr + 2563016
9   chromedriver                        0x000000010079a1b4 cxxbridge1$str$ptr + 2708784
10  chromedriver                        0x00000001007680f4 cxxbridge1$str$ptr + 2503792
11  chromedriver                        0x00000001007b9498 cxxbridge1$str$ptr + 2836500
12  chromedriver                        0x00000001007b961c cxxbridge1$str$ptr + 2836888
13  chromedriver                        0x00000001007ca7d8 cxxbridge1$str$ptr + 2906964
14  libsystem_pthread.dylib             0x0000000187809f94 _pthread_start + 136
15  libsystem_pthread.dylib             0x0000000187804d34 thread_start + 8

2025-12-03 07:57:20 [scrapy.core.engine] DEBUG: Crawled (200) <GET https://dorm.chungbuk.ac.kr/home/sub.php?menukey=20039&mod=view&no=454178797&listCnt=20> (referer: https://dorm.chungbuk.ac.kr/home/sub.php?menukey=20039)
2025-12-03 07:57:20 [selenium.webdriver.remote.remote_connection] DEBUG: POST http://localhost:61702/session/d3e2dc8fd181276e7adc38a949a985ea/url {'url': 'https://dorm.chungbuk.ac.kr/home/sub.php?menukey=20039&mod=view&no=454178797&listCnt=20'}
2025-12-03 07:57:20 [urllib3.connectionpool] DEBUG: http://localhost:61702 "POST /session/d3e2dc8fd181276e7adc38a949a985ea/url HTTP/1.1" 200 0
2025-12-03 07:57:20 [selenium.webdriver.remote.remote_connection] DEBUG: Remote response: status=200 | data={"value":null} | headers=HTTPHeaderDict({'Content-Length': '14', 'Content-Type': 'application/json; charset=utf-8', 'cache-control': 'no-cache'})
2025-12-03 07:57:20 [selenium.webdriver.remote.remote_connection] DEBUG: Finished Request
2025-12-03 07:57:21 [selenium.webdriver.remote.remote_connection] DEBUG: POST http://localhost:61702/session/d3e2dc8fd181276e7adc38a949a985ea/element {'using': 'css selector', 'value': 'h3.title, .view_title'}
2025-12-03 07:57:21 [urllib3.connectionpool] DEBUG: http://localhost:61702 "POST /session/d3e2dc8fd181276e7adc38a949a985ea/element HTTP/1.1" 404 0
2025-12-03 07:57:21 [selenium.webdriver.remote.remote_connection] DEBUG: Remote response: status=404 | data={"value":{"error":"no such element","message":"no such element: Unable to locate element: {\"method\":\"css selector\",\"selector\":\"h3.title, .view_title\"}\n  (Session info: chrome=142.0.7444.176)","stacktrace":"0   chromedriver                        0x00000001007d2ecc cxxbridge1$str$ptr + 2941512\n1   chromedriver                        0x00000001007cab88 cxxbridge1$str$ptr + 2907908\n2   chromedriver                        0x00000001002e22b0 _RNvCsgXDX2mvAJAg_7___rustc35___rust_no_alloc_shim_is_unstable_v2 + 74020\n3   chromedriver                        0x000000010032988c _RNvCsgXDX2mvAJAg_7___rustc35___rust_no_alloc_shim_is_unstable_v2 + 366336\n4   chromedriver                        0x000000010036ad54 _RNvCsgXDX2mvAJAg_7___rustc35___rust_no_alloc_shim_is_unstable_v2 + 633800\n5   chromedriver                        0x000000010031def0 _RNvCsgXDX2mvAJAg_7___rustc35___rust_no_alloc_shim_is_unstable_v2 + 318820\n6   chromedriver                        0x00000001007960c8 cxxbridge1$str$ptr + 2692164\n7   chromedriver                        0x00000001007998dc cxxbridge1$str$ptr + 2706520\n8   chromedriver                        0x000000010077684c cxxbridge1$str$ptr + 2563016\n9   chromedriver                        0x000000010079a1b4 cxxbridge1$str$ptr + 2708784\n10  chromedriver                        0x00000001007680f4 cxxbridge1$str$ptr + 2503792\n11  chromedriver                        0x00000001007b9498 cxxbridge1$str$ptr + 2836500\n12  chromedriver                        0x00000001007b961c cxxbridge1$str$ptr + 2836888\n13  chromedriver                        0x00000001007ca7d8 cxxbridge1$str$ptr + 2906964\n14  libsystem_pthread.dylib             0x0000000187809f94 _pthread_start + 136\n15  libsystem_pthread.dylib             0x0000000187804d34 thread_start + 8\n"}} | headers=HTTPHeaderDict({'Content-Length': '1805', 'Content-Type': 'application/json; charset=utf-8', 'cache-control': 'no-cache'})
2025-12-03 07:57:21 [selenium.webdriver.remote.remote_connection] DEBUG: Finished Request
2025-12-03 07:57:21 [dorm] ERROR: Error parsing https://dorm.chungbuk.ac.kr/home/sub.php?menukey=20039&mod=view&no=454178797&listCnt=20: Message: no such element: Unable to locate element: {"method":"css selector","selector":"h3.title, .view_title"}
  (Session info: chrome=142.0.7444.176); For documentation on this error, please visit: https://www.selenium.dev/documentation/webdriver/troubleshooting/errors#nosuchelementexception
Stacktrace:
0   chromedriver                        0x00000001007d2ecc cxxbridge1$str$ptr + 2941512
1   chromedriver                        0x00000001007cab88 cxxbridge1$str$ptr + 2907908
2   chromedriver                        0x00000001002e22b0 _RNvCsgXDX2mvAJAg_7___rustc35___rust_no_alloc_shim_is_unstable_v2 + 74020
3   chromedriver                        0x000000010032988c _RNvCsgXDX2mvAJAg_7___rustc35___rust_no_alloc_shim_is_unstable_v2 + 366336
4   chromedriver                        0x000000010036ad54 _RNvCsgXDX2mvAJAg_7___rustc35___rust_no_alloc_shim_is_unstable_v2 + 633800
5   chromedriver                        0x000000010031def0 _RNvCsgXDX2mvAJAg_7___rustc35___rust_no_alloc_shim_is_unstable_v2 + 318820
6   chromedriver                        0x00000001007960c8 cxxbridge1$str$ptr + 2692164
7   chromedriver                        0x00000001007998dc cxxbridge1$str$ptr + 2706520
8   chromedriver                        0x000000010077684c cxxbridge1$str$ptr + 2563016
9   chromedriver                        0x000000010079a1b4 cxxbridge1$str$ptr + 2708784
10  chromedriver                        0x00000001007680f4 cxxbridge1$str$ptr + 2503792
11  chromedriver                        0x00000001007b9498 cxxbridge1$str$ptr + 2836500
12  chromedriver                        0x00000001007b961c cxxbridge1$str$ptr + 2836888
13  chromedriver                        0x00000001007ca7d8 cxxbridge1$str$ptr + 2906964
14  libsystem_pthread.dylib             0x0000000187809f94 _pthread_start + 136
15  libsystem_pthread.dylib             0x0000000187804d34 thread_start + 8

2025-12-03 07:57:22 [scrapy.core.engine] DEBUG: Crawled (200) <GET https://dorm.chungbuk.ac.kr/home/sub.php?menukey=20039&mod=view&no=454178798&listCnt=20> (referer: https://dorm.chungbuk.ac.kr/home/sub.php?menukey=20039)
2025-12-03 07:57:22 [selenium.webdriver.remote.remote_connection] DEBUG: POST http://localhost:61702/session/d3e2dc8fd181276e7adc38a949a985ea/url {'url': 'https://dorm.chungbuk.ac.kr/home/sub.php?menukey=20039&mod=view&no=454178798&listCnt=20'}
2025-12-03 07:57:22 [urllib3.connectionpool] DEBUG: http://localhost:61702 "POST /session/d3e2dc8fd181276e7adc38a949a985ea/url HTTP/1.1" 200 0
2025-12-03 07:57:22 [selenium.webdriver.remote.remote_connection] DEBUG: Remote response: status=200 | data={"value":null} | headers=HTTPHeaderDict({'Content-Length': '14', 'Content-Type': 'application/json; charset=utf-8', 'cache-control': 'no-cache'})
2025-12-03 07:57:22 [selenium.webdriver.remote.remote_connection] DEBUG: Finished Request
2025-12-03 07:57:23 [selenium.webdriver.remote.remote_connection] DEBUG: POST http://localhost:61702/session/d3e2dc8fd181276e7adc38a949a985ea/element {'using': 'css selector', 'value': 'h3.title, .view_title'}
2025-12-03 07:57:23 [urllib3.connectionpool] DEBUG: http://localhost:61702 "POST /session/d3e2dc8fd181276e7adc38a949a985ea/element HTTP/1.1" 404 0
2025-12-03 07:57:23 [selenium.webdriver.remote.remote_connection] DEBUG: Remote response: status=404 | data={"value":{"error":"no such element","message":"no such element: Unable to locate element: {\"method\":\"css selector\",\"selector\":\"h3.title, .view_title\"}\n  (Session info: chrome=142.0.7444.176)","stacktrace":"0   chromedriver                        0x00000001007d2ecc cxxbridge1$str$ptr + 2941512\n1   chromedriver                        0x00000001007cab88 cxxbridge1$str$ptr + 2907908\n2   chromedriver                        0x00000001002e22b0 _RNvCsgXDX2mvAJAg_7___rustc35___rust_no_alloc_shim_is_unstable_v2 + 74020\n3   chromedriver                        0x000000010032988c _RNvCsgXDX2mvAJAg_7___rustc35___rust_no_alloc_shim_is_unstable_v2 + 366336\n4   chromedriver                        0x000000010036ad54 _RNvCsgXDX2mvAJAg_7___rustc35___rust_no_alloc_shim_is_unstable_v2 + 633800\n5   chromedriver                        0x000000010031def0 _RNvCsgXDX2mvAJAg_7___rustc35___rust_no_alloc_shim_is_unstable_v2 + 318820\n6   chromedriver                        0x00000001007960c8 cxxbridge1$str$ptr + 2692164\n7   chromedriver                        0x00000001007998dc cxxbridge1$str$ptr + 2706520\n8   chromedriver                        0x000000010077684c cxxbridge1$str$ptr + 2563016\n9   chromedriver                        0x000000010079a1b4 cxxbridge1$str$ptr + 2708784\n10  chromedriver                        0x00000001007680f4 cxxbridge1$str$ptr + 2503792\n11  chromedriver                        0x00000001007b9498 cxxbridge1$str$ptr + 2836500\n12  chromedriver                        0x00000001007b961c cxxbridge1$str$ptr + 2836888\n13  chromedriver                        0x00000001007ca7d8 cxxbridge1$str$ptr + 2906964\n14  libsystem_pthread.dylib             0x0000000187809f94 _pthread_start + 136\n15  libsystem_pthread.dylib             0x0000000187804d34 thread_start + 8\n"}} | headers=HTTPHeaderDict({'Content-Length': '1805', 'Content-Type': 'application/json; charset=utf-8', 'cache-control': 'no-cache'})
2025-12-03 07:57:23 [selenium.webdriver.remote.remote_connection] DEBUG: Finished Request
2025-12-03 07:57:23 [dorm] ERROR: Error parsing https://dorm.chungbuk.ac.kr/home/sub.php?menukey=20039&mod=view&no=454178798&listCnt=20: Message: no such element: Unable to locate element: {"method":"css selector","selector":"h3.title, .view_title"}
  (Session info: chrome=142.0.7444.176); For documentation on this error, please visit: https://www.selenium.dev/documentation/webdriver/troubleshooting/errors#nosuchelementexception
Stacktrace:
0   chromedriver                        0x00000001007d2ecc cxxbridge1$str$ptr + 2941512
1   chromedriver                        0x00000001007cab88 cxxbridge1$str$ptr + 2907908
2   chromedriver                        0x00000001002e22b0 _RNvCsgXDX2mvAJAg_7___rustc35___rust_no_alloc_shim_is_unstable_v2 + 74020
3   chromedriver                        0x000000010032988c _RNvCsgXDX2mvAJAg_7___rustc35___rust_no_alloc_shim_is_unstable_v2 + 366336
4   chromedriver                        0x000000010036ad54 _RNvCsgXDX2mvAJAg_7___rustc35___rust_no_alloc_shim_is_unstable_v2 + 633800
5   chromedriver                        0x000000010031def0 _RNvCsgXDX2mvAJAg_7___rustc35___rust_no_alloc_shim_is_unstable_v2 + 318820
6   chromedriver                        0x00000001007960c8 cxxbridge1$str$ptr + 2692164
7   chromedriver                        0x00000001007998dc cxxbridge1$str$ptr + 2706520
8   chromedriver                        0x000000010077684c cxxbridge1$str$ptr + 2563016
9   chromedriver                        0x000000010079a1b4 cxxbridge1$str$ptr + 2708784
10  chromedriver                        0x00000001007680f4 cxxbridge1$str$ptr + 2503792
11  chromedriver                        0x00000001007b9498 cxxbridge1$str$ptr + 2836500
12  chromedriver                        0x00000001007b961c cxxbridge1$str$ptr + 2836888
13  chromedriver                        0x00000001007ca7d8 cxxbridge1$str$ptr + 2906964
14  libsystem_pthread.dylib             0x0000000187809f94 _pthread_start + 136
15  libsystem_pthread.dylib             0x0000000187804d34 thread_start + 8

2025-12-03 07:57:24 [scrapy.core.engine] DEBUG: Crawled (200) <GET https://dorm.chungbuk.ac.kr/home/sub.php?menukey=20039&mod=view&no=454178801&listCnt=20> (referer: https://dorm.chungbuk.ac.kr/home/sub.php?menukey=20039)
2025-12-03 07:57:24 [selenium.webdriver.remote.remote_connection] DEBUG: POST http://localhost:61702/session/d3e2dc8fd181276e7adc38a949a985ea/url {'url': 'https://dorm.chungbuk.ac.kr/home/sub.php?menukey=20039&mod=view&no=454178801&listCnt=20'}
2025-12-03 07:57:24 [urllib3.connectionpool] DEBUG: http://localhost:61702 "POST /session/d3e2dc8fd181276e7adc38a949a985ea/url HTTP/1.1" 200 0
2025-12-03 07:57:24 [selenium.webdriver.remote.remote_connection] DEBUG: Remote response: status=200 | data={"value":null} | headers=HTTPHeaderDict({'Content-Length': '14', 'Content-Type': 'application/json; charset=utf-8', 'cache-control': 'no-cache'})
2025-12-03 07:57:24 [selenium.webdriver.remote.remote_connection] DEBUG: Finished Request
2025-12-03 07:57:25 [selenium.webdriver.remote.remote_connection] DEBUG: POST http://localhost:61702/session/d3e2dc8fd181276e7adc38a949a985ea/element {'using': 'css selector', 'value': 'h3.title, .view_title'}
2025-12-03 07:57:25 [urllib3.connectionpool] DEBUG: http://localhost:61702 "POST /session/d3e2dc8fd181276e7adc38a949a985ea/element HTTP/1.1" 404 0
2025-12-03 07:57:25 [selenium.webdriver.remote.remote_connection] DEBUG: Remote response: status=404 | data={"value":{"error":"no such element","message":"no such element: Unable to locate element: {\"method\":\"css selector\",\"selector\":\"h3.title, .view_title\"}\n  (Session info: chrome=142.0.7444.176)","stacktrace":"0   chromedriver                        0x00000001007d2ecc cxxbridge1$str$ptr + 2941512\n1   chromedriver                        0x00000001007cab88 cxxbridge1$str$ptr + 2907908\n2   chromedriver                        0x00000001002e22b0 _RNvCsgXDX2mvAJAg_7___rustc35___rust_no_alloc_shim_is_unstable_v2 + 74020\n3   chromedriver                        0x000000010032988c _RNvCsgXDX2mvAJAg_7___rustc35___rust_no_alloc_shim_is_unstable_v2 + 366336\n4   chromedriver                        0x000000010036ad54 _RNvCsgXDX2mvAJAg_7___rustc35___rust_no_alloc_shim_is_unstable_v2 + 633800\n5   chromedriver                        0x000000010031def0 _RNvCsgXDX2mvAJAg_7___rustc35___rust_no_alloc_shim_is_unstable_v2 + 318820\n6   chromedriver                        0x00000001007960c8 cxxbridge1$str$ptr + 2692164\n7   chromedriver                        0x00000001007998dc cxxbridge1$str$ptr + 2706520\n8   chromedriver                        0x000000010077684c cxxbridge1$str$ptr + 2563016\n9   chromedriver                        0x000000010079a1b4 cxxbridge1$str$ptr + 2708784\n10  chromedriver                        0x00000001007680f4 cxxbridge1$str$ptr + 2503792\n11  chromedriver                        0x00000001007b9498 cxxbridge1$str$ptr + 2836500\n12  chromedriver                        0x00000001007b961c cxxbridge1$str$ptr + 2836888\n13  chromedriver                        0x00000001007ca7d8 cxxbridge1$str$ptr + 2906964\n14  libsystem_pthread.dylib             0x0000000187809f94 _pthread_start + 136\n15  libsystem_pthread.dylib             0x0000000187804d34 thread_start + 8\n"}} | headers=HTTPHeaderDict({'Content-Length': '1805', 'Content-Type': 'application/json; charset=utf-8', 'cache-control': 'no-cache'})
2025-12-03 07:57:25 [selenium.webdriver.remote.remote_connection] DEBUG: Finished Request
2025-12-03 07:57:25 [dorm] ERROR: Error parsing https://dorm.chungbuk.ac.kr/home/sub.php?menukey=20039&mod=view&no=454178801&listCnt=20: Message: no such element: Unable to locate element: {"method":"css selector","selector":"h3.title, .view_title"}
  (Session info: chrome=142.0.7444.176); For documentation on this error, please visit: https://www.selenium.dev/documentation/webdriver/troubleshooting/errors#nosuchelementexception
Stacktrace:
0   chromedriver                        0x00000001007d2ecc cxxbridge1$str$ptr + 2941512
1   chromedriver                        0x00000001007cab88 cxxbridge1$str$ptr + 2907908
2   chromedriver                        0x00000001002e22b0 _RNvCsgXDX2mvAJAg_7___rustc35___rust_no_alloc_shim_is_unstable_v2 + 74020
3   chromedriver                        0x000000010032988c _RNvCsgXDX2mvAJAg_7___rustc35___rust_no_alloc_shim_is_unstable_v2 + 366336
4   chromedriver                        0x000000010036ad54 _RNvCsgXDX2mvAJAg_7___rustc35___rust_no_alloc_shim_is_unstable_v2 + 633800
5   chromedriver                        0x000000010031def0 _RNvCsgXDX2mvAJAg_7___rustc35___rust_no_alloc_shim_is_unstable_v2 + 318820
6   chromedriver                        0x00000001007960c8 cxxbridge1$str$ptr + 2692164
7   chromedriver                        0x00000001007998dc cxxbridge1$str$ptr + 2706520
8   chromedriver                        0x000000010077684c cxxbridge1$str$ptr + 2563016
9   chromedriver                        0x000000010079a1b4 cxxbridge1$str$ptr + 2708784
10  chromedriver                        0x00000001007680f4 cxxbridge1$str$ptr + 2503792
11  chromedriver                        0x00000001007b9498 cxxbridge1$str$ptr + 2836500
12  chromedriver                        0x00000001007b961c cxxbridge1$str$ptr + 2836888
13  chromedriver                        0x00000001007ca7d8 cxxbridge1$str$ptr + 2906964
14  libsystem_pthread.dylib             0x0000000187809f94 _pthread_start + 136
15  libsystem_pthread.dylib             0x0000000187804d34 thread_start + 8

2025-12-03 07:57:25 [scrapy.core.engine] DEBUG: Crawled (200) <GET https://dorm.chungbuk.ac.kr/home/sub.php?menukey=20039&mod=view&no=454178802&listCnt=20> (referer: https://dorm.chungbuk.ac.kr/home/sub.php?menukey=20039)
2025-12-03 07:57:25 [selenium.webdriver.remote.remote_connection] DEBUG: POST http://localhost:61702/session/d3e2dc8fd181276e7adc38a949a985ea/url {'url': 'https://dorm.chungbuk.ac.kr/home/sub.php?menukey=20039&mod=view&no=454178802&listCnt=20'}
2025-12-03 07:57:25 [urllib3.connectionpool] DEBUG: http://localhost:61702 "POST /session/d3e2dc8fd181276e7adc38a949a985ea/url HTTP/1.1" 200 0
2025-12-03 07:57:25 [selenium.webdriver.remote.remote_connection] DEBUG: Remote response: status=200 | data={"value":null} | headers=HTTPHeaderDict({'Content-Length': '14', 'Content-Type': 'application/json; charset=utf-8', 'cache-control': 'no-cache'})
2025-12-03 07:57:25 [selenium.webdriver.remote.remote_connection] DEBUG: Finished Request
2025-12-03 07:57:26 [selenium.webdriver.remote.remote_connection] DEBUG: POST http://localhost:61702/session/d3e2dc8fd181276e7adc38a949a985ea/element {'using': 'css selector', 'value': 'h3.title, .view_title'}
2025-12-03 07:57:26 [urllib3.connectionpool] DEBUG: http://localhost:61702 "POST /session/d3e2dc8fd181276e7adc38a949a985ea/element HTTP/1.1" 404 0
2025-12-03 07:57:26 [selenium.webdriver.remote.remote_connection] DEBUG: Remote response: status=404 | data={"value":{"error":"no such element","message":"no such element: Unable to locate element: {\"method\":\"css selector\",\"selector\":\"h3.title, .view_title\"}\n  (Session info: chrome=142.0.7444.176)","stacktrace":"0   chromedriver                        0x00000001007d2ecc cxxbridge1$str$ptr + 2941512\n1   chromedriver                        0x00000001007cab88 cxxbridge1$str$ptr + 2907908\n2   chromedriver                        0x00000001002e22b0 _RNvCsgXDX2mvAJAg_7___rustc35___rust_no_alloc_shim_is_unstable_v2 + 74020\n3   chromedriver                        0x000000010032988c _RNvCsgXDX2mvAJAg_7___rustc35___rust_no_alloc_shim_is_unstable_v2 + 366336\n4   chromedriver                        0x000000010036ad54 _RNvCsgXDX2mvAJAg_7___rustc35___rust_no_alloc_shim_is_unstable_v2 + 633800\n5   chromedriver                        0x000000010031def0 _RNvCsgXDX2mvAJAg_7___rustc35___rust_no_alloc_shim_is_unstable_v2 + 318820\n6   chromedriver                        0x00000001007960c8 cxxbridge1$str$ptr + 2692164\n7   chromedriver                        0x00000001007998dc cxxbridge1$str$ptr + 2706520\n8   chromedriver                        0x000000010077684c cxxbridge1$str$ptr + 2563016\n9   chromedriver                        0x000000010079a1b4 cxxbridge1$str$ptr + 2708784\n10  chromedriver                        0x00000001007680f4 cxxbridge1$str$ptr + 2503792\n11  chromedriver                        0x00000001007b9498 cxxbridge1$str$ptr + 2836500\n12  chromedriver                        0x00000001007b961c cxxbridge1$str$ptr + 2836888\n13  chromedriver                        0x00000001007ca7d8 cxxbridge1$str$ptr + 2906964\n14  libsystem_pthread.dylib             0x0000000187809f94 _pthread_start + 136\n15  libsystem_pthread.dylib             0x0000000187804d34 thread_start + 8\n"}} | headers=HTTPHeaderDict({'Content-Length': '1805', 'Content-Type': 'application/json; charset=utf-8', 'cache-control': 'no-cache'})
2025-12-03 07:57:26 [selenium.webdriver.remote.remote_connection] DEBUG: Finished Request
2025-12-03 07:57:26 [dorm] ERROR: Error parsing https://dorm.chungbuk.ac.kr/home/sub.php?menukey=20039&mod=view&no=454178802&listCnt=20: Message: no such element: Unable to locate element: {"method":"css selector","selector":"h3.title, .view_title"}
  (Session info: chrome=142.0.7444.176); For documentation on this error, please visit: https://www.selenium.dev/documentation/webdriver/troubleshooting/errors#nosuchelementexception
Stacktrace:
0   chromedriver                        0x00000001007d2ecc cxxbridge1$str$ptr + 2941512
1   chromedriver                        0x00000001007cab88 cxxbridge1$str$ptr + 2907908
2   chromedriver                        0x00000001002e22b0 _RNvCsgXDX2mvAJAg_7___rustc35___rust_no_alloc_shim_is_unstable_v2 + 74020
3   chromedriver                        0x000000010032988c _RNvCsgXDX2mvAJAg_7___rustc35___rust_no_alloc_shim_is_unstable_v2 + 366336
4   chromedriver                        0x000000010036ad54 _RNvCsgXDX2mvAJAg_7___rustc35___rust_no_alloc_shim_is_unstable_v2 + 633800
5   chromedriver                        0x000000010031def0 _RNvCsgXDX2mvAJAg_7___rustc35___rust_no_alloc_shim_is_unstable_v2 + 318820
6   chromedriver                        0x00000001007960c8 cxxbridge1$str$ptr + 2692164
7   chromedriver                        0x00000001007998dc cxxbridge1$str$ptr + 2706520
8   chromedriver                        0x000000010077684c cxxbridge1$str$ptr + 2563016
9   chromedriver                        0x000000010079a1b4 cxxbridge1$str$ptr + 2708784
10  chromedriver                        0x00000001007680f4 cxxbridge1$str$ptr + 2503792
11  chromedriver                        0x00000001007b9498 cxxbridge1$str$ptr + 2836500
12  chromedriver                        0x00000001007b961c cxxbridge1$str$ptr + 2836888
13  chromedriver                        0x00000001007ca7d8 cxxbridge1$str$ptr + 2906964
14  libsystem_pthread.dylib             0x0000000187809f94 _pthread_start + 136
15  libsystem_pthread.dylib             0x0000000187804d34 thread_start + 8

2025-12-03 07:57:26 [scrapy.core.engine] DEBUG: Crawled (200) <GET https://dorm.chungbuk.ac.kr/home/sub.php?menukey=20039&mod=view&no=454178805&listCnt=20> (referer: https://dorm.chungbuk.ac.kr/home/sub.php?menukey=20039)
2025-12-03 07:57:27 [selenium.webdriver.remote.remote_connection] DEBUG: POST http://localhost:61702/session/d3e2dc8fd181276e7adc38a949a985ea/url {'url': 'https://dorm.chungbuk.ac.kr/home/sub.php?menukey=20039&mod=view&no=454178805&listCnt=20'}
2025-12-03 07:57:27 [urllib3.connectionpool] DEBUG: http://localhost:61702 "POST /session/d3e2dc8fd181276e7adc38a949a985ea/url HTTP/1.1" 200 0
2025-12-03 07:57:27 [selenium.webdriver.remote.remote_connection] DEBUG: Remote response: status=200 | data={"value":null} | headers=HTTPHeaderDict({'Content-Length': '14', 'Content-Type': 'application/json; charset=utf-8', 'cache-control': 'no-cache'})
2025-12-03 07:57:27 [selenium.webdriver.remote.remote_connection] DEBUG: Finished Request
2025-12-03 07:57:28 [selenium.webdriver.remote.remote_connection] DEBUG: POST http://localhost:61702/session/d3e2dc8fd181276e7adc38a949a985ea/element {'using': 'css selector', 'value': 'h3.title, .view_title'}
2025-12-03 07:57:28 [urllib3.connectionpool] DEBUG: http://localhost:61702 "POST /session/d3e2dc8fd181276e7adc38a949a985ea/element HTTP/1.1" 404 0
2025-12-03 07:57:28 [selenium.webdriver.remote.remote_connection] DEBUG: Remote response: status=404 | data={"value":{"error":"no such element","message":"no such element: Unable to locate element: {\"method\":\"css selector\",\"selector\":\"h3.title, .view_title\"}\n  (Session info: chrome=142.0.7444.176)","stacktrace":"0   chromedriver                        0x00000001007d2ecc cxxbridge1$str$ptr + 2941512\n1   chromedriver                        0x00000001007cab88 cxxbridge1$str$ptr + 2907908\n2   chromedriver                        0x00000001002e22b0 _RNvCsgXDX2mvAJAg_7___rustc35___rust_no_alloc_shim_is_unstable_v2 + 74020\n3   chromedriver                        0x000000010032988c _RNvCsgXDX2mvAJAg_7___rustc35___rust_no_alloc_shim_is_unstable_v2 + 366336\n4   chromedriver                        0x000000010036ad54 _RNvCsgXDX2mvAJAg_7___rustc35___rust_no_alloc_shim_is_unstable_v2 + 633800\n5   chromedriver                        0x000000010031def0 _RNvCsgXDX2mvAJAg_7___rustc35___rust_no_alloc_shim_is_unstable_v2 + 318820\n6   chromedriver                        0x00000001007960c8 cxxbridge1$str$ptr + 2692164\n7   chromedriver                        0x00000001007998dc cxxbridge1$str$ptr + 2706520\n8   chromedriver                        0x000000010077684c cxxbridge1$str$ptr + 2563016\n9   chromedriver                        0x000000010079a1b4 cxxbridge1$str$ptr + 2708784\n10  chromedriver                        0x00000001007680f4 cxxbridge1$str$ptr + 2503792\n11  chromedriver                        0x00000001007b9498 cxxbridge1$str$ptr + 2836500\n12  chromedriver                        0x00000001007b961c cxxbridge1$str$ptr + 2836888\n13  chromedriver                        0x00000001007ca7d8 cxxbridge1$str$ptr + 2906964\n14  libsystem_pthread.dylib             0x0000000187809f94 _pthread_start + 136\n15  libsystem_pthread.dylib             0x0000000187804d34 thread_start + 8\n"}} | headers=HTTPHeaderDict({'Content-Length': '1805', 'Content-Type': 'application/json; charset=utf-8', 'cache-control': 'no-cache'})
2025-12-03 07:57:28 [selenium.webdriver.remote.remote_connection] DEBUG: Finished Request
2025-12-03 07:57:28 [dorm] ERROR: Error parsing https://dorm.chungbuk.ac.kr/home/sub.php?menukey=20039&mod=view&no=454178805&listCnt=20: Message: no such element: Unable to locate element: {"method":"css selector","selector":"h3.title, .view_title"}
  (Session info: chrome=142.0.7444.176); For documentation on this error, please visit: https://www.selenium.dev/documentation/webdriver/troubleshooting/errors#nosuchelementexception
Stacktrace:
0   chromedriver                        0x00000001007d2ecc cxxbridge1$str$ptr + 2941512
1   chromedriver                        0x00000001007cab88 cxxbridge1$str$ptr + 2907908
2   chromedriver                        0x00000001002e22b0 _RNvCsgXDX2mvAJAg_7___rustc35___rust_no_alloc_shim_is_unstable_v2 + 74020
3   chromedriver                        0x000000010032988c _RNvCsgXDX2mvAJAg_7___rustc35___rust_no_alloc_shim_is_unstable_v2 + 366336
4   chromedriver                        0x000000010036ad54 _RNvCsgXDX2mvAJAg_7___rustc35___rust_no_alloc_shim_is_unstable_v2 + 633800
5   chromedriver                        0x000000010031def0 _RNvCsgXDX2mvAJAg_7___rustc35___rust_no_alloc_shim_is_unstable_v2 + 318820
6   chromedriver                        0x00000001007960c8 cxxbridge1$str$ptr + 2692164
7   chromedriver                        0x00000001007998dc cxxbridge1$str$ptr + 2706520
8   chromedriver                        0x000000010077684c cxxbridge1$str$ptr + 2563016
9   chromedriver                        0x000000010079a1b4 cxxbridge1$str$ptr + 2708784
10  chromedriver                        0x00000001007680f4 cxxbridge1$str$ptr + 2503792
11  chromedriver                        0x00000001007b9498 cxxbridge1$str$ptr + 2836500
12  chromedriver                        0x00000001007b961c cxxbridge1$str$ptr + 2836888
13  chromedriver                        0x00000001007ca7d8 cxxbridge1$str$ptr + 2906964
14  libsystem_pthread.dylib             0x0000000187809f94 _pthread_start + 136
15  libsystem_pthread.dylib             0x0000000187804d34 thread_start + 8

2025-12-03 07:57:28 [scrapy.core.engine] DEBUG: Crawled (200) <GET https://dorm.chungbuk.ac.kr/home/sub.php?menukey=20039&mod=view&no=454178808&listCnt=20> (referer: https://dorm.chungbuk.ac.kr/home/sub.php?menukey=20039)
2025-12-03 07:57:28 [selenium.webdriver.remote.remote_connection] DEBUG: POST http://localhost:61702/session/d3e2dc8fd181276e7adc38a949a985ea/url {'url': 'https://dorm.chungbuk.ac.kr/home/sub.php?menukey=20039&mod=view&no=454178808&listCnt=20'}
2025-12-03 07:57:28 [urllib3.connectionpool] DEBUG: http://localhost:61702 "POST /session/d3e2dc8fd181276e7adc38a949a985ea/url HTTP/1.1" 200 0
2025-12-03 07:57:28 [selenium.webdriver.remote.remote_connection] DEBUG: Remote response: status=200 | data={"value":null} | headers=HTTPHeaderDict({'Content-Length': '14', 'Content-Type': 'application/json; charset=utf-8', 'cache-control': 'no-cache'})
2025-12-03 07:57:28 [selenium.webdriver.remote.remote_connection] DEBUG: Finished Request
2025-12-03 07:57:29 [selenium.webdriver.remote.remote_connection] DEBUG: POST http://localhost:61702/session/d3e2dc8fd181276e7adc38a949a985ea/element {'using': 'css selector', 'value': 'h3.title, .view_title'}
2025-12-03 07:57:29 [urllib3.connectionpool] DEBUG: http://localhost:61702 "POST /session/d3e2dc8fd181276e7adc38a949a985ea/element HTTP/1.1" 404 0
2025-12-03 07:57:29 [selenium.webdriver.remote.remote_connection] DEBUG: Remote response: status=404 | data={"value":{"error":"no such element","message":"no such element: Unable to locate element: {\"method\":\"css selector\",\"selector\":\"h3.title, .view_title\"}\n  (Session info: chrome=142.0.7444.176)","stacktrace":"0   chromedriver                        0x00000001007d2ecc cxxbridge1$str$ptr + 2941512\n1   chromedriver                        0x00000001007cab88 cxxbridge1$str$ptr + 2907908\n2   chromedriver                        0x00000001002e22b0 _RNvCsgXDX2mvAJAg_7___rustc35___rust_no_alloc_shim_is_unstable_v2 + 74020\n3   chromedriver                        0x000000010032988c _RNvCsgXDX2mvAJAg_7___rustc35___rust_no_alloc_shim_is_unstable_v2 + 366336\n4   chromedriver                        0x000000010036ad54 _RNvCsgXDX2mvAJAg_7___rustc35___rust_no_alloc_shim_is_unstable_v2 + 633800\n5   chromedriver                        0x000000010031def0 _RNvCsgXDX2mvAJAg_7___rustc35___rust_no_alloc_shim_is_unstable_v2 + 318820\n6   chromedriver                        0x00000001007960c8 cxxbridge1$str$ptr + 2692164\n7   chromedriver                        0x00000001007998dc cxxbridge1$str$ptr + 2706520\n8   chromedriver                        0x000000010077684c cxxbridge1$str$ptr + 2563016\n9   chromedriver                        0x000000010079a1b4 cxxbridge1$str$ptr + 2708784\n10  chromedriver                        0x00000001007680f4 cxxbridge1$str$ptr + 2503792\n11  chromedriver                        0x00000001007b9498 cxxbridge1$str$ptr + 2836500\n12  chromedriver                        0x00000001007b961c cxxbridge1$str$ptr + 2836888\n13  chromedriver                        0x00000001007ca7d8 cxxbridge1$str$ptr + 2906964\n14  libsystem_pthread.dylib             0x0000000187809f94 _pthread_start + 136\n15  libsystem_pthread.dylib             0x0000000187804d34 thread_start + 8\n"}} | headers=HTTPHeaderDict({'Content-Length': '1805', 'Content-Type': 'application/json; charset=utf-8', 'cache-control': 'no-cache'})
2025-12-03 07:57:29 [selenium.webdriver.remote.remote_connection] DEBUG: Finished Request
2025-12-03 07:57:29 [dorm] ERROR: Error parsing https://dorm.chungbuk.ac.kr/home/sub.php?menukey=20039&mod=view&no=454178808&listCnt=20: Message: no such element: Unable to locate element: {"method":"css selector","selector":"h3.title, .view_title"}
  (Session info: chrome=142.0.7444.176); For documentation on this error, please visit: https://www.selenium.dev/documentation/webdriver/troubleshooting/errors#nosuchelementexception
Stacktrace:
0   chromedriver                        0x00000001007d2ecc cxxbridge1$str$ptr + 2941512
1   chromedriver                        0x00000001007cab88 cxxbridge1$str$ptr + 2907908
2   chromedriver                        0x00000001002e22b0 _RNvCsgXDX2mvAJAg_7___rustc35___rust_no_alloc_shim_is_unstable_v2 + 74020
3   chromedriver                        0x000000010032988c _RNvCsgXDX2mvAJAg_7___rustc35___rust_no_alloc_shim_is_unstable_v2 + 366336
4   chromedriver                        0x000000010036ad54 _RNvCsgXDX2mvAJAg_7___rustc35___rust_no_alloc_shim_is_unstable_v2 + 633800
5   chromedriver                        0x000000010031def0 _RNvCsgXDX2mvAJAg_7___rustc35___rust_no_alloc_shim_is_unstable_v2 + 318820
6   chromedriver                        0x00000001007960c8 cxxbridge1$str$ptr + 2692164
7   chromedriver                        0x00000001007998dc cxxbridge1$str$ptr + 2706520
8   chromedriver                        0x000000010077684c cxxbridge1$str$ptr + 2563016
9   chromedriver                        0x000000010079a1b4 cxxbridge1$str$ptr + 2708784
10  chromedriver                        0x00000001007680f4 cxxbridge1$str$ptr + 2503792
11  chromedriver                        0x00000001007b9498 cxxbridge1$str$ptr + 2836500
12  chromedriver                        0x00000001007b961c cxxbridge1$str$ptr + 2836888
13  chromedriver                        0x00000001007ca7d8 cxxbridge1$str$ptr + 2906964
14  libsystem_pthread.dylib             0x0000000187809f94 _pthread_start + 136
15  libsystem_pthread.dylib             0x0000000187804d34 thread_start + 8

2025-12-03 07:57:30 [scrapy.core.engine] DEBUG: Crawled (200) <GET https://dorm.chungbuk.ac.kr/home/sub.php?menukey=20039&mod=view&no=454178499&listCnt=20> (referer: https://dorm.chungbuk.ac.kr/home/sub.php?menukey=20039)
2025-12-03 07:57:30 [selenium.webdriver.remote.remote_connection] DEBUG: POST http://localhost:61702/session/d3e2dc8fd181276e7adc38a949a985ea/url {'url': 'https://dorm.chungbuk.ac.kr/home/sub.php?menukey=20039&mod=view&no=454178499&listCnt=20'}
2025-12-03 07:57:30 [urllib3.connectionpool] DEBUG: http://localhost:61702 "POST /session/d3e2dc8fd181276e7adc38a949a985ea/url HTTP/1.1" 200 0
2025-12-03 07:57:30 [selenium.webdriver.remote.remote_connection] DEBUG: Remote response: status=200 | data={"value":null} | headers=HTTPHeaderDict({'Content-Length': '14', 'Content-Type': 'application/json; charset=utf-8', 'cache-control': 'no-cache'})
2025-12-03 07:57:30 [selenium.webdriver.remote.remote_connection] DEBUG: Finished Request
2025-12-03 07:57:31 [selenium.webdriver.remote.remote_connection] DEBUG: POST http://localhost:61702/session/d3e2dc8fd181276e7adc38a949a985ea/element {'using': 'css selector', 'value': 'h3.title, .view_title'}
2025-12-03 07:57:31 [urllib3.connectionpool] DEBUG: http://localhost:61702 "POST /session/d3e2dc8fd181276e7adc38a949a985ea/element HTTP/1.1" 404 0
2025-12-03 07:57:31 [selenium.webdriver.remote.remote_connection] DEBUG: Remote response: status=404 | data={"value":{"error":"no such element","message":"no such element: Unable to locate element: {\"method\":\"css selector\",\"selector\":\"h3.title, .view_title\"}\n  (Session info: chrome=142.0.7444.176)","stacktrace":"0   chromedriver                        0x00000001007d2ecc cxxbridge1$str$ptr + 2941512\n1   chromedriver                        0x00000001007cab88 cxxbridge1$str$ptr + 2907908\n2   chromedriver                        0x00000001002e22b0 _RNvCsgXDX2mvAJAg_7___rustc35___rust_no_alloc_shim_is_unstable_v2 + 74020\n3   chromedriver                        0x000000010032988c _RNvCsgXDX2mvAJAg_7___rustc35___rust_no_alloc_shim_is_unstable_v2 + 366336\n4   chromedriver                        0x000000010036ad54 _RNvCsgXDX2mvAJAg_7___rustc35___rust_no_alloc_shim_is_unstable_v2 + 633800\n5   chromedriver                        0x000000010031def0 _RNvCsgXDX2mvAJAg_7___rustc35___rust_no_alloc_shim_is_unstable_v2 + 318820\n6   chromedriver                        0x00000001007960c8 cxxbridge1$str$ptr + 2692164\n7   chromedriver                        0x00000001007998dc cxxbridge1$str$ptr + 2706520\n8   chromedriver                        0x000000010077684c cxxbridge1$str$ptr + 2563016\n9   chromedriver                        0x000000010079a1b4 cxxbridge1$str$ptr + 2708784\n10  chromedriver                        0x00000001007680f4 cxxbridge1$str$ptr + 2503792\n11  chromedriver                        0x00000001007b9498 cxxbridge1$str$ptr + 2836500\n12  chromedriver                        0x00000001007b961c cxxbridge1$str$ptr + 2836888\n13  chromedriver                        0x00000001007ca7d8 cxxbridge1$str$ptr + 2906964\n14  libsystem_pthread.dylib             0x0000000187809f94 _pthread_start + 136\n15  libsystem_pthread.dylib             0x0000000187804d34 thread_start + 8\n"}} | headers=HTTPHeaderDict({'Content-Length': '1805', 'Content-Type': 'application/json; charset=utf-8', 'cache-control': 'no-cache'})
2025-12-03 07:57:31 [selenium.webdriver.remote.remote_connection] DEBUG: Finished Request
2025-12-03 07:57:31 [dorm] ERROR: Error parsing https://dorm.chungbuk.ac.kr/home/sub.php?menukey=20039&mod=view&no=454178499&listCnt=20: Message: no such element: Unable to locate element: {"method":"css selector","selector":"h3.title, .view_title"}
  (Session info: chrome=142.0.7444.176); For documentation on this error, please visit: https://www.selenium.dev/documentation/webdriver/troubleshooting/errors#nosuchelementexception
Stacktrace:
0   chromedriver                        0x00000001007d2ecc cxxbridge1$str$ptr + 2941512
1   chromedriver                        0x00000001007cab88 cxxbridge1$str$ptr + 2907908
2   chromedriver                        0x00000001002e22b0 _RNvCsgXDX2mvAJAg_7___rustc35___rust_no_alloc_shim_is_unstable_v2 + 74020
3   chromedriver                        0x000000010032988c _RNvCsgXDX2mvAJAg_7___rustc35___rust_no_alloc_shim_is_unstable_v2 + 366336
4   chromedriver                        0x000000010036ad54 _RNvCsgXDX2mvAJAg_7___rustc35___rust_no_alloc_shim_is_unstable_v2 + 633800
5   chromedriver                        0x000000010031def0 _RNvCsgXDX2mvAJAg_7___rustc35___rust_no_alloc_shim_is_unstable_v2 + 318820
6   chromedriver                        0x00000001007960c8 cxxbridge1$str$ptr + 2692164
7   chromedriver                        0x00000001007998dc cxxbridge1$str$ptr + 2706520
8   chromedriver                        0x000000010077684c cxxbridge1$str$ptr + 2563016
9   chromedriver                        0x000000010079a1b4 cxxbridge1$str$ptr + 2708784
10  chromedriver                        0x00000001007680f4 cxxbridge1$str$ptr + 2503792
11  chromedriver                        0x00000001007b9498 cxxbridge1$str$ptr + 2836500
12  chromedriver                        0x00000001007b961c cxxbridge1$str$ptr + 2836888
13  chromedriver                        0x00000001007ca7d8 cxxbridge1$str$ptr + 2906964
14  libsystem_pthread.dylib             0x0000000187809f94 _pthread_start + 136
15  libsystem_pthread.dylib             0x0000000187804d34 thread_start + 8

2025-12-03 07:57:31 [scrapy.core.engine] DEBUG: Crawled (200) <GET https://dorm.chungbuk.ac.kr/home/sub.php?menukey=20039&mod=view&no=454178619&listCnt=20> (referer: https://dorm.chungbuk.ac.kr/home/sub.php?menukey=20039)
2025-12-03 07:57:31 [selenium.webdriver.remote.remote_connection] DEBUG: POST http://localhost:61702/session/d3e2dc8fd181276e7adc38a949a985ea/url {'url': 'https://dorm.chungbuk.ac.kr/home/sub.php?menukey=20039&mod=view&no=454178619&listCnt=20'}
2025-12-03 07:57:31 [urllib3.connectionpool] DEBUG: http://localhost:61702 "POST /session/d3e2dc8fd181276e7adc38a949a985ea/url HTTP/1.1" 200 0
2025-12-03 07:57:31 [selenium.webdriver.remote.remote_connection] DEBUG: Remote response: status=200 | data={"value":null} | headers=HTTPHeaderDict({'Content-Length': '14', 'Content-Type': 'application/json; charset=utf-8', 'cache-control': 'no-cache'})
2025-12-03 07:57:31 [selenium.webdriver.remote.remote_connection] DEBUG: Finished Request
2025-12-03 07:57:32 [selenium.webdriver.remote.remote_connection] DEBUG: POST http://localhost:61702/session/d3e2dc8fd181276e7adc38a949a985ea/element {'using': 'css selector', 'value': 'h3.title, .view_title'}
2025-12-03 07:57:32 [urllib3.connectionpool] DEBUG: http://localhost:61702 "POST /session/d3e2dc8fd181276e7adc38a949a985ea/element HTTP/1.1" 404 0
2025-12-03 07:57:32 [selenium.webdriver.remote.remote_connection] DEBUG: Remote response: status=404 | data={"value":{"error":"no such element","message":"no such element: Unable to locate element: {\"method\":\"css selector\",\"selector\":\"h3.title, .view_title\"}\n  (Session info: chrome=142.0.7444.176)","stacktrace":"0   chromedriver                        0x00000001007d2ecc cxxbridge1$str$ptr + 2941512\n1   chromedriver                        0x00000001007cab88 cxxbridge1$str$ptr + 2907908\n2   chromedriver                        0x00000001002e22b0 _RNvCsgXDX2mvAJAg_7___rustc35___rust_no_alloc_shim_is_unstable_v2 + 74020\n3   chromedriver                        0x000000010032988c _RNvCsgXDX2mvAJAg_7___rustc35___rust_no_alloc_shim_is_unstable_v2 + 366336\n4   chromedriver                        0x000000010036ad54 _RNvCsgXDX2mvAJAg_7___rustc35___rust_no_alloc_shim_is_unstable_v2 + 633800\n5   chromedriver                        0x000000010031def0 _RNvCsgXDX2mvAJAg_7___rustc35___rust_no_alloc_shim_is_unstable_v2 + 318820\n6   chromedriver                        0x00000001007960c8 cxxbridge1$str$ptr + 2692164\n7   chromedriver                        0x00000001007998dc cxxbridge1$str$ptr + 2706520\n8   chromedriver                        0x000000010077684c cxxbridge1$str$ptr + 2563016\n9   chromedriver                        0x000000010079a1b4 cxxbridge1$str$ptr + 2708784\n10  chromedriver                        0x00000001007680f4 cxxbridge1$str$ptr + 2503792\n11  chromedriver                        0x00000001007b9498 cxxbridge1$str$ptr + 2836500\n12  chromedriver                        0x00000001007b961c cxxbridge1$str$ptr + 2836888\n13  chromedriver                        0x00000001007ca7d8 cxxbridge1$str$ptr + 2906964\n14  libsystem_pthread.dylib             0x0000000187809f94 _pthread_start + 136\n15  libsystem_pthread.dylib             0x0000000187804d34 thread_start + 8\n"}} | headers=HTTPHeaderDict({'Content-Length': '1805', 'Content-Type': 'application/json; charset=utf-8', 'cache-control': 'no-cache'})
2025-12-03 07:57:32 [selenium.webdriver.remote.remote_connection] DEBUG: Finished Request
2025-12-03 07:57:32 [dorm] ERROR: Error parsing https://dorm.chungbuk.ac.kr/home/sub.php?menukey=20039&mod=view&no=454178619&listCnt=20: Message: no such element: Unable to locate element: {"method":"css selector","selector":"h3.title, .view_title"}
  (Session info: chrome=142.0.7444.176); For documentation on this error, please visit: https://www.selenium.dev/documentation/webdriver/troubleshooting/errors#nosuchelementexception
Stacktrace:
0   chromedriver                        0x00000001007d2ecc cxxbridge1$str$ptr + 2941512
1   chromedriver                        0x00000001007cab88 cxxbridge1$str$ptr + 2907908
2   chromedriver                        0x00000001002e22b0 _RNvCsgXDX2mvAJAg_7___rustc35___rust_no_alloc_shim_is_unstable_v2 + 74020
3   chromedriver                        0x000000010032988c _RNvCsgXDX2mvAJAg_7___rustc35___rust_no_alloc_shim_is_unstable_v2 + 366336
4   chromedriver                        0x000000010036ad54 _RNvCsgXDX2mvAJAg_7___rustc35___rust_no_alloc_shim_is_unstable_v2 + 633800
5   chromedriver                        0x000000010031def0 _RNvCsgXDX2mvAJAg_7___rustc35___rust_no_alloc_shim_is_unstable_v2 + 318820
6   chromedriver                        0x00000001007960c8 cxxbridge1$str$ptr + 2692164
7   chromedriver                        0x00000001007998dc cxxbridge1$str$ptr + 2706520
8   chromedriver                        0x000000010077684c cxxbridge1$str$ptr + 2563016
9   chromedriver                        0x000000010079a1b4 cxxbridge1$str$ptr + 2708784
10  chromedriver                        0x00000001007680f4 cxxbridge1$str$ptr + 2503792
11  chromedriver                        0x00000001007b9498 cxxbridge1$str$ptr + 2836500
12  chromedriver                        0x00000001007b961c cxxbridge1$str$ptr + 2836888
13  chromedriver                        0x00000001007ca7d8 cxxbridge1$str$ptr + 2906964
14  libsystem_pthread.dylib             0x0000000187809f94 _pthread_start + 136
15  libsystem_pthread.dylib             0x0000000187804d34 thread_start + 8

2025-12-03 07:57:33 [scrapy.core.engine] DEBUG: Crawled (200) <GET https://dorm.chungbuk.ac.kr/home/sub.php?menukey=20039&mod=view&no=454178632&listCnt=20> (referer: https://dorm.chungbuk.ac.kr/home/sub.php?menukey=20039)
2025-12-03 07:57:33 [selenium.webdriver.remote.remote_connection] DEBUG: POST http://localhost:61702/session/d3e2dc8fd181276e7adc38a949a985ea/url {'url': 'https://dorm.chungbuk.ac.kr/home/sub.php?menukey=20039&mod=view&no=454178632&listCnt=20'}
2025-12-03 07:57:33 [urllib3.connectionpool] DEBUG: http://localhost:61702 "POST /session/d3e2dc8fd181276e7adc38a949a985ea/url HTTP/1.1" 200 0
2025-12-03 07:57:33 [selenium.webdriver.remote.remote_connection] DEBUG: Remote response: status=200 | data={"value":null} | headers=HTTPHeaderDict({'Content-Length': '14', 'Content-Type': 'application/json; charset=utf-8', 'cache-control': 'no-cache'})
2025-12-03 07:57:33 [selenium.webdriver.remote.remote_connection] DEBUG: Finished Request
2025-12-03 07:57:34 [selenium.webdriver.remote.remote_connection] DEBUG: POST http://localhost:61702/session/d3e2dc8fd181276e7adc38a949a985ea/element {'using': 'css selector', 'value': 'h3.title, .view_title'}
2025-12-03 07:57:34 [urllib3.connectionpool] DEBUG: http://localhost:61702 "POST /session/d3e2dc8fd181276e7adc38a949a985ea/element HTTP/1.1" 404 0
2025-12-03 07:57:34 [selenium.webdriver.remote.remote_connection] DEBUG: Remote response: status=404 | data={"value":{"error":"no such element","message":"no such element: Unable to locate element: {\"method\":\"css selector\",\"selector\":\"h3.title, .view_title\"}\n  (Session info: chrome=142.0.7444.176)","stacktrace":"0   chromedriver                        0x00000001007d2ecc cxxbridge1$str$ptr + 2941512\n1   chromedriver                        0x00000001007cab88 cxxbridge1$str$ptr + 2907908\n2   chromedriver                        0x00000001002e22b0 _RNvCsgXDX2mvAJAg_7___rustc35___rust_no_alloc_shim_is_unstable_v2 + 74020\n3   chromedriver                        0x000000010032988c _RNvCsgXDX2mvAJAg_7___rustc35___rust_no_alloc_shim_is_unstable_v2 + 366336\n4   chromedriver                        0x000000010036ad54 _RNvCsgXDX2mvAJAg_7___rustc35___rust_no_alloc_shim_is_unstable_v2 + 633800\n5   chromedriver                        0x000000010031def0 _RNvCsgXDX2mvAJAg_7___rustc35___rust_no_alloc_shim_is_unstable_v2 + 318820\n6   chromedriver                        0x00000001007960c8 cxxbridge1$str$ptr + 2692164\n7   chromedriver                        0x00000001007998dc cxxbridge1$str$ptr + 2706520\n8   chromedriver                        0x000000010077684c cxxbridge1$str$ptr + 2563016\n9   chromedriver                        0x000000010079a1b4 cxxbridge1$str$ptr + 2708784\n10  chromedriver                        0x00000001007680f4 cxxbridge1$str$ptr + 2503792\n11  chromedriver                        0x00000001007b9498 cxxbridge1$str$ptr + 2836500\n12  chromedriver                        0x00000001007b961c cxxbridge1$str$ptr + 2836888\n13  chromedriver                        0x00000001007ca7d8 cxxbridge1$str$ptr + 2906964\n14  libsystem_pthread.dylib             0x0000000187809f94 _pthread_start + 136\n15  libsystem_pthread.dylib             0x0000000187804d34 thread_start + 8\n"}} | headers=HTTPHeaderDict({'Content-Length': '1805', 'Content-Type': 'application/json; charset=utf-8', 'cache-control': 'no-cache'})
2025-12-03 07:57:34 [selenium.webdriver.remote.remote_connection] DEBUG: Finished Request
2025-12-03 07:57:34 [dorm] ERROR: Error parsing https://dorm.chungbuk.ac.kr/home/sub.php?menukey=20039&mod=view&no=454178632&listCnt=20: Message: no such element: Unable to locate element: {"method":"css selector","selector":"h3.title, .view_title"}
  (Session info: chrome=142.0.7444.176); For documentation on this error, please visit: https://www.selenium.dev/documentation/webdriver/troubleshooting/errors#nosuchelementexception
Stacktrace:
0   chromedriver                        0x00000001007d2ecc cxxbridge1$str$ptr + 2941512
1   chromedriver                        0x00000001007cab88 cxxbridge1$str$ptr + 2907908
2   chromedriver                        0x00000001002e22b0 _RNvCsgXDX2mvAJAg_7___rustc35___rust_no_alloc_shim_is_unstable_v2 + 74020
3   chromedriver                        0x000000010032988c _RNvCsgXDX2mvAJAg_7___rustc35___rust_no_alloc_shim_is_unstable_v2 + 366336
4   chromedriver                        0x000000010036ad54 _RNvCsgXDX2mvAJAg_7___rustc35___rust_no_alloc_shim_is_unstable_v2 + 633800
5   chromedriver                        0x000000010031def0 _RNvCsgXDX2mvAJAg_7___rustc35___rust_no_alloc_shim_is_unstable_v2 + 318820
6   chromedriver                        0x00000001007960c8 cxxbridge1$str$ptr + 2692164
7   chromedriver                        0x00000001007998dc cxxbridge1$str$ptr + 2706520
8   chromedriver                        0x000000010077684c cxxbridge1$str$ptr + 2563016
9   chromedriver                        0x000000010079a1b4 cxxbridge1$str$ptr + 2708784
10  chromedriver                        0x00000001007680f4 cxxbridge1$str$ptr + 2503792
11  chromedriver                        0x00000001007b9498 cxxbridge1$str$ptr + 2836500
12  chromedriver                        0x00000001007b961c cxxbridge1$str$ptr + 2836888
13  chromedriver                        0x00000001007ca7d8 cxxbridge1$str$ptr + 2906964
14  libsystem_pthread.dylib             0x0000000187809f94 _pthread_start + 136
15  libsystem_pthread.dylib             0x0000000187804d34 thread_start + 8

2025-12-03 07:57:35 [scrapy.core.engine] DEBUG: Crawled (200) <GET https://dorm.chungbuk.ac.kr/home/sub.php?menukey=20039&mod=view&no=454178726&listCnt=20> (referer: https://dorm.chungbuk.ac.kr/home/sub.php?menukey=20039)
2025-12-03 07:57:35 [selenium.webdriver.remote.remote_connection] DEBUG: POST http://localhost:61702/session/d3e2dc8fd181276e7adc38a949a985ea/url {'url': 'https://dorm.chungbuk.ac.kr/home/sub.php?menukey=20039&mod=view&no=454178726&listCnt=20'}
2025-12-03 07:57:35 [urllib3.connectionpool] DEBUG: http://localhost:61702 "POST /session/d3e2dc8fd181276e7adc38a949a985ea/url HTTP/1.1" 200 0
2025-12-03 07:57:35 [selenium.webdriver.remote.remote_connection] DEBUG: Remote response: status=200 | data={"value":null} | headers=HTTPHeaderDict({'Content-Length': '14', 'Content-Type': 'application/json; charset=utf-8', 'cache-control': 'no-cache'})
2025-12-03 07:57:35 [selenium.webdriver.remote.remote_connection] DEBUG: Finished Request
2025-12-03 07:57:36 [selenium.webdriver.remote.remote_connection] DEBUG: POST http://localhost:61702/session/d3e2dc8fd181276e7adc38a949a985ea/element {'using': 'css selector', 'value': 'h3.title, .view_title'}
2025-12-03 07:57:36 [urllib3.connectionpool] DEBUG: http://localhost:61702 "POST /session/d3e2dc8fd181276e7adc38a949a985ea/element HTTP/1.1" 404 0
2025-12-03 07:57:36 [selenium.webdriver.remote.remote_connection] DEBUG: Remote response: status=404 | data={"value":{"error":"no such element","message":"no such element: Unable to locate element: {\"method\":\"css selector\",\"selector\":\"h3.title, .view_title\"}\n  (Session info: chrome=142.0.7444.176)","stacktrace":"0   chromedriver                        0x00000001007d2ecc cxxbridge1$str$ptr + 2941512\n1   chromedriver                        0x00000001007cab88 cxxbridge1$str$ptr + 2907908\n2   chromedriver                        0x00000001002e22b0 _RNvCsgXDX2mvAJAg_7___rustc35___rust_no_alloc_shim_is_unstable_v2 + 74020\n3   chromedriver                        0x000000010032988c _RNvCsgXDX2mvAJAg_7___rustc35___rust_no_alloc_shim_is_unstable_v2 + 366336\n4   chromedriver                        0x000000010036ad54 _RNvCsgXDX2mvAJAg_7___rustc35___rust_no_alloc_shim_is_unstable_v2 + 633800\n5   chromedriver                        0x000000010031def0 _RNvCsgXDX2mvAJAg_7___rustc35___rust_no_alloc_shim_is_unstable_v2 + 318820\n6   chromedriver                        0x00000001007960c8 cxxbridge1$str$ptr + 2692164\n7   chromedriver                        0x00000001007998dc cxxbridge1$str$ptr + 2706520\n8   chromedriver                        0x000000010077684c cxxbridge1$str$ptr + 2563016\n9   chromedriver                        0x000000010079a1b4 cxxbridge1$str$ptr + 2708784\n10  chromedriver                        0x00000001007680f4 cxxbridge1$str$ptr + 2503792\n11  chromedriver                        0x00000001007b9498 cxxbridge1$str$ptr + 2836500\n12  chromedriver                        0x00000001007b961c cxxbridge1$str$ptr + 2836888\n13  chromedriver                        0x00000001007ca7d8 cxxbridge1$str$ptr + 2906964\n14  libsystem_pthread.dylib             0x0000000187809f94 _pthread_start + 136\n15  libsystem_pthread.dylib             0x0000000187804d34 thread_start + 8\n"}} | headers=HTTPHeaderDict({'Content-Length': '1805', 'Content-Type': 'application/json; charset=utf-8', 'cache-control': 'no-cache'})
2025-12-03 07:57:36 [selenium.webdriver.remote.remote_connection] DEBUG: Finished Request
2025-12-03 07:57:36 [dorm] ERROR: Error parsing https://dorm.chungbuk.ac.kr/home/sub.php?menukey=20039&mod=view&no=454178726&listCnt=20: Message: no such element: Unable to locate element: {"method":"css selector","selector":"h3.title, .view_title"}
  (Session info: chrome=142.0.7444.176); For documentation on this error, please visit: https://www.selenium.dev/documentation/webdriver/troubleshooting/errors#nosuchelementexception
Stacktrace:
0   chromedriver                        0x00000001007d2ecc cxxbridge1$str$ptr + 2941512
1   chromedriver                        0x00000001007cab88 cxxbridge1$str$ptr + 2907908
2   chromedriver                        0x00000001002e22b0 _RNvCsgXDX2mvAJAg_7___rustc35___rust_no_alloc_shim_is_unstable_v2 + 74020
3   chromedriver                        0x000000010032988c _RNvCsgXDX2mvAJAg_7___rustc35___rust_no_alloc_shim_is_unstable_v2 + 366336
4   chromedriver                        0x000000010036ad54 _RNvCsgXDX2mvAJAg_7___rustc35___rust_no_alloc_shim_is_unstable_v2 + 633800
5   chromedriver                        0x000000010031def0 _RNvCsgXDX2mvAJAg_7___rustc35___rust_no_alloc_shim_is_unstable_v2 + 318820
6   chromedriver                        0x00000001007960c8 cxxbridge1$str$ptr + 2692164
7   chromedriver                        0x00000001007998dc cxxbridge1$str$ptr + 2706520
8   chromedriver                        0x000000010077684c cxxbridge1$str$ptr + 2563016
9   chromedriver                        0x000000010079a1b4 cxxbridge1$str$ptr + 2708784
10  chromedriver                        0x00000001007680f4 cxxbridge1$str$ptr + 2503792
11  chromedriver                        0x00000001007b9498 cxxbridge1$str$ptr + 2836500
12  chromedriver                        0x00000001007b961c cxxbridge1$str$ptr + 2836888
13  chromedriver                        0x00000001007ca7d8 cxxbridge1$str$ptr + 2906964
14  libsystem_pthread.dylib             0x0000000187809f94 _pthread_start + 136
15  libsystem_pthread.dylib             0x0000000187804d34 thread_start + 8

2025-12-03 07:57:37 [scrapy.core.engine] DEBUG: Crawled (200) <GET https://dorm.chungbuk.ac.kr/home/sub.php?menukey=20039&mod=view&no=454178748&listCnt=20> (referer: https://dorm.chungbuk.ac.kr/home/sub.php?menukey=20039)
2025-12-03 07:57:37 [selenium.webdriver.remote.remote_connection] DEBUG: POST http://localhost:61702/session/d3e2dc8fd181276e7adc38a949a985ea/url {'url': 'https://dorm.chungbuk.ac.kr/home/sub.php?menukey=20039&mod=view&no=454178748&listCnt=20'}
2025-12-03 07:57:37 [urllib3.connectionpool] DEBUG: http://localhost:61702 "POST /session/d3e2dc8fd181276e7adc38a949a985ea/url HTTP/1.1" 200 0
2025-12-03 07:57:37 [selenium.webdriver.remote.remote_connection] DEBUG: Remote response: status=200 | data={"value":null} | headers=HTTPHeaderDict({'Content-Length': '14', 'Content-Type': 'application/json; charset=utf-8', 'cache-control': 'no-cache'})
2025-12-03 07:57:37 [selenium.webdriver.remote.remote_connection] DEBUG: Finished Request
2025-12-03 07:57:38 [selenium.webdriver.remote.remote_connection] DEBUG: POST http://localhost:61702/session/d3e2dc8fd181276e7adc38a949a985ea/element {'using': 'css selector', 'value': 'h3.title, .view_title'}
2025-12-03 07:57:38 [urllib3.connectionpool] DEBUG: http://localhost:61702 "POST /session/d3e2dc8fd181276e7adc38a949a985ea/element HTTP/1.1" 404 0
2025-12-03 07:57:38 [selenium.webdriver.remote.remote_connection] DEBUG: Remote response: status=404 | data={"value":{"error":"no such element","message":"no such element: Unable to locate element: {\"method\":\"css selector\",\"selector\":\"h3.title, .view_title\"}\n  (Session info: chrome=142.0.7444.176)","stacktrace":"0   chromedriver                        0x00000001007d2ecc cxxbridge1$str$ptr + 2941512\n1   chromedriver                        0x00000001007cab88 cxxbridge1$str$ptr + 2907908\n2   chromedriver                        0x00000001002e22b0 _RNvCsgXDX2mvAJAg_7___rustc35___rust_no_alloc_shim_is_unstable_v2 + 74020\n3   chromedriver                        0x000000010032988c _RNvCsgXDX2mvAJAg_7___rustc35___rust_no_alloc_shim_is_unstable_v2 + 366336\n4   chromedriver                        0x000000010036ad54 _RNvCsgXDX2mvAJAg_7___rustc35___rust_no_alloc_shim_is_unstable_v2 + 633800\n5   chromedriver                        0x000000010031def0 _RNvCsgXDX2mvAJAg_7___rustc35___rust_no_alloc_shim_is_unstable_v2 + 318820\n6   chromedriver                        0x00000001007960c8 cxxbridge1$str$ptr + 2692164\n7   chromedriver                        0x00000001007998dc cxxbridge1$str$ptr + 2706520\n8   chromedriver                        0x000000010077684c cxxbridge1$str$ptr + 2563016\n9   chromedriver                        0x000000010079a1b4 cxxbridge1$str$ptr + 2708784\n10  chromedriver                        0x00000001007680f4 cxxbridge1$str$ptr + 2503792\n11  chromedriver                        0x00000001007b9498 cxxbridge1$str$ptr + 2836500\n12  chromedriver                        0x00000001007b961c cxxbridge1$str$ptr + 2836888\n13  chromedriver                        0x00000001007ca7d8 cxxbridge1$str$ptr + 2906964\n14  libsystem_pthread.dylib             0x0000000187809f94 _pthread_start + 136\n15  libsystem_pthread.dylib             0x0000000187804d34 thread_start + 8\n"}} | headers=HTTPHeaderDict({'Content-Length': '1805', 'Content-Type': 'application/json; charset=utf-8', 'cache-control': 'no-cache'})
2025-12-03 07:57:38 [selenium.webdriver.remote.remote_connection] DEBUG: Finished Request
2025-12-03 07:57:38 [dorm] ERROR: Error parsing https://dorm.chungbuk.ac.kr/home/sub.php?menukey=20039&mod=view&no=454178748&listCnt=20: Message: no such element: Unable to locate element: {"method":"css selector","selector":"h3.title, .view_title"}
  (Session info: chrome=142.0.7444.176); For documentation on this error, please visit: https://www.selenium.dev/documentation/webdriver/troubleshooting/errors#nosuchelementexception
Stacktrace:
0   chromedriver                        0x00000001007d2ecc cxxbridge1$str$ptr + 2941512
1   chromedriver                        0x00000001007cab88 cxxbridge1$str$ptr + 2907908
2   chromedriver                        0x00000001002e22b0 _RNvCsgXDX2mvAJAg_7___rustc35___rust_no_alloc_shim_is_unstable_v2 + 74020
3   chromedriver                        0x000000010032988c _RNvCsgXDX2mvAJAg_7___rustc35___rust_no_alloc_shim_is_unstable_v2 + 366336
4   chromedriver                        0x000000010036ad54 _RNvCsgXDX2mvAJAg_7___rustc35___rust_no_alloc_shim_is_unstable_v2 + 633800
5   chromedriver                        0x000000010031def0 _RNvCsgXDX2mvAJAg_7___rustc35___rust_no_alloc_shim_is_unstable_v2 + 318820
6   chromedriver                        0x00000001007960c8 cxxbridge1$str$ptr + 2692164
7   chromedriver                        0x00000001007998dc cxxbridge1$str$ptr + 2706520
8   chromedriver                        0x000000010077684c cxxbridge1$str$ptr + 2563016
9   chromedriver                        0x000000010079a1b4 cxxbridge1$str$ptr + 2708784
10  chromedriver                        0x00000001007680f4 cxxbridge1$str$ptr + 2503792
11  chromedriver                        0x00000001007b9498 cxxbridge1$str$ptr + 2836500
12  chromedriver                        0x00000001007b961c cxxbridge1$str$ptr + 2836888
13  chromedriver                        0x00000001007ca7d8 cxxbridge1$str$ptr + 2906964
14  libsystem_pthread.dylib             0x0000000187809f94 _pthread_start + 136
15  libsystem_pthread.dylib             0x0000000187804d34 thread_start + 8

2025-12-03 07:57:38 [scrapy.core.engine] DEBUG: Crawled (200) <GET https://dorm.chungbuk.ac.kr/home/sub.php?menukey=20039&mod=view&no=454178809&listCnt=20> (referer: https://dorm.chungbuk.ac.kr/home/sub.php?menukey=20039)
2025-12-03 07:57:38 [selenium.webdriver.remote.remote_connection] DEBUG: POST http://localhost:61702/session/d3e2dc8fd181276e7adc38a949a985ea/url {'url': 'https://dorm.chungbuk.ac.kr/home/sub.php?menukey=20039&mod=view&no=454178809&listCnt=20'}
2025-12-03 07:57:38 [urllib3.connectionpool] DEBUG: http://localhost:61702 "POST /session/d3e2dc8fd181276e7adc38a949a985ea/url HTTP/1.1" 200 0
2025-12-03 07:57:38 [selenium.webdriver.remote.remote_connection] DEBUG: Remote response: status=200 | data={"value":null} | headers=HTTPHeaderDict({'Content-Length': '14', 'Content-Type': 'application/json; charset=utf-8', 'cache-control': 'no-cache'})
2025-12-03 07:57:38 [selenium.webdriver.remote.remote_connection] DEBUG: Finished Request
2025-12-03 07:57:39 [selenium.webdriver.remote.remote_connection] DEBUG: POST http://localhost:61702/session/d3e2dc8fd181276e7adc38a949a985ea/element {'using': 'css selector', 'value': 'h3.title, .view_title'}
2025-12-03 07:57:39 [urllib3.connectionpool] DEBUG: http://localhost:61702 "POST /session/d3e2dc8fd181276e7adc38a949a985ea/element HTTP/1.1" 404 0
2025-12-03 07:57:39 [selenium.webdriver.remote.remote_connection] DEBUG: Remote response: status=404 | data={"value":{"error":"no such element","message":"no such element: Unable to locate element: {\"method\":\"css selector\",\"selector\":\"h3.title, .view_title\"}\n  (Session info: chrome=142.0.7444.176)","stacktrace":"0   chromedriver                        0x00000001007d2ecc cxxbridge1$str$ptr + 2941512\n1   chromedriver                        0x00000001007cab88 cxxbridge1$str$ptr + 2907908\n2   chromedriver                        0x00000001002e22b0 _RNvCsgXDX2mvAJAg_7___rustc35___rust_no_alloc_shim_is_unstable_v2 + 74020\n3   chromedriver                        0x000000010032988c _RNvCsgXDX2mvAJAg_7___rustc35___rust_no_alloc_shim_is_unstable_v2 + 366336\n4   chromedriver                        0x000000010036ad54 _RNvCsgXDX2mvAJAg_7___rustc35___rust_no_alloc_shim_is_unstable_v2 + 633800\n5   chromedriver                        0x000000010031def0 _RNvCsgXDX2mvAJAg_7___rustc35___rust_no_alloc_shim_is_unstable_v2 + 318820\n6   chromedriver                        0x00000001007960c8 cxxbridge1$str$ptr + 2692164\n7   chromedriver                        0x00000001007998dc cxxbridge1$str$ptr + 2706520\n8   chromedriver                        0x000000010077684c cxxbridge1$str$ptr + 2563016\n9   chromedriver                        0x000000010079a1b4 cxxbridge1$str$ptr + 2708784\n10  chromedriver                        0x00000001007680f4 cxxbridge1$str$ptr + 2503792\n11  chromedriver                        0x00000001007b9498 cxxbridge1$str$ptr + 2836500\n12  chromedriver                        0x00000001007b961c cxxbridge1$str$ptr + 2836888\n13  chromedriver                        0x00000001007ca7d8 cxxbridge1$str$ptr + 2906964\n14  libsystem_pthread.dylib             0x0000000187809f94 _pthread_start + 136\n15  libsystem_pthread.dylib             0x0000000187804d34 thread_start + 8\n"}} | headers=HTTPHeaderDict({'Content-Length': '1805', 'Content-Type': 'application/json; charset=utf-8', 'cache-control': 'no-cache'})
2025-12-03 07:57:39 [selenium.webdriver.remote.remote_connection] DEBUG: Finished Request
2025-12-03 07:57:39 [dorm] ERROR: Error parsing https://dorm.chungbuk.ac.kr/home/sub.php?menukey=20039&mod=view&no=454178809&listCnt=20: Message: no such element: Unable to locate element: {"method":"css selector","selector":"h3.title, .view_title"}
  (Session info: chrome=142.0.7444.176); For documentation on this error, please visit: https://www.selenium.dev/documentation/webdriver/troubleshooting/errors#nosuchelementexception
Stacktrace:
0   chromedriver                        0x00000001007d2ecc cxxbridge1$str$ptr + 2941512
1   chromedriver                        0x00000001007cab88 cxxbridge1$str$ptr + 2907908
2   chromedriver                        0x00000001002e22b0 _RNvCsgXDX2mvAJAg_7___rustc35___rust_no_alloc_shim_is_unstable_v2 + 74020
3   chromedriver                        0x000000010032988c _RNvCsgXDX2mvAJAg_7___rustc35___rust_no_alloc_shim_is_unstable_v2 + 366336
4   chromedriver                        0x000000010036ad54 _RNvCsgXDX2mvAJAg_7___rustc35___rust_no_alloc_shim_is_unstable_v2 + 633800
5   chromedriver                        0x000000010031def0 _RNvCsgXDX2mvAJAg_7___rustc35___rust_no_alloc_shim_is_unstable_v2 + 318820
6   chromedriver                        0x00000001007960c8 cxxbridge1$str$ptr + 2692164
7   chromedriver                        0x00000001007998dc cxxbridge1$str$ptr + 2706520
8   chromedriver                        0x000000010077684c cxxbridge1$str$ptr + 2563016
9   chromedriver                        0x000000010079a1b4 cxxbridge1$str$ptr + 2708784
10  chromedriver                        0x00000001007680f4 cxxbridge1$str$ptr + 2503792
11  chromedriver                        0x00000001007b9498 cxxbridge1$str$ptr + 2836500
12  chromedriver                        0x00000001007b961c cxxbridge1$str$ptr + 2836888
13  chromedriver                        0x00000001007ca7d8 cxxbridge1$str$ptr + 2906964
14  libsystem_pthread.dylib             0x0000000187809f94 _pthread_start + 136
15  libsystem_pthread.dylib             0x0000000187804d34 thread_start + 8

2025-12-03 07:57:40 [scrapy.core.engine] DEBUG: Crawled (200) <GET https://dorm.chungbuk.ac.kr/home/sub.php?menukey=20039&mod=view&no=454178810&listCnt=20> (referer: https://dorm.chungbuk.ac.kr/home/sub.php?menukey=20039)
2025-12-03 07:57:40 [selenium.webdriver.remote.remote_connection] DEBUG: POST http://localhost:61702/session/d3e2dc8fd181276e7adc38a949a985ea/url {'url': 'https://dorm.chungbuk.ac.kr/home/sub.php?menukey=20039&mod=view&no=454178810&listCnt=20'}
2025-12-03 07:57:41 [urllib3.connectionpool] DEBUG: http://localhost:61702 "POST /session/d3e2dc8fd181276e7adc38a949a985ea/url HTTP/1.1" 200 0
2025-12-03 07:57:41 [selenium.webdriver.remote.remote_connection] DEBUG: Remote response: status=200 | data={"value":null} | headers=HTTPHeaderDict({'Content-Length': '14', 'Content-Type': 'application/json; charset=utf-8', 'cache-control': 'no-cache'})
2025-12-03 07:57:41 [selenium.webdriver.remote.remote_connection] DEBUG: Finished Request
2025-12-03 07:57:42 [selenium.webdriver.remote.remote_connection] DEBUG: POST http://localhost:61702/session/d3e2dc8fd181276e7adc38a949a985ea/element {'using': 'css selector', 'value': 'h3.title, .view_title'}
2025-12-03 07:57:42 [urllib3.connectionpool] DEBUG: http://localhost:61702 "POST /session/d3e2dc8fd181276e7adc38a949a985ea/element HTTP/1.1" 404 0
2025-12-03 07:57:42 [selenium.webdriver.remote.remote_connection] DEBUG: Remote response: status=404 | data={"value":{"error":"no such element","message":"no such element: Unable to locate element: {\"method\":\"css selector\",\"selector\":\"h3.title, .view_title\"}\n  (Session info: chrome=142.0.7444.176)","stacktrace":"0   chromedriver                        0x00000001007d2ecc cxxbridge1$str$ptr + 2941512\n1   chromedriver                        0x00000001007cab88 cxxbridge1$str$ptr + 2907908\n2   chromedriver                        0x00000001002e22b0 _RNvCsgXDX2mvAJAg_7___rustc35___rust_no_alloc_shim_is_unstable_v2 + 74020\n3   chromedriver                        0x000000010032988c _RNvCsgXDX2mvAJAg_7___rustc35___rust_no_alloc_shim_is_unstable_v2 + 366336\n4   chromedriver                        0x000000010036ad54 _RNvCsgXDX2mvAJAg_7___rustc35___rust_no_alloc_shim_is_unstable_v2 + 633800\n5   chromedriver                        0x000000010031def0 _RNvCsgXDX2mvAJAg_7___rustc35___rust_no_alloc_shim_is_unstable_v2 + 318820\n6   chromedriver                        0x00000001007960c8 cxxbridge1$str$ptr + 2692164\n7   chromedriver                        0x00000001007998dc cxxbridge1$str$ptr + 2706520\n8   chromedriver                        0x000000010077684c cxxbridge1$str$ptr + 2563016\n9   chromedriver                        0x000000010079a1b4 cxxbridge1$str$ptr + 2708784\n10  chromedriver                        0x00000001007680f4 cxxbridge1$str$ptr + 2503792\n11  chromedriver                        0x00000001007b9498 cxxbridge1$str$ptr + 2836500\n12  chromedriver                        0x00000001007b961c cxxbridge1$str$ptr + 2836888\n13  chromedriver                        0x00000001007ca7d8 cxxbridge1$str$ptr + 2906964\n14  libsystem_pthread.dylib             0x0000000187809f94 _pthread_start + 136\n15  libsystem_pthread.dylib             0x0000000187804d34 thread_start + 8\n"}} | headers=HTTPHeaderDict({'Content-Length': '1805', 'Content-Type': 'application/json; charset=utf-8', 'cache-control': 'no-cache'})
2025-12-03 07:57:42 [selenium.webdriver.remote.remote_connection] DEBUG: Finished Request
2025-12-03 07:57:42 [dorm] ERROR: Error parsing https://dorm.chungbuk.ac.kr/home/sub.php?menukey=20039&mod=view&no=454178810&listCnt=20: Message: no such element: Unable to locate element: {"method":"css selector","selector":"h3.title, .view_title"}
  (Session info: chrome=142.0.7444.176); For documentation on this error, please visit: https://www.selenium.dev/documentation/webdriver/troubleshooting/errors#nosuchelementexception
Stacktrace:
0   chromedriver                        0x00000001007d2ecc cxxbridge1$str$ptr + 2941512
1   chromedriver                        0x00000001007cab88 cxxbridge1$str$ptr + 2907908
2   chromedriver                        0x00000001002e22b0 _RNvCsgXDX2mvAJAg_7___rustc35___rust_no_alloc_shim_is_unstable_v2 + 74020
3   chromedriver                        0x000000010032988c _RNvCsgXDX2mvAJAg_7___rustc35___rust_no_alloc_shim_is_unstable_v2 + 366336
4   chromedriver                        0x000000010036ad54 _RNvCsgXDX2mvAJAg_7___rustc35___rust_no_alloc_shim_is_unstable_v2 + 633800
5   chromedriver                        0x000000010031def0 _RNvCsgXDX2mvAJAg_7___rustc35___rust_no_alloc_shim_is_unstable_v2 + 318820
6   chromedriver                        0x00000001007960c8 cxxbridge1$str$ptr + 2692164
7   chromedriver                        0x00000001007998dc cxxbridge1$str$ptr + 2706520
8   chromedriver                        0x000000010077684c cxxbridge1$str$ptr + 2563016
9   chromedriver                        0x000000010079a1b4 cxxbridge1$str$ptr + 2708784
10  chromedriver                        0x00000001007680f4 cxxbridge1$str$ptr + 2503792
11  chromedriver                        0x00000001007b9498 cxxbridge1$str$ptr + 2836500
12  chromedriver                        0x00000001007b961c cxxbridge1$str$ptr + 2836888
13  chromedriver                        0x00000001007ca7d8 cxxbridge1$str$ptr + 2906964
14  libsystem_pthread.dylib             0x0000000187809f94 _pthread_start + 136
15  libsystem_pthread.dylib             0x0000000187804d34 thread_start + 8

2025-12-03 07:57:42 [scrapy.core.engine] INFO: Closing spider (finished)
2025-12-03 07:57:42 [selenium.webdriver.remote.remote_connection] DEBUG: DELETE http://localhost:61702/session/d3e2dc8fd181276e7adc38a949a985ea {}
2025-12-03 07:57:42 [urllib3.connectionpool] DEBUG: http://localhost:61702 "DELETE /session/d3e2dc8fd181276e7adc38a949a985ea HTTP/1.1" 200 0
2025-12-03 07:57:42 [selenium.webdriver.remote.remote_connection] DEBUG: Remote response: status=200 | data={"value":null} | headers=HTTPHeaderDict({'Content-Length': '14', 'Content-Type': 'application/json; charset=utf-8', 'cache-control': 'no-cache'})
2025-12-03 07:57:42 [selenium.webdriver.remote.remote_connection] DEBUG: Finished Request
2025-12-03 07:57:42 [scrapy.statscollectors] INFO: Dumping Scrapy stats:
{'downloader/request_bytes': 7488,
 'downloader/request_count': 16,
 'downloader/request_method_count/GET': 16,
 'downloader/response_bytes': 564785,
 'downloader/response_count': 16,
 'downloader/response_status_count/200': 16,
 'dupefilter/filtered': 15,
 'elapsed_time_seconds': 32.190248,
 'finish_reason': 'finished',
 'finish_time': datetime.datetime(2025, 12, 2, 22, 57, 42, 251134, tzinfo=datetime.timezone.utc),
 'items_per_minute': 0.0,
 'log_count/DEBUG': 528,
 'log_count/ERROR': 15,
 'log_count/INFO': 10,
 'memusage/max': 104251392,
 'memusage/startup': 104251392,
 'request_depth_max': 1,
 'response_received_count': 16,
 'responses_per_minute': 30.0,
 'scheduler/dequeued': 16,
 'scheduler/dequeued/memory': 16,
 'scheduler/enqueued': 16,
 'scheduler/enqueued/memory': 16,
 'start_time': datetime.datetime(2025, 12, 2, 22, 57, 10, 60886, tzinfo=datetime.timezone.utc)}
2025-12-03 07:57:42 [scrapy.core.engine] INFO: Spider closed (finished)
