2025-12-03 07:55:46 [scrapy.utils.log] INFO: Scrapy 2.13.4 started (bot: cbnu_crawler)
2025-12-03 07:55:46 [scrapy.utils.log] INFO: Versions:
{'lxml': '6.0.2',
 'libxml2': '2.14.6',
 'cssselect': '1.3.0',
 'parsel': '1.10.0',
 'w3lib': '2.3.1',
 'Twisted': '25.5.0',
 'Python': '3.11.9 (v3.11.9:de54cf5be3, Apr  2 2024, 07:12:50) [Clang 13.0.0 '
           '(clang-1300.0.29.30)]',
 'pyOpenSSL': '25.3.0 (OpenSSL 3.5.4 30 Sep 2025)',
 'cryptography': '46.0.2',
 'Platform': 'macOS-14.6.1-arm64-arm-64bit'}
2025-12-03 07:55:46 [selenium.webdriver.common.selenium_manager] DEBUG: Selenium Manager binary found at: /Users/sang/SanHark_CBNU/code/backend/cbnu_chatbot/backend/venv/lib/python3.11/site-packages/selenium/webdriver/common/macos/selenium-manager
2025-12-03 07:55:46 [selenium.webdriver.common.selenium_manager] DEBUG: Executing process: /Users/sang/SanHark_CBNU/code/backend/cbnu_chatbot/backend/venv/lib/python3.11/site-packages/selenium/webdriver/common/macos/selenium-manager --browser chrome --language-binding python --output json
2025-12-03 07:55:46 [selenium.webdriver.common.selenium_manager] DEBUG: Driver path: /Users/sang/.cache/selenium/chromedriver/mac-arm64/142.0.7444.175/chromedriver
2025-12-03 07:55:46 [selenium.webdriver.common.selenium_manager] DEBUG: Browser path: /Applications/Google Chrome.app/Contents/MacOS/Google Chrome
2025-12-03 07:55:46 [selenium.webdriver.common.service] DEBUG: Started executable: `/Users/sang/.cache/selenium/chromedriver/mac-arm64/142.0.7444.175/chromedriver` in a child process with pid: 53180 using 0 to output -3
2025-12-03 07:55:46 [selenium.webdriver.remote.remote_connection] DEBUG: POST http://localhost:61666/session {'capabilities': {'firstMatch': [{}], 'alwaysMatch': {'browserName': 'chrome', 'pageLoadStrategy': <PageLoadStrategy.normal: 'normal'>, 'browserVersion': None, 'goog:chromeOptions': {'extensions': [], 'binary': '/Applications/Google Chrome.app/Contents/MacOS/Google Chrome', 'args': ['--headless', '--no-sandbox', '--disable-dev-shm-usage']}}}}
2025-12-03 07:55:46 [urllib3.connectionpool] DEBUG: Starting new HTTP connection (1): localhost:61666
2025-12-03 07:55:46 [urllib3.connectionpool] DEBUG: http://localhost:61666 "POST /session HTTP/1.1" 200 0
2025-12-03 07:55:46 [selenium.webdriver.remote.remote_connection] DEBUG: Remote response: status=200 | data={"value":{"capabilities":{"acceptInsecureCerts":false,"browserName":"chrome","browserVersion":"142.0.7444.176","chrome":{"chromedriverVersion":"142.0.7444.175 (302067f14a4ea3f42001580e6101fa25ed343445-refs/branch-heads/7444@{#2749})","userDataDir":"/var/folders/vy/wp8qqx355xnf9gvdklr6mg9h0000gn/T/.org.chromium.Chromium.scoped_dir.ZwEvmM"},"fedcm:accounts":true,"goog:chromeOptions":{"debuggerAddress":"localhost:61671"},"goog:processID":53181,"networkConnectionEnabled":false,"pageLoadStrategy":"normal","platformName":"mac","proxy":{},"setWindowRect":true,"strictFileInteractability":false,"timeouts":{"implicit":0,"pageLoad":300000,"script":30000},"unhandledPromptBehavior":"dismiss and notify","webauthn:extension:credBlob":true,"webauthn:extension:largeBlob":true,"webauthn:extension:minPinLength":true,"webauthn:extension:prf":true,"webauthn:virtualAuthenticators":true},"sessionId":"b3d1ea40d79140ae4ff71c7dd94cd1cc"}} | headers=HTTPHeaderDict({'Content-Length': '926', 'Content-Type': 'application/json; charset=utf-8', 'cache-control': 'no-cache'})
2025-12-03 07:55:46 [selenium.webdriver.remote.remote_connection] DEBUG: Finished Request
2025-12-03 07:55:46 [scrapy.addons] INFO: Enabled addons:
[]
2025-12-03 07:55:46 [asyncio] DEBUG: Using selector: KqueueSelector
2025-12-03 07:55:46 [scrapy.utils.log] DEBUG: Using reactor: twisted.internet.asyncioreactor.AsyncioSelectorReactor
2025-12-03 07:55:46 [scrapy.utils.log] DEBUG: Using asyncio event loop: asyncio.unix_events._UnixSelectorEventLoop
2025-12-03 07:55:46 [scrapy.extensions.telnet] INFO: Telnet Password: fab7a466fd90c7de
2025-12-03 07:55:46 [scrapy.middleware] INFO: Enabled extensions:
['scrapy.extensions.corestats.CoreStats',
 'scrapy.extensions.telnet.TelnetConsole',
 'scrapy.extensions.memusage.MemoryUsage',
 'scrapy.extensions.logstats.LogStats']
2025-12-03 07:55:46 [scrapy.crawler] INFO: Overridden settings:
{'BOT_NAME': 'cbnu_crawler',
 'DOWNLOAD_DELAY': 1.5,
 'NEWSPIDER_MODULE': 'cbnu_crawler.spiders',
 'SPIDER_MODULES': ['cbnu_crawler.spiders'],
 'USER_AGENT': 'Mozilla/5.0 (Windows NT 10.0; Win64; x64) AppleWebKit/537.36 '
               '(KHTML, like Gecko) Chrome/100.0.4896.127 Safari/537.36'}
2025-12-03 07:55:46 [scrapy.middleware] INFO: Enabled downloader middlewares:
['scrapy.downloadermiddlewares.offsite.OffsiteMiddleware',
 'scrapy.downloadermiddlewares.httpauth.HttpAuthMiddleware',
 'scrapy.downloadermiddlewares.downloadtimeout.DownloadTimeoutMiddleware',
 'scrapy.downloadermiddlewares.defaultheaders.DefaultHeadersMiddleware',
 'scrapy.downloadermiddlewares.useragent.UserAgentMiddleware',
 'scrapy.downloadermiddlewares.retry.RetryMiddleware',
 'scrapy.downloadermiddlewares.redirect.MetaRefreshMiddleware',
 'scrapy.downloadermiddlewares.httpcompression.HttpCompressionMiddleware',
 'scrapy.downloadermiddlewares.redirect.RedirectMiddleware',
 'scrapy.downloadermiddlewares.cookies.CookiesMiddleware',
 'scrapy.downloadermiddlewares.httpproxy.HttpProxyMiddleware',
 'scrapy.downloadermiddlewares.stats.DownloaderStats']
2025-12-03 07:55:46 [scrapy.middleware] INFO: Enabled spider middlewares:
['scrapy.spidermiddlewares.start.StartSpiderMiddleware',
 'scrapy.spidermiddlewares.httperror.HttpErrorMiddleware',
 'scrapy.spidermiddlewares.referer.RefererMiddleware',
 'scrapy.spidermiddlewares.urllength.UrlLengthMiddleware',
 'scrapy.spidermiddlewares.depth.DepthMiddleware']
2025-12-03 07:55:46 [scrapy.middleware] INFO: Enabled item pipelines:
['cbnu_crawler.pipelines.DjangoPipeline']
2025-12-03 07:55:46 [scrapy.core.engine] INFO: Spider opened
2025-12-03 07:55:46 [scrapy.extensions.logstats] INFO: Crawled 0 pages (at 0 pages/min), scraped 0 items (at 0 items/min)
2025-12-03 07:55:46 [scrapy.extensions.telnet] INFO: Telnet console listening on 127.0.0.1:6023
2025-12-03 07:55:46 [scrapy.core.engine] DEBUG: Crawled (200) <GET https://software.cbnu.ac.kr/sub0401> (referer: None)
2025-12-03 07:55:47 [selenium.webdriver.remote.remote_connection] DEBUG: POST http://localhost:61666/session/b3d1ea40d79140ae4ff71c7dd94cd1cc/url {'url': 'https://software.cbnu.ac.kr/sub0401'}
2025-12-03 07:55:49 [urllib3.connectionpool] DEBUG: http://localhost:61666 "POST /session/b3d1ea40d79140ae4ff71c7dd94cd1cc/url HTTP/1.1" 200 0
2025-12-03 07:55:49 [selenium.webdriver.remote.remote_connection] DEBUG: Remote response: status=200 | data={"value":null} | headers=HTTPHeaderDict({'Content-Length': '14', 'Content-Type': 'application/json; charset=utf-8', 'cache-control': 'no-cache'})
2025-12-03 07:55:49 [selenium.webdriver.remote.remote_connection] DEBUG: Finished Request
2025-12-03 07:55:52 [selenium.webdriver.remote.remote_connection] DEBUG: POST http://localhost:61666/session/b3d1ea40d79140ae4ff71c7dd94cd1cc/elements {'using': 'css selector', 'value': 'table tbody tr'}
2025-12-03 07:55:52 [urllib3.connectionpool] DEBUG: http://localhost:61666 "POST /session/b3d1ea40d79140ae4ff71c7dd94cd1cc/elements HTTP/1.1" 200 0
2025-12-03 07:55:52 [selenium.webdriver.remote.remote_connection] DEBUG: Remote response: status=200 | data={"value":[{"element-6066-11e4-a52e-4f735466cecf":"f.353BA92EEAAC468A2145AAFD4E55641B.d.6841BEE517690502BE68CFB1E00B496B.e.40"},{"element-6066-11e4-a52e-4f735466cecf":"f.353BA92EEAAC468A2145AAFD4E55641B.d.6841BEE517690502BE68CFB1E00B496B.e.41"},{"element-6066-11e4-a52e-4f735466cecf":"f.353BA92EEAAC468A2145AAFD4E55641B.d.6841BEE517690502BE68CFB1E00B496B.e.42"},{"element-6066-11e4-a52e-4f735466cecf":"f.353BA92EEAAC468A2145AAFD4E55641B.d.6841BEE517690502BE68CFB1E00B496B.e.43"},{"element-6066-11e4-a52e-4f735466cecf":"f.353BA92EEAAC468A2145AAFD4E55641B.d.6841BEE517690502BE68CFB1E00B496B.e.44"},{"element-6066-11e4-a52e-4f735466cecf":"f.353BA92EEAAC468A2145AAFD4E55641B.d.6841BEE517690502BE68CFB1E00B496B.e.45"},{"element-6066-11e4-a52e-4f735466cecf":"f.353BA92EEAAC468A2145AAFD4E55641B.d.6841BEE517690502BE68CFB1E00B496B.e.46"},{"element-6066-11e4-a52e-4f735466cecf":"f.353BA92EEAAC468A2145AAFD4E55641B.d.6841BEE517690502BE68CFB1E00B496B.e.47"},{"element-6066-11e4-a52e-4f735466cecf":"f.353BA92EEAAC468A2145AAFD4E55641B.d.6841BEE517690502BE68CFB1E00B496B.e.48"},{"element-6066-11e4-a52e-4f735466cecf":"f.353BA92EEAAC468A2145AAFD4E55641B.d.6841BEE517690502BE68CFB1E00B496B.e.49"},{"element-6066-11e4-a52e-4f735466cecf":"f.353BA92EEAAC468A2145AAFD4E55641B.d.6841BEE517690502BE68CFB1E00B496B.e.50"},{"element-6066-11e4-a52e-4f735466cecf":"f.353BA92EEAAC468A2145AAFD4E55641B.d.6841BEE517690502BE68CFB1E00B496B.e.51"},{"element-6066-11e4-a52e-4f735466cecf":"f.353BA92EEAAC468A2145AAFD4E55641B.d.6841BEE517690502BE68CFB1E00B496B.e.52"},{"element-6066-11e4-a52e-4f735466cecf":"f.353BA92EEAAC468A2145AAFD4E55641B.d.6841BEE517690502BE68CFB1E00B496B.e.53"},{"element-6066-11e4-a52e-4f735466cecf":"f.353BA92EEAAC468A2145AAFD4E55641B.d.6841BEE517690502BE68CFB1E00B496B.e.54"},{"element-6066-11e4-a52e-4f735466cecf":"f.353BA92EEAAC468A2145AAFD4E55641B.d.6841BEE517690502BE68CFB1E00B496B.e.55"},{"element-6066-11e4-a52e-4f735466cecf":"f.353BA92EEAAC468A2145AAFD4E55641B.d.6841BEE517690502BE68CFB1E00B496B.e.56"},{"element-6066-11e4-a52e-4f735466cecf":"f.353BA92EEAAC468A2145AAFD4E55641B.d.6841BEE517690502BE68CFB1E00B496B.e.57"},{"element-6066-11e4-a52e-4f735466cecf":"f.353BA92EEAAC468A2145AAFD4E55641B.d.6841BEE517690502BE68CFB1E00B496B.e.58"},{"element-6066-11e4-a52e-4f735466cecf":"f.353BA92EEAAC468A2145AAFD4E55641B.d.6841BEE517690502BE68CFB1E00B496B.e.59"},{"element-6066-11e4-a52e-4f735466cecf":"f.353BA92EEAAC468A2145AAFD4E55641B.d.6841BEE517690502BE68CFB1E00B496B.e.60"},{"element-6066-11e4-a52e-4f735466cecf":"f.353BA92EEAAC468A2145AAFD4E55641B.d.6841BEE517690502BE68CFB1E00B496B.e.61"},{"element-6066-11e4-a52e-4f735466cecf":"f.353BA92EEAAC468A2145AAFD4E55641B.d.6841BEE517690502BE68CFB1E00B496B.e.62"},{"element-6066-11e4-a52e-4f735466cecf":"f.353BA92EEAAC468A2145AAFD4E55641B.d.6841BEE517690502BE68CFB1E00B496B.e.63"},{"element-6066-11e4-a52e-4f735466cecf":"f.353BA92EEAAC468A2145AAFD4E55641B.d.6841BEE517690502BE68CFB1E00B496B.e.64"},{"element-6066-11e4-a52e-4f735466cecf":"f.353BA92EEAAC468A2145AAFD4E55641B.d.6841BEE517690502BE68CFB1E00B496B.e.65"},{"element-6066-11e4-a52e-4f735466cecf":"f.353BA92EEAAC468A2145AAFD4E55641B.d.6841BEE517690502BE68CFB1E00B496B.e.66"},{"element-6066-11e4-a52e-4f735466cecf":"f.353BA92EEAAC468A2145AAFD4E55641B.d.6841BEE517690502BE68CFB1E00B496B.e.67"},{"element-6066-11e4-a52e-4f735466cecf":"f.353BA92EEAAC468A2145AAFD4E55641B.d.6841BEE517690502BE68CFB1E00B496B.e.68"},{"element-6066-11e4-a52e-4f735466cecf":"f.353BA92EEAAC468A2145AAFD4E55641B.d.6841BEE517690502BE68CFB1E00B496B.e.69"},{"element-6066-11e4-a52e-4f735466cecf":"f.353BA92EEAAC468A2145AAFD4E55641B.d.6841BEE517690502BE68CFB1E00B496B.e.70"},{"element-6066-11e4-a52e-4f735466cecf":"f.353BA92EEAAC468A2145AAFD4E55641B.d.6841BEE517690502BE68CFB1E00B496B.e.71"},{"element-6066-11e4-a52e-4f735466cecf":"f.353BA92EEAAC468A2145AAFD4E55641B.d.6841BEE517690502BE68CFB1E00B496B.e.72"},{"element-6066-11e4-a52e-4f735466cecf":"f.353BA92EEAAC468A2145AAFD4E55641B.d.6841BEE517690502BE68CFB1E00B496B.e.73"},{"element-6066-11e4-a52e-4f735466cecf":"f.353BA92EEAAC468A2145AAFD4E55641B.d.6841BEE517690502BE68CFB1E00B496B.e.74"},{"element-6066-11e4-a52e-4f735466cecf":"f.353BA92EEAAC468A2145AAFD4E55641B.d.6841BEE517690502BE68CFB1E00B496B.e.75"},{"element-6066-11e4-a52e-4f735466cecf":"f.353BA92EEAAC468A2145AAFD4E55641B.d.6841BEE517690502BE68CFB1E00B496B.e.76"},{"element-6066-11e4-a52e-4f735466cecf":"f.353BA92EEAAC468A2145AAFD4E55641B.d.6841BEE517690502BE68CFB1E00B496B.e.77"},{"element-6066-11e4-a52e-4f735466cecf":"f.353BA92EEAAC468A2145AAFD4E55641B.d.6841BEE517690502BE68CFB1E00B496B.e.78"},{"element-6066-11e4-a52e-4f735466cecf":"f.353BA92EEAAC468A2145AAFD4E55641B.d.6841BEE517690502BE68CFB1E00B496B.e.79"},{"element-6066-11e4-a52e-4f735466cecf":"f.353BA92EEAAC468A2145AAFD4E55641B.d.6841BEE517690502BE68CFB1E00B496B.e.80"},{"element-6066-11e4-a52e-4f735466cecf":"f.353BA92EEAAC468A2145AAFD4E55641B.d.6841BEE517690502BE68CFB1E00B496B.e.81"},{"element-6066-11e4-a52e-4f735466cecf":"f.353BA92EEAAC468A2145AAFD4E55641B.d.6841BEE517690502BE68CFB1E00B496B.e.82"},{"element-6066-11e4-a52e-4f735466cecf":"f.353BA92EEAAC468A2145AAFD4E55641B.d.6841BEE517690502BE68CFB1E00B496B.e.83"},{"element-6066-11e4-a52e-4f735466cecf":"f.353BA92EEAAC468A2145AAFD4E55641B.d.6841BEE517690502BE68CFB1E00B496B.e.84"},{"element-6066-11e4-a52e-4f735466cecf":"f.353BA92EEAAC468A2145AAFD4E55641B.d.6841BEE517690502BE68CFB1E00B496B.e.85"}]} | headers=HTTPHeaderDict({'Content-Length': '5393', 'Content-Type': 'application/json; charset=utf-8', 'cache-control': 'no-cache'})
2025-12-03 07:55:52 [selenium.webdriver.remote.remote_connection] DEBUG: Finished Request
2025-12-03 07:55:52 [selenium.webdriver.remote.remote_connection] DEBUG: POST http://localhost:61666/session/b3d1ea40d79140ae4ff71c7dd94cd1cc/element/f.353BA92EEAAC468A2145AAFD4E55641B.d.6841BEE517690502BE68CFB1E00B496B.e.40/element {'using': 'css selector', 'value': 'td a'}
2025-12-03 07:55:52 [urllib3.connectionpool] DEBUG: http://localhost:61666 "POST /session/b3d1ea40d79140ae4ff71c7dd94cd1cc/element/f.353BA92EEAAC468A2145AAFD4E55641B.d.6841BEE517690502BE68CFB1E00B496B.e.40/element HTTP/1.1" 200 0
2025-12-03 07:55:52 [selenium.webdriver.remote.remote_connection] DEBUG: Remote response: status=200 | data={"value":{"element-6066-11e4-a52e-4f735466cecf":"f.353BA92EEAAC468A2145AAFD4E55641B.d.6841BEE517690502BE68CFB1E00B496B.e.86"}} | headers=HTTPHeaderDict({'Content-Length': '126', 'Content-Type': 'application/json; charset=utf-8', 'cache-control': 'no-cache'})
2025-12-03 07:55:52 [selenium.webdriver.remote.remote_connection] DEBUG: Finished Request
2025-12-03 07:55:52 [selenium.webdriver.remote.remote_connection] DEBUG: GET http://localhost:61666/session/b3d1ea40d79140ae4ff71c7dd94cd1cc/element/f.353BA92EEAAC468A2145AAFD4E55641B.d.6841BEE517690502BE68CFB1E00B496B.e.86/text {}
2025-12-03 07:55:52 [urllib3.connectionpool] DEBUG: http://localhost:61666 "GET /session/b3d1ea40d79140ae4ff71c7dd94cd1cc/element/f.353BA92EEAAC468A2145AAFD4E55641B.d.6841BEE517690502BE68CFB1E00B496B.e.86/text HTTP/1.1" 200 0
2025-12-03 07:55:52 [selenium.webdriver.remote.remote_connection] DEBUG: Remote response: status=200 | data={"value":"(재)운해장학재단 2026년도 제13기 운해장학생 추천 안내( ~12.15)"} | headers=HTTPHeaderDict({'Content-Length': '94', 'Content-Type': 'application/json; charset=utf-8', 'cache-control': 'no-cache'})
2025-12-03 07:55:52 [selenium.webdriver.remote.remote_connection] DEBUG: Finished Request
2025-12-03 07:55:52 [selenium.webdriver.remote.remote_connection] DEBUG: POST http://localhost:61666/session/b3d1ea40d79140ae4ff71c7dd94cd1cc/execute/sync {'script': '/* getAttribute */return (function(){return (function(){var d=this||self;function f(a,b){function c(...', 'args': [{'element-6066-11e4-a52e-4f735466cecf': 'f.353BA92EEAAC468A2145AAFD4E55641B.d.6841BEE517690502BE68CFB1E00B496B.e.86'}, 'href']}
2025-12-03 07:55:52 [urllib3.connectionpool] DEBUG: http://localhost:61666 "POST /session/b3d1ea40d79140ae4ff71c7dd94cd1cc/execute/sync HTTP/1.1" 200 0
2025-12-03 07:55:52 [selenium.webdriver.remote.remote_connection] DEBUG: Remote response: status=200 | data={"value":"https://software.cbnu.ac.kr/sub0401/1150534"} | headers=HTTPHeaderDict({'Content-Length': '55', 'Content-Type': 'application/json; charset=utf-8', 'cache-control': 'no-cache'})
2025-12-03 07:55:52 [selenium.webdriver.remote.remote_connection] DEBUG: Finished Request
2025-12-03 07:55:52 [selenium.webdriver.remote.remote_connection] DEBUG: POST http://localhost:61666/session/b3d1ea40d79140ae4ff71c7dd94cd1cc/element/f.353BA92EEAAC468A2145AAFD4E55641B.d.6841BEE517690502BE68CFB1E00B496B.e.40/element {'using': 'css selector', 'value': 'td:last-child'}
2025-12-03 07:55:52 [urllib3.connectionpool] DEBUG: http://localhost:61666 "POST /session/b3d1ea40d79140ae4ff71c7dd94cd1cc/element/f.353BA92EEAAC468A2145AAFD4E55641B.d.6841BEE517690502BE68CFB1E00B496B.e.40/element HTTP/1.1" 200 0
2025-12-03 07:55:52 [selenium.webdriver.remote.remote_connection] DEBUG: Remote response: status=200 | data={"value":{"element-6066-11e4-a52e-4f735466cecf":"f.353BA92EEAAC468A2145AAFD4E55641B.d.6841BEE517690502BE68CFB1E00B496B.e.87"}} | headers=HTTPHeaderDict({'Content-Length': '126', 'Content-Type': 'application/json; charset=utf-8', 'cache-control': 'no-cache'})
2025-12-03 07:55:52 [selenium.webdriver.remote.remote_connection] DEBUG: Finished Request
2025-12-03 07:55:52 [selenium.webdriver.remote.remote_connection] DEBUG: GET http://localhost:61666/session/b3d1ea40d79140ae4ff71c7dd94cd1cc/element/f.353BA92EEAAC468A2145AAFD4E55641B.d.6841BEE517690502BE68CFB1E00B496B.e.87/text {}
2025-12-03 07:55:52 [urllib3.connectionpool] DEBUG: http://localhost:61666 "GET /session/b3d1ea40d79140ae4ff71c7dd94cd1cc/element/f.353BA92EEAAC468A2145AAFD4E55641B.d.6841BEE517690502BE68CFB1E00B496B.e.87/text HTTP/1.1" 200 0
2025-12-03 07:55:52 [selenium.webdriver.remote.remote_connection] DEBUG: Remote response: status=200 | data={"value":"30"} | headers=HTTPHeaderDict({'Content-Length': '14', 'Content-Type': 'application/json; charset=utf-8', 'cache-control': 'no-cache'})
2025-12-03 07:55:52 [selenium.webdriver.remote.remote_connection] DEBUG: Finished Request
2025-12-03 07:55:52 [selenium.webdriver.remote.remote_connection] DEBUG: POST http://localhost:61666/session/b3d1ea40d79140ae4ff71c7dd94cd1cc/url {'url': 'https://software.cbnu.ac.kr/sub0401/1150534'}
2025-12-03 07:55:52 [urllib3.connectionpool] DEBUG: http://localhost:61666 "POST /session/b3d1ea40d79140ae4ff71c7dd94cd1cc/url HTTP/1.1" 200 0
2025-12-03 07:55:52 [selenium.webdriver.remote.remote_connection] DEBUG: Remote response: status=200 | data={"value":null} | headers=HTTPHeaderDict({'Content-Length': '14', 'Content-Type': 'application/json; charset=utf-8', 'cache-control': 'no-cache'})
2025-12-03 07:55:52 [selenium.webdriver.remote.remote_connection] DEBUG: Finished Request
2025-12-03 07:55:53 [selenium.webdriver.remote.remote_connection] DEBUG: POST http://localhost:61666/session/b3d1ea40d79140ae4ff71c7dd94cd1cc/element {'using': 'css selector', 'value': '.document_content, .xe_content, article'}
2025-12-03 07:55:53 [urllib3.connectionpool] DEBUG: http://localhost:61666 "POST /session/b3d1ea40d79140ae4ff71c7dd94cd1cc/element HTTP/1.1" 200 0
2025-12-03 07:55:53 [selenium.webdriver.remote.remote_connection] DEBUG: Remote response: status=200 | data={"value":{"element-6066-11e4-a52e-4f735466cecf":"f.353BA92EEAAC468A2145AAFD4E55641B.d.3520C17142294F17EB72B7C3B75D6784.e.127"}} | headers=HTTPHeaderDict({'Content-Length': '127', 'Content-Type': 'application/json; charset=utf-8', 'cache-control': 'no-cache'})
2025-12-03 07:55:53 [selenium.webdriver.remote.remote_connection] DEBUG: Finished Request
2025-12-03 07:55:53 [selenium.webdriver.remote.remote_connection] DEBUG: GET http://localhost:61666/session/b3d1ea40d79140ae4ff71c7dd94cd1cc/element/f.353BA92EEAAC468A2145AAFD4E55641B.d.3520C17142294F17EB72B7C3B75D6784.e.127/text {}
2025-12-03 07:55:53 [urllib3.connectionpool] DEBUG: http://localhost:61666 "GET /session/b3d1ea40d79140ae4ff71c7dd94cd1cc/element/f.353BA92EEAAC468A2145AAFD4E55641B.d.3520C17142294F17EB72B7C3B75D6784.e.127/text HTTP/1.1" 200 0
2025-12-03 07:55:53 [selenium.webdriver.remote.remote_connection] DEBUG: Remote response: status=200 | data={"value":"(재)운해장학재단에서 2026년도 제13기 운해장학생을 선발하오니, 아래의 선발기준을 충족하는 학생분은 2025. 12. 15.(월)까지 신청하시기 바랍니다. \n     - 메일발송 제목: [운해장학 신청] 학년, 학번, 이름\n   - 메일주소: comdpt@cbnu.ac.kr\n   - 제출자료: 붙임의 엑셀파일(전정대 최종 선발자는 이후 모든 서류 제출 예정) 및 증빙자료\n  가. 추천인원: 5명\n  나. 장학유형\n    - 이공계 학생(해당학기 평점평균 4.0 이상)으로 자기 전문 분야에서 탁월한 능력이 있는 자(수상경력, 관련 자격증 있는 자 등)\n   - 학업성적이 우수(2025-1학기 평점평균 4.0 이상)하며 가정형편이 어려운 자(기초생활수급자, 차상위계층)\n   - 학업성적이 우수(2025-1학기 평점평균 4.0 이상)한 장애학생\n  다. 자격조건\n    - 2025년도 1, 2학기 모두 재학 상태로 12월 현재 기준 재학중인 1 ~ 3학년\n    - 2026년도 1, 2학기 모두 등록 예정인 자(복학생, 해외교환학생, 휴학, 군입대 및 해외 연수 예정자 신청 불가)\n  라.장학금액: 800만 원(학기당 400만 원, 생활비성)\n  마. 제출서류\n  - 평가표 엑셀파일 \n  - 2024년도 2학기 학자금 지원구간 통지서, 한부모증명서(해당학생만 제출)\n  붙임\n1. 2025년도 제 12기 운해장학생 선발요강 및 신청 안내문 1부.\n  2. 장학금 추천 명단 및 평가표(서식) 1부. "} | headers=HTTPHeaderDict({'Content-Length': '1527', 'Content-Type': 'application/json; charset=utf-8', 'cache-control': 'no-cache'})
2025-12-03 07:55:53 [selenium.webdriver.remote.remote_connection] DEBUG: Finished Request
2025-12-03 07:55:53 [selenium.webdriver.remote.remote_connection] DEBUG: POST http://localhost:61666/session/b3d1ea40d79140ae4ff71c7dd94cd1cc/back {}
2025-12-03 07:55:53 [urllib3.connectionpool] DEBUG: http://localhost:61666 "POST /session/b3d1ea40d79140ae4ff71c7dd94cd1cc/back HTTP/1.1" 200 0
2025-12-03 07:55:53 [selenium.webdriver.remote.remote_connection] DEBUG: Remote response: status=200 | data={"value":null} | headers=HTTPHeaderDict({'Content-Length': '14', 'Content-Type': 'application/json; charset=utf-8', 'cache-control': 'no-cache'})
2025-12-03 07:55:53 [selenium.webdriver.remote.remote_connection] DEBUG: Finished Request
2025-12-03 07:55:54 [selenium.webdriver.remote.remote_connection] DEBUG: POST http://localhost:61666/session/b3d1ea40d79140ae4ff71c7dd94cd1cc/element/f.353BA92EEAAC468A2145AAFD4E55641B.d.6841BEE517690502BE68CFB1E00B496B.e.41/element {'using': 'css selector', 'value': 'td a'}
2025-12-03 07:55:54 [urllib3.connectionpool] DEBUG: http://localhost:61666 "POST /session/b3d1ea40d79140ae4ff71c7dd94cd1cc/element/f.353BA92EEAAC468A2145AAFD4E55641B.d.6841BEE517690502BE68CFB1E00B496B.e.41/element HTTP/1.1" 404 0
2025-12-03 07:55:54 [selenium.webdriver.remote.remote_connection] DEBUG: Remote response: status=404 | data={"value":{"error":"stale element reference","message":"stale element reference: stale element not found\n  (Session info: chrome=142.0.7444.176)","stacktrace":"0   chromedriver                        0x000000010461eecc cxxbridge1$str$ptr + 2941512\n1   chromedriver                        0x0000000104616b88 cxxbridge1$str$ptr + 2907908\n2   chromedriver                        0x000000010412e2b0 _RNvCsgXDX2mvAJAg_7___rustc35___rust_no_alloc_shim_is_unstable_v2 + 74020\n3   chromedriver                        0x000000010413ee08 _RNvCsgXDX2mvAJAg_7___rustc35___rust_no_alloc_shim_is_unstable_v2 + 142460\n4   chromedriver                        0x000000010413dee4 _RNvCsgXDX2mvAJAg_7___rustc35___rust_no_alloc_shim_is_unstable_v2 + 138584\n5   chromedriver                        0x0000000104134968 _RNvCsgXDX2mvAJAg_7___rustc35___rust_no_alloc_shim_is_unstable_v2 + 100316\n6   chromedriver                        0x0000000104133170 _RNvCsgXDX2mvAJAg_7___rustc35___rust_no_alloc_shim_is_unstable_v2 + 94180\n7   chromedriver                        0x0000000104136314 _RNvCsgXDX2mvAJAg_7___rustc35___rust_no_alloc_shim_is_unstable_v2 + 106888\n8   chromedriver                        0x00000001041363cc _RNvCsgXDX2mvAJAg_7___rustc35___rust_no_alloc_shim_is_unstable_v2 + 107072\n9   chromedriver                        0x000000010417545c _RNvCsgXDX2mvAJAg_7___rustc35___rust_no_alloc_shim_is_unstable_v2 + 365264\n10  chromedriver                        0x000000010416b504 _RNvCsgXDX2mvAJAg_7___rustc35___rust_no_alloc_shim_is_unstable_v2 + 324472\n11  chromedriver                        0x00000001041b6d54 _RNvCsgXDX2mvAJAg_7___rustc35___rust_no_alloc_shim_is_unstable_v2 + 633800\n12  chromedriver                        0x0000000104169ef0 _RNvCsgXDX2mvAJAg_7___rustc35___rust_no_alloc_shim_is_unstable_v2 + 318820\n13  chromedriver                        0x00000001045e20c8 cxxbridge1$str$ptr + 2692164\n14  chromedriver                        0x00000001045e58dc cxxbridge1$str$ptr + 2706520\n15  chromedriver                        0x00000001045c284c cxxbridge1$str$ptr + 2563016\n16  chromedriver                        0x00000001045e61b4 cxxbridge1$str$ptr + 2708784\n17  chromedriver                        0x00000001045b40f4 cxxbridge1$str$ptr + 2503792\n18  chromedriver                        0x0000000104605498 cxxbridge1$str$ptr + 2836500\n19  chromedriver                        0x000000010460561c cxxbridge1$str$ptr + 2836888\n20  chromedriver                        0x00000001046167d8 cxxbridge1$str$ptr + 2906964\n21  libsystem_pthread.dylib             0x0000000187809f94 _pthread_start + 136\n22  libsystem_pthread.dylib             0x0000000187804d34 thread_start + 8\n"}} | headers=HTTPHeaderDict({'Content-Length': '2694', 'Content-Type': 'application/json; charset=utf-8', 'cache-control': 'no-cache'})
2025-12-03 07:55:54 [selenium.webdriver.remote.remote_connection] DEBUG: Finished Request
2025-12-03 07:55:54 [software] DEBUG: Skipping row: Message: stale element reference: stale element not found
  (Session info: chrome=142.0.7444.176); For documentation on this error, please visit: https://www.selenium.dev/documentation/webdriver/troubleshooting/errors#staleelementreferenceexception
Stacktrace:
0   chromedriver                        0x000000010461eecc cxxbridge1$str$ptr + 2941512
1   chromedriver                        0x0000000104616b88 cxxbridge1$str$ptr + 2907908
2   chromedriver                        0x000000010412e2b0 _RNvCsgXDX2mvAJAg_7___rustc35___rust_no_alloc_shim_is_unstable_v2 + 74020
3   chromedriver                        0x000000010413ee08 _RNvCsgXDX2mvAJAg_7___rustc35___rust_no_alloc_shim_is_unstable_v2 + 142460
4   chromedriver                        0x000000010413dee4 _RNvCsgXDX2mvAJAg_7___rustc35___rust_no_alloc_shim_is_unstable_v2 + 138584
5   chromedriver                        0x0000000104134968 _RNvCsgXDX2mvAJAg_7___rustc35___rust_no_alloc_shim_is_unstable_v2 + 100316
6   chromedriver                        0x0000000104133170 _RNvCsgXDX2mvAJAg_7___rustc35___rust_no_alloc_shim_is_unstable_v2 + 94180
7   chromedriver                        0x0000000104136314 _RNvCsgXDX2mvAJAg_7___rustc35___rust_no_alloc_shim_is_unstable_v2 + 106888
8   chromedriver                        0x00000001041363cc _RNvCsgXDX2mvAJAg_7___rustc35___rust_no_alloc_shim_is_unstable_v2 + 107072
9   chromedriver                        0x000000010417545c _RNvCsgXDX2mvAJAg_7___rustc35___rust_no_alloc_shim_is_unstable_v2 + 365264
10  chromedriver                        0x000000010416b504 _RNvCsgXDX2mvAJAg_7___rustc35___rust_no_alloc_shim_is_unstable_v2 + 324472
11  chromedriver                        0x00000001041b6d54 _RNvCsgXDX2mvAJAg_7___rustc35___rust_no_alloc_shim_is_unstable_v2 + 633800
12  chromedriver                        0x0000000104169ef0 _RNvCsgXDX2mvAJAg_7___rustc35___rust_no_alloc_shim_is_unstable_v2 + 318820
13  chromedriver                        0x00000001045e20c8 cxxbridge1$str$ptr + 2692164
14  chromedriver                        0x00000001045e58dc cxxbridge1$str$ptr + 2706520
15  chromedriver                        0x00000001045c284c cxxbridge1$str$ptr + 2563016
16  chromedriver                        0x00000001045e61b4 cxxbridge1$str$ptr + 2708784
17  chromedriver                        0x00000001045b40f4 cxxbridge1$str$ptr + 2503792
18  chromedriver                        0x0000000104605498 cxxbridge1$str$ptr + 2836500
19  chromedriver                        0x000000010460561c cxxbridge1$str$ptr + 2836888
20  chromedriver                        0x00000001046167d8 cxxbridge1$str$ptr + 2906964
21  libsystem_pthread.dylib             0x0000000187809f94 _pthread_start + 136
22  libsystem_pthread.dylib             0x0000000187804d34 thread_start + 8

2025-12-03 07:55:54 [selenium.webdriver.remote.remote_connection] DEBUG: POST http://localhost:61666/session/b3d1ea40d79140ae4ff71c7dd94cd1cc/element/f.353BA92EEAAC468A2145AAFD4E55641B.d.6841BEE517690502BE68CFB1E00B496B.e.42/element {'using': 'css selector', 'value': 'td a'}
2025-12-03 07:55:54 [urllib3.connectionpool] DEBUG: http://localhost:61666 "POST /session/b3d1ea40d79140ae4ff71c7dd94cd1cc/element/f.353BA92EEAAC468A2145AAFD4E55641B.d.6841BEE517690502BE68CFB1E00B496B.e.42/element HTTP/1.1" 404 0
2025-12-03 07:55:54 [selenium.webdriver.remote.remote_connection] DEBUG: Remote response: status=404 | data={"value":{"error":"stale element reference","message":"stale element reference: stale element not found\n  (Session info: chrome=142.0.7444.176)","stacktrace":"0   chromedriver                        0x000000010461eecc cxxbridge1$str$ptr + 2941512\n1   chromedriver                        0x0000000104616b88 cxxbridge1$str$ptr + 2907908\n2   chromedriver                        0x000000010412e2b0 _RNvCsgXDX2mvAJAg_7___rustc35___rust_no_alloc_shim_is_unstable_v2 + 74020\n3   chromedriver                        0x000000010413ee08 _RNvCsgXDX2mvAJAg_7___rustc35___rust_no_alloc_shim_is_unstable_v2 + 142460\n4   chromedriver                        0x000000010413dee4 _RNvCsgXDX2mvAJAg_7___rustc35___rust_no_alloc_shim_is_unstable_v2 + 138584\n5   chromedriver                        0x0000000104134968 _RNvCsgXDX2mvAJAg_7___rustc35___rust_no_alloc_shim_is_unstable_v2 + 100316\n6   chromedriver                        0x0000000104133170 _RNvCsgXDX2mvAJAg_7___rustc35___rust_no_alloc_shim_is_unstable_v2 + 94180\n7   chromedriver                        0x0000000104136314 _RNvCsgXDX2mvAJAg_7___rustc35___rust_no_alloc_shim_is_unstable_v2 + 106888\n8   chromedriver                        0x00000001041363cc _RNvCsgXDX2mvAJAg_7___rustc35___rust_no_alloc_shim_is_unstable_v2 + 107072\n9   chromedriver                        0x000000010417545c _RNvCsgXDX2mvAJAg_7___rustc35___rust_no_alloc_shim_is_unstable_v2 + 365264\n10  chromedriver                        0x000000010416b504 _RNvCsgXDX2mvAJAg_7___rustc35___rust_no_alloc_shim_is_unstable_v2 + 324472\n11  chromedriver                        0x00000001041b6d54 _RNvCsgXDX2mvAJAg_7___rustc35___rust_no_alloc_shim_is_unstable_v2 + 633800\n12  chromedriver                        0x0000000104169ef0 _RNvCsgXDX2mvAJAg_7___rustc35___rust_no_alloc_shim_is_unstable_v2 + 318820\n13  chromedriver                        0x00000001045e20c8 cxxbridge1$str$ptr + 2692164\n14  chromedriver                        0x00000001045e58dc cxxbridge1$str$ptr + 2706520\n15  chromedriver                        0x00000001045c284c cxxbridge1$str$ptr + 2563016\n16  chromedriver                        0x00000001045e61b4 cxxbridge1$str$ptr + 2708784\n17  chromedriver                        0x00000001045b40f4 cxxbridge1$str$ptr + 2503792\n18  chromedriver                        0x0000000104605498 cxxbridge1$str$ptr + 2836500\n19  chromedriver                        0x000000010460561c cxxbridge1$str$ptr + 2836888\n20  chromedriver                        0x00000001046167d8 cxxbridge1$str$ptr + 2906964\n21  libsystem_pthread.dylib             0x0000000187809f94 _pthread_start + 136\n22  libsystem_pthread.dylib             0x0000000187804d34 thread_start + 8\n"}} | headers=HTTPHeaderDict({'Content-Length': '2694', 'Content-Type': 'application/json; charset=utf-8', 'cache-control': 'no-cache'})
2025-12-03 07:55:54 [selenium.webdriver.remote.remote_connection] DEBUG: Finished Request
2025-12-03 07:55:54 [software] DEBUG: Skipping row: Message: stale element reference: stale element not found
  (Session info: chrome=142.0.7444.176); For documentation on this error, please visit: https://www.selenium.dev/documentation/webdriver/troubleshooting/errors#staleelementreferenceexception
Stacktrace:
0   chromedriver                        0x000000010461eecc cxxbridge1$str$ptr + 2941512
1   chromedriver                        0x0000000104616b88 cxxbridge1$str$ptr + 2907908
2   chromedriver                        0x000000010412e2b0 _RNvCsgXDX2mvAJAg_7___rustc35___rust_no_alloc_shim_is_unstable_v2 + 74020
3   chromedriver                        0x000000010413ee08 _RNvCsgXDX2mvAJAg_7___rustc35___rust_no_alloc_shim_is_unstable_v2 + 142460
4   chromedriver                        0x000000010413dee4 _RNvCsgXDX2mvAJAg_7___rustc35___rust_no_alloc_shim_is_unstable_v2 + 138584
5   chromedriver                        0x0000000104134968 _RNvCsgXDX2mvAJAg_7___rustc35___rust_no_alloc_shim_is_unstable_v2 + 100316
6   chromedriver                        0x0000000104133170 _RNvCsgXDX2mvAJAg_7___rustc35___rust_no_alloc_shim_is_unstable_v2 + 94180
7   chromedriver                        0x0000000104136314 _RNvCsgXDX2mvAJAg_7___rustc35___rust_no_alloc_shim_is_unstable_v2 + 106888
8   chromedriver                        0x00000001041363cc _RNvCsgXDX2mvAJAg_7___rustc35___rust_no_alloc_shim_is_unstable_v2 + 107072
9   chromedriver                        0x000000010417545c _RNvCsgXDX2mvAJAg_7___rustc35___rust_no_alloc_shim_is_unstable_v2 + 365264
10  chromedriver                        0x000000010416b504 _RNvCsgXDX2mvAJAg_7___rustc35___rust_no_alloc_shim_is_unstable_v2 + 324472
11  chromedriver                        0x00000001041b6d54 _RNvCsgXDX2mvAJAg_7___rustc35___rust_no_alloc_shim_is_unstable_v2 + 633800
12  chromedriver                        0x0000000104169ef0 _RNvCsgXDX2mvAJAg_7___rustc35___rust_no_alloc_shim_is_unstable_v2 + 318820
13  chromedriver                        0x00000001045e20c8 cxxbridge1$str$ptr + 2692164
14  chromedriver                        0x00000001045e58dc cxxbridge1$str$ptr + 2706520
15  chromedriver                        0x00000001045c284c cxxbridge1$str$ptr + 2563016
16  chromedriver                        0x00000001045e61b4 cxxbridge1$str$ptr + 2708784
17  chromedriver                        0x00000001045b40f4 cxxbridge1$str$ptr + 2503792
18  chromedriver                        0x0000000104605498 cxxbridge1$str$ptr + 2836500
19  chromedriver                        0x000000010460561c cxxbridge1$str$ptr + 2836888
20  chromedriver                        0x00000001046167d8 cxxbridge1$str$ptr + 2906964
21  libsystem_pthread.dylib             0x0000000187809f94 _pthread_start + 136
22  libsystem_pthread.dylib             0x0000000187804d34 thread_start + 8

2025-12-03 07:55:54 [selenium.webdriver.remote.remote_connection] DEBUG: POST http://localhost:61666/session/b3d1ea40d79140ae4ff71c7dd94cd1cc/element/f.353BA92EEAAC468A2145AAFD4E55641B.d.6841BEE517690502BE68CFB1E00B496B.e.43/element {'using': 'css selector', 'value': 'td a'}
2025-12-03 07:55:54 [urllib3.connectionpool] DEBUG: http://localhost:61666 "POST /session/b3d1ea40d79140ae4ff71c7dd94cd1cc/element/f.353BA92EEAAC468A2145AAFD4E55641B.d.6841BEE517690502BE68CFB1E00B496B.e.43/element HTTP/1.1" 404 0
2025-12-03 07:55:54 [selenium.webdriver.remote.remote_connection] DEBUG: Remote response: status=404 | data={"value":{"error":"stale element reference","message":"stale element reference: stale element not found\n  (Session info: chrome=142.0.7444.176)","stacktrace":"0   chromedriver                        0x000000010461eecc cxxbridge1$str$ptr + 2941512\n1   chromedriver                        0x0000000104616b88 cxxbridge1$str$ptr + 2907908\n2   chromedriver                        0x000000010412e2b0 _RNvCsgXDX2mvAJAg_7___rustc35___rust_no_alloc_shim_is_unstable_v2 + 74020\n3   chromedriver                        0x000000010413ee08 _RNvCsgXDX2mvAJAg_7___rustc35___rust_no_alloc_shim_is_unstable_v2 + 142460\n4   chromedriver                        0x000000010413dee4 _RNvCsgXDX2mvAJAg_7___rustc35___rust_no_alloc_shim_is_unstable_v2 + 138584\n5   chromedriver                        0x0000000104134968 _RNvCsgXDX2mvAJAg_7___rustc35___rust_no_alloc_shim_is_unstable_v2 + 100316\n6   chromedriver                        0x0000000104133170 _RNvCsgXDX2mvAJAg_7___rustc35___rust_no_alloc_shim_is_unstable_v2 + 94180\n7   chromedriver                        0x0000000104136314 _RNvCsgXDX2mvAJAg_7___rustc35___rust_no_alloc_shim_is_unstable_v2 + 106888\n8   chromedriver                        0x00000001041363cc _RNvCsgXDX2mvAJAg_7___rustc35___rust_no_alloc_shim_is_unstable_v2 + 107072\n9   chromedriver                        0x000000010417545c _RNvCsgXDX2mvAJAg_7___rustc35___rust_no_alloc_shim_is_unstable_v2 + 365264\n10  chromedriver                        0x000000010416b504 _RNvCsgXDX2mvAJAg_7___rustc35___rust_no_alloc_shim_is_unstable_v2 + 324472\n11  chromedriver                        0x00000001041b6d54 _RNvCsgXDX2mvAJAg_7___rustc35___rust_no_alloc_shim_is_unstable_v2 + 633800\n12  chromedriver                        0x0000000104169ef0 _RNvCsgXDX2mvAJAg_7___rustc35___rust_no_alloc_shim_is_unstable_v2 + 318820\n13  chromedriver                        0x00000001045e20c8 cxxbridge1$str$ptr + 2692164\n14  chromedriver                        0x00000001045e58dc cxxbridge1$str$ptr + 2706520\n15  chromedriver                        0x00000001045c284c cxxbridge1$str$ptr + 2563016\n16  chromedriver                        0x00000001045e61b4 cxxbridge1$str$ptr + 2708784\n17  chromedriver                        0x00000001045b40f4 cxxbridge1$str$ptr + 2503792\n18  chromedriver                        0x0000000104605498 cxxbridge1$str$ptr + 2836500\n19  chromedriver                        0x000000010460561c cxxbridge1$str$ptr + 2836888\n20  chromedriver                        0x00000001046167d8 cxxbridge1$str$ptr + 2906964\n21  libsystem_pthread.dylib             0x0000000187809f94 _pthread_start + 136\n22  libsystem_pthread.dylib             0x0000000187804d34 thread_start + 8\n"}} | headers=HTTPHeaderDict({'Content-Length': '2694', 'Content-Type': 'application/json; charset=utf-8', 'cache-control': 'no-cache'})
2025-12-03 07:55:54 [selenium.webdriver.remote.remote_connection] DEBUG: Finished Request
2025-12-03 07:55:54 [software] DEBUG: Skipping row: Message: stale element reference: stale element not found
  (Session info: chrome=142.0.7444.176); For documentation on this error, please visit: https://www.selenium.dev/documentation/webdriver/troubleshooting/errors#staleelementreferenceexception
Stacktrace:
0   chromedriver                        0x000000010461eecc cxxbridge1$str$ptr + 2941512
1   chromedriver                        0x0000000104616b88 cxxbridge1$str$ptr + 2907908
2   chromedriver                        0x000000010412e2b0 _RNvCsgXDX2mvAJAg_7___rustc35___rust_no_alloc_shim_is_unstable_v2 + 74020
3   chromedriver                        0x000000010413ee08 _RNvCsgXDX2mvAJAg_7___rustc35___rust_no_alloc_shim_is_unstable_v2 + 142460
4   chromedriver                        0x000000010413dee4 _RNvCsgXDX2mvAJAg_7___rustc35___rust_no_alloc_shim_is_unstable_v2 + 138584
5   chromedriver                        0x0000000104134968 _RNvCsgXDX2mvAJAg_7___rustc35___rust_no_alloc_shim_is_unstable_v2 + 100316
6   chromedriver                        0x0000000104133170 _RNvCsgXDX2mvAJAg_7___rustc35___rust_no_alloc_shim_is_unstable_v2 + 94180
7   chromedriver                        0x0000000104136314 _RNvCsgXDX2mvAJAg_7___rustc35___rust_no_alloc_shim_is_unstable_v2 + 106888
8   chromedriver                        0x00000001041363cc _RNvCsgXDX2mvAJAg_7___rustc35___rust_no_alloc_shim_is_unstable_v2 + 107072
9   chromedriver                        0x000000010417545c _RNvCsgXDX2mvAJAg_7___rustc35___rust_no_alloc_shim_is_unstable_v2 + 365264
10  chromedriver                        0x000000010416b504 _RNvCsgXDX2mvAJAg_7___rustc35___rust_no_alloc_shim_is_unstable_v2 + 324472
11  chromedriver                        0x00000001041b6d54 _RNvCsgXDX2mvAJAg_7___rustc35___rust_no_alloc_shim_is_unstable_v2 + 633800
12  chromedriver                        0x0000000104169ef0 _RNvCsgXDX2mvAJAg_7___rustc35___rust_no_alloc_shim_is_unstable_v2 + 318820
13  chromedriver                        0x00000001045e20c8 cxxbridge1$str$ptr + 2692164
14  chromedriver                        0x00000001045e58dc cxxbridge1$str$ptr + 2706520
15  chromedriver                        0x00000001045c284c cxxbridge1$str$ptr + 2563016
16  chromedriver                        0x00000001045e61b4 cxxbridge1$str$ptr + 2708784
17  chromedriver                        0x00000001045b40f4 cxxbridge1$str$ptr + 2503792
18  chromedriver                        0x0000000104605498 cxxbridge1$str$ptr + 2836500
19  chromedriver                        0x000000010460561c cxxbridge1$str$ptr + 2836888
20  chromedriver                        0x00000001046167d8 cxxbridge1$str$ptr + 2906964
21  libsystem_pthread.dylib             0x0000000187809f94 _pthread_start + 136
22  libsystem_pthread.dylib             0x0000000187804d34 thread_start + 8

2025-12-03 07:55:54 [selenium.webdriver.remote.remote_connection] DEBUG: POST http://localhost:61666/session/b3d1ea40d79140ae4ff71c7dd94cd1cc/element/f.353BA92EEAAC468A2145AAFD4E55641B.d.6841BEE517690502BE68CFB1E00B496B.e.44/element {'using': 'css selector', 'value': 'td a'}
2025-12-03 07:55:54 [urllib3.connectionpool] DEBUG: http://localhost:61666 "POST /session/b3d1ea40d79140ae4ff71c7dd94cd1cc/element/f.353BA92EEAAC468A2145AAFD4E55641B.d.6841BEE517690502BE68CFB1E00B496B.e.44/element HTTP/1.1" 404 0
2025-12-03 07:55:54 [selenium.webdriver.remote.remote_connection] DEBUG: Remote response: status=404 | data={"value":{"error":"stale element reference","message":"stale element reference: stale element not found\n  (Session info: chrome=142.0.7444.176)","stacktrace":"0   chromedriver                        0x000000010461eecc cxxbridge1$str$ptr + 2941512\n1   chromedriver                        0x0000000104616b88 cxxbridge1$str$ptr + 2907908\n2   chromedriver                        0x000000010412e2b0 _RNvCsgXDX2mvAJAg_7___rustc35___rust_no_alloc_shim_is_unstable_v2 + 74020\n3   chromedriver                        0x000000010413ee08 _RNvCsgXDX2mvAJAg_7___rustc35___rust_no_alloc_shim_is_unstable_v2 + 142460\n4   chromedriver                        0x000000010413dee4 _RNvCsgXDX2mvAJAg_7___rustc35___rust_no_alloc_shim_is_unstable_v2 + 138584\n5   chromedriver                        0x0000000104134968 _RNvCsgXDX2mvAJAg_7___rustc35___rust_no_alloc_shim_is_unstable_v2 + 100316\n6   chromedriver                        0x0000000104133170 _RNvCsgXDX2mvAJAg_7___rustc35___rust_no_alloc_shim_is_unstable_v2 + 94180\n7   chromedriver                        0x0000000104136314 _RNvCsgXDX2mvAJAg_7___rustc35___rust_no_alloc_shim_is_unstable_v2 + 106888\n8   chromedriver                        0x00000001041363cc _RNvCsgXDX2mvAJAg_7___rustc35___rust_no_alloc_shim_is_unstable_v2 + 107072\n9   chromedriver                        0x000000010417545c _RNvCsgXDX2mvAJAg_7___rustc35___rust_no_alloc_shim_is_unstable_v2 + 365264\n10  chromedriver                        0x000000010416b504 _RNvCsgXDX2mvAJAg_7___rustc35___rust_no_alloc_shim_is_unstable_v2 + 324472\n11  chromedriver                        0x00000001041b6d54 _RNvCsgXDX2mvAJAg_7___rustc35___rust_no_alloc_shim_is_unstable_v2 + 633800\n12  chromedriver                        0x0000000104169ef0 _RNvCsgXDX2mvAJAg_7___rustc35___rust_no_alloc_shim_is_unstable_v2 + 318820\n13  chromedriver                        0x00000001045e20c8 cxxbridge1$str$ptr + 2692164\n14  chromedriver                        0x00000001045e58dc cxxbridge1$str$ptr + 2706520\n15  chromedriver                        0x00000001045c284c cxxbridge1$str$ptr + 2563016\n16  chromedriver                        0x00000001045e61b4 cxxbridge1$str$ptr + 2708784\n17  chromedriver                        0x00000001045b40f4 cxxbridge1$str$ptr + 2503792\n18  chromedriver                        0x0000000104605498 cxxbridge1$str$ptr + 2836500\n19  chromedriver                        0x000000010460561c cxxbridge1$str$ptr + 2836888\n20  chromedriver                        0x00000001046167d8 cxxbridge1$str$ptr + 2906964\n21  libsystem_pthread.dylib             0x0000000187809f94 _pthread_start + 136\n22  libsystem_pthread.dylib             0x0000000187804d34 thread_start + 8\n"}} | headers=HTTPHeaderDict({'Content-Length': '2694', 'Content-Type': 'application/json; charset=utf-8', 'cache-control': 'no-cache'})
2025-12-03 07:55:54 [selenium.webdriver.remote.remote_connection] DEBUG: Finished Request
2025-12-03 07:55:54 [software] DEBUG: Skipping row: Message: stale element reference: stale element not found
  (Session info: chrome=142.0.7444.176); For documentation on this error, please visit: https://www.selenium.dev/documentation/webdriver/troubleshooting/errors#staleelementreferenceexception
Stacktrace:
0   chromedriver                        0x000000010461eecc cxxbridge1$str$ptr + 2941512
1   chromedriver                        0x0000000104616b88 cxxbridge1$str$ptr + 2907908
2   chromedriver                        0x000000010412e2b0 _RNvCsgXDX2mvAJAg_7___rustc35___rust_no_alloc_shim_is_unstable_v2 + 74020
3   chromedriver                        0x000000010413ee08 _RNvCsgXDX2mvAJAg_7___rustc35___rust_no_alloc_shim_is_unstable_v2 + 142460
4   chromedriver                        0x000000010413dee4 _RNvCsgXDX2mvAJAg_7___rustc35___rust_no_alloc_shim_is_unstable_v2 + 138584
5   chromedriver                        0x0000000104134968 _RNvCsgXDX2mvAJAg_7___rustc35___rust_no_alloc_shim_is_unstable_v2 + 100316
6   chromedriver                        0x0000000104133170 _RNvCsgXDX2mvAJAg_7___rustc35___rust_no_alloc_shim_is_unstable_v2 + 94180
7   chromedriver                        0x0000000104136314 _RNvCsgXDX2mvAJAg_7___rustc35___rust_no_alloc_shim_is_unstable_v2 + 106888
8   chromedriver                        0x00000001041363cc _RNvCsgXDX2mvAJAg_7___rustc35___rust_no_alloc_shim_is_unstable_v2 + 107072
9   chromedriver                        0x000000010417545c _RNvCsgXDX2mvAJAg_7___rustc35___rust_no_alloc_shim_is_unstable_v2 + 365264
10  chromedriver                        0x000000010416b504 _RNvCsgXDX2mvAJAg_7___rustc35___rust_no_alloc_shim_is_unstable_v2 + 324472
11  chromedriver                        0x00000001041b6d54 _RNvCsgXDX2mvAJAg_7___rustc35___rust_no_alloc_shim_is_unstable_v2 + 633800
12  chromedriver                        0x0000000104169ef0 _RNvCsgXDX2mvAJAg_7___rustc35___rust_no_alloc_shim_is_unstable_v2 + 318820
13  chromedriver                        0x00000001045e20c8 cxxbridge1$str$ptr + 2692164
14  chromedriver                        0x00000001045e58dc cxxbridge1$str$ptr + 2706520
15  chromedriver                        0x00000001045c284c cxxbridge1$str$ptr + 2563016
16  chromedriver                        0x00000001045e61b4 cxxbridge1$str$ptr + 2708784
17  chromedriver                        0x00000001045b40f4 cxxbridge1$str$ptr + 2503792
18  chromedriver                        0x0000000104605498 cxxbridge1$str$ptr + 2836500
19  chromedriver                        0x000000010460561c cxxbridge1$str$ptr + 2836888
20  chromedriver                        0x00000001046167d8 cxxbridge1$str$ptr + 2906964
21  libsystem_pthread.dylib             0x0000000187809f94 _pthread_start + 136
22  libsystem_pthread.dylib             0x0000000187804d34 thread_start + 8

2025-12-03 07:55:54 [selenium.webdriver.remote.remote_connection] DEBUG: POST http://localhost:61666/session/b3d1ea40d79140ae4ff71c7dd94cd1cc/element/f.353BA92EEAAC468A2145AAFD4E55641B.d.6841BEE517690502BE68CFB1E00B496B.e.45/element {'using': 'css selector', 'value': 'td a'}
2025-12-03 07:55:54 [urllib3.connectionpool] DEBUG: http://localhost:61666 "POST /session/b3d1ea40d79140ae4ff71c7dd94cd1cc/element/f.353BA92EEAAC468A2145AAFD4E55641B.d.6841BEE517690502BE68CFB1E00B496B.e.45/element HTTP/1.1" 404 0
2025-12-03 07:55:54 [selenium.webdriver.remote.remote_connection] DEBUG: Remote response: status=404 | data={"value":{"error":"stale element reference","message":"stale element reference: stale element not found\n  (Session info: chrome=142.0.7444.176)","stacktrace":"0   chromedriver                        0x000000010461eecc cxxbridge1$str$ptr + 2941512\n1   chromedriver                        0x0000000104616b88 cxxbridge1$str$ptr + 2907908\n2   chromedriver                        0x000000010412e2b0 _RNvCsgXDX2mvAJAg_7___rustc35___rust_no_alloc_shim_is_unstable_v2 + 74020\n3   chromedriver                        0x000000010413ee08 _RNvCsgXDX2mvAJAg_7___rustc35___rust_no_alloc_shim_is_unstable_v2 + 142460\n4   chromedriver                        0x000000010413dee4 _RNvCsgXDX2mvAJAg_7___rustc35___rust_no_alloc_shim_is_unstable_v2 + 138584\n5   chromedriver                        0x0000000104134968 _RNvCsgXDX2mvAJAg_7___rustc35___rust_no_alloc_shim_is_unstable_v2 + 100316\n6   chromedriver                        0x0000000104133170 _RNvCsgXDX2mvAJAg_7___rustc35___rust_no_alloc_shim_is_unstable_v2 + 94180\n7   chromedriver                        0x0000000104136314 _RNvCsgXDX2mvAJAg_7___rustc35___rust_no_alloc_shim_is_unstable_v2 + 106888\n8   chromedriver                        0x00000001041363cc _RNvCsgXDX2mvAJAg_7___rustc35___rust_no_alloc_shim_is_unstable_v2 + 107072\n9   chromedriver                        0x000000010417545c _RNvCsgXDX2mvAJAg_7___rustc35___rust_no_alloc_shim_is_unstable_v2 + 365264\n10  chromedriver                        0x000000010416b504 _RNvCsgXDX2mvAJAg_7___rustc35___rust_no_alloc_shim_is_unstable_v2 + 324472\n11  chromedriver                        0x00000001041b6d54 _RNvCsgXDX2mvAJAg_7___rustc35___rust_no_alloc_shim_is_unstable_v2 + 633800\n12  chromedriver                        0x0000000104169ef0 _RNvCsgXDX2mvAJAg_7___rustc35___rust_no_alloc_shim_is_unstable_v2 + 318820\n13  chromedriver                        0x00000001045e20c8 cxxbridge1$str$ptr + 2692164\n14  chromedriver                        0x00000001045e58dc cxxbridge1$str$ptr + 2706520\n15  chromedriver                        0x00000001045c284c cxxbridge1$str$ptr + 2563016\n16  chromedriver                        0x00000001045e61b4 cxxbridge1$str$ptr + 2708784\n17  chromedriver                        0x00000001045b40f4 cxxbridge1$str$ptr + 2503792\n18  chromedriver                        0x0000000104605498 cxxbridge1$str$ptr + 2836500\n19  chromedriver                        0x000000010460561c cxxbridge1$str$ptr + 2836888\n20  chromedriver                        0x00000001046167d8 cxxbridge1$str$ptr + 2906964\n21  libsystem_pthread.dylib             0x0000000187809f94 _pthread_start + 136\n22  libsystem_pthread.dylib             0x0000000187804d34 thread_start + 8\n"}} | headers=HTTPHeaderDict({'Content-Length': '2694', 'Content-Type': 'application/json; charset=utf-8', 'cache-control': 'no-cache'})
2025-12-03 07:55:54 [selenium.webdriver.remote.remote_connection] DEBUG: Finished Request
2025-12-03 07:55:54 [software] DEBUG: Skipping row: Message: stale element reference: stale element not found
  (Session info: chrome=142.0.7444.176); For documentation on this error, please visit: https://www.selenium.dev/documentation/webdriver/troubleshooting/errors#staleelementreferenceexception
Stacktrace:
0   chromedriver                        0x000000010461eecc cxxbridge1$str$ptr + 2941512
1   chromedriver                        0x0000000104616b88 cxxbridge1$str$ptr + 2907908
2   chromedriver                        0x000000010412e2b0 _RNvCsgXDX2mvAJAg_7___rustc35___rust_no_alloc_shim_is_unstable_v2 + 74020
3   chromedriver                        0x000000010413ee08 _RNvCsgXDX2mvAJAg_7___rustc35___rust_no_alloc_shim_is_unstable_v2 + 142460
4   chromedriver                        0x000000010413dee4 _RNvCsgXDX2mvAJAg_7___rustc35___rust_no_alloc_shim_is_unstable_v2 + 138584
5   chromedriver                        0x0000000104134968 _RNvCsgXDX2mvAJAg_7___rustc35___rust_no_alloc_shim_is_unstable_v2 + 100316
6   chromedriver                        0x0000000104133170 _RNvCsgXDX2mvAJAg_7___rustc35___rust_no_alloc_shim_is_unstable_v2 + 94180
7   chromedriver                        0x0000000104136314 _RNvCsgXDX2mvAJAg_7___rustc35___rust_no_alloc_shim_is_unstable_v2 + 106888
8   chromedriver                        0x00000001041363cc _RNvCsgXDX2mvAJAg_7___rustc35___rust_no_alloc_shim_is_unstable_v2 + 107072
9   chromedriver                        0x000000010417545c _RNvCsgXDX2mvAJAg_7___rustc35___rust_no_alloc_shim_is_unstable_v2 + 365264
10  chromedriver                        0x000000010416b504 _RNvCsgXDX2mvAJAg_7___rustc35___rust_no_alloc_shim_is_unstable_v2 + 324472
11  chromedriver                        0x00000001041b6d54 _RNvCsgXDX2mvAJAg_7___rustc35___rust_no_alloc_shim_is_unstable_v2 + 633800
12  chromedriver                        0x0000000104169ef0 _RNvCsgXDX2mvAJAg_7___rustc35___rust_no_alloc_shim_is_unstable_v2 + 318820
13  chromedriver                        0x00000001045e20c8 cxxbridge1$str$ptr + 2692164
14  chromedriver                        0x00000001045e58dc cxxbridge1$str$ptr + 2706520
15  chromedriver                        0x00000001045c284c cxxbridge1$str$ptr + 2563016
16  chromedriver                        0x00000001045e61b4 cxxbridge1$str$ptr + 2708784
17  chromedriver                        0x00000001045b40f4 cxxbridge1$str$ptr + 2503792
18  chromedriver                        0x0000000104605498 cxxbridge1$str$ptr + 2836500
19  chromedriver                        0x000000010460561c cxxbridge1$str$ptr + 2836888
20  chromedriver                        0x00000001046167d8 cxxbridge1$str$ptr + 2906964
21  libsystem_pthread.dylib             0x0000000187809f94 _pthread_start + 136
22  libsystem_pthread.dylib             0x0000000187804d34 thread_start + 8

2025-12-03 07:55:54 [selenium.webdriver.remote.remote_connection] DEBUG: POST http://localhost:61666/session/b3d1ea40d79140ae4ff71c7dd94cd1cc/element/f.353BA92EEAAC468A2145AAFD4E55641B.d.6841BEE517690502BE68CFB1E00B496B.e.46/element {'using': 'css selector', 'value': 'td a'}
2025-12-03 07:55:54 [urllib3.connectionpool] DEBUG: http://localhost:61666 "POST /session/b3d1ea40d79140ae4ff71c7dd94cd1cc/element/f.353BA92EEAAC468A2145AAFD4E55641B.d.6841BEE517690502BE68CFB1E00B496B.e.46/element HTTP/1.1" 404 0
2025-12-03 07:55:54 [selenium.webdriver.remote.remote_connection] DEBUG: Remote response: status=404 | data={"value":{"error":"stale element reference","message":"stale element reference: stale element not found\n  (Session info: chrome=142.0.7444.176)","stacktrace":"0   chromedriver                        0x000000010461eecc cxxbridge1$str$ptr + 2941512\n1   chromedriver                        0x0000000104616b88 cxxbridge1$str$ptr + 2907908\n2   chromedriver                        0x000000010412e2b0 _RNvCsgXDX2mvAJAg_7___rustc35___rust_no_alloc_shim_is_unstable_v2 + 74020\n3   chromedriver                        0x000000010413ee08 _RNvCsgXDX2mvAJAg_7___rustc35___rust_no_alloc_shim_is_unstable_v2 + 142460\n4   chromedriver                        0x000000010413dee4 _RNvCsgXDX2mvAJAg_7___rustc35___rust_no_alloc_shim_is_unstable_v2 + 138584\n5   chromedriver                        0x0000000104134968 _RNvCsgXDX2mvAJAg_7___rustc35___rust_no_alloc_shim_is_unstable_v2 + 100316\n6   chromedriver                        0x0000000104133170 _RNvCsgXDX2mvAJAg_7___rustc35___rust_no_alloc_shim_is_unstable_v2 + 94180\n7   chromedriver                        0x0000000104136314 _RNvCsgXDX2mvAJAg_7___rustc35___rust_no_alloc_shim_is_unstable_v2 + 106888\n8   chromedriver                        0x00000001041363cc _RNvCsgXDX2mvAJAg_7___rustc35___rust_no_alloc_shim_is_unstable_v2 + 107072\n9   chromedriver                        0x000000010417545c _RNvCsgXDX2mvAJAg_7___rustc35___rust_no_alloc_shim_is_unstable_v2 + 365264\n10  chromedriver                        0x000000010416b504 _RNvCsgXDX2mvAJAg_7___rustc35___rust_no_alloc_shim_is_unstable_v2 + 324472\n11  chromedriver                        0x00000001041b6d54 _RNvCsgXDX2mvAJAg_7___rustc35___rust_no_alloc_shim_is_unstable_v2 + 633800\n12  chromedriver                        0x0000000104169ef0 _RNvCsgXDX2mvAJAg_7___rustc35___rust_no_alloc_shim_is_unstable_v2 + 318820\n13  chromedriver                        0x00000001045e20c8 cxxbridge1$str$ptr + 2692164\n14  chromedriver                        0x00000001045e58dc cxxbridge1$str$ptr + 2706520\n15  chromedriver                        0x00000001045c284c cxxbridge1$str$ptr + 2563016\n16  chromedriver                        0x00000001045e61b4 cxxbridge1$str$ptr + 2708784\n17  chromedriver                        0x00000001045b40f4 cxxbridge1$str$ptr + 2503792\n18  chromedriver                        0x0000000104605498 cxxbridge1$str$ptr + 2836500\n19  chromedriver                        0x000000010460561c cxxbridge1$str$ptr + 2836888\n20  chromedriver                        0x00000001046167d8 cxxbridge1$str$ptr + 2906964\n21  libsystem_pthread.dylib             0x0000000187809f94 _pthread_start + 136\n22  libsystem_pthread.dylib             0x0000000187804d34 thread_start + 8\n"}} | headers=HTTPHeaderDict({'Content-Length': '2694', 'Content-Type': 'application/json; charset=utf-8', 'cache-control': 'no-cache'})
2025-12-03 07:55:54 [selenium.webdriver.remote.remote_connection] DEBUG: Finished Request
2025-12-03 07:55:54 [software] DEBUG: Skipping row: Message: stale element reference: stale element not found
  (Session info: chrome=142.0.7444.176); For documentation on this error, please visit: https://www.selenium.dev/documentation/webdriver/troubleshooting/errors#staleelementreferenceexception
Stacktrace:
0   chromedriver                        0x000000010461eecc cxxbridge1$str$ptr + 2941512
1   chromedriver                        0x0000000104616b88 cxxbridge1$str$ptr + 2907908
2   chromedriver                        0x000000010412e2b0 _RNvCsgXDX2mvAJAg_7___rustc35___rust_no_alloc_shim_is_unstable_v2 + 74020
3   chromedriver                        0x000000010413ee08 _RNvCsgXDX2mvAJAg_7___rustc35___rust_no_alloc_shim_is_unstable_v2 + 142460
4   chromedriver                        0x000000010413dee4 _RNvCsgXDX2mvAJAg_7___rustc35___rust_no_alloc_shim_is_unstable_v2 + 138584
5   chromedriver                        0x0000000104134968 _RNvCsgXDX2mvAJAg_7___rustc35___rust_no_alloc_shim_is_unstable_v2 + 100316
6   chromedriver                        0x0000000104133170 _RNvCsgXDX2mvAJAg_7___rustc35___rust_no_alloc_shim_is_unstable_v2 + 94180
7   chromedriver                        0x0000000104136314 _RNvCsgXDX2mvAJAg_7___rustc35___rust_no_alloc_shim_is_unstable_v2 + 106888
8   chromedriver                        0x00000001041363cc _RNvCsgXDX2mvAJAg_7___rustc35___rust_no_alloc_shim_is_unstable_v2 + 107072
9   chromedriver                        0x000000010417545c _RNvCsgXDX2mvAJAg_7___rustc35___rust_no_alloc_shim_is_unstable_v2 + 365264
10  chromedriver                        0x000000010416b504 _RNvCsgXDX2mvAJAg_7___rustc35___rust_no_alloc_shim_is_unstable_v2 + 324472
11  chromedriver                        0x00000001041b6d54 _RNvCsgXDX2mvAJAg_7___rustc35___rust_no_alloc_shim_is_unstable_v2 + 633800
12  chromedriver                        0x0000000104169ef0 _RNvCsgXDX2mvAJAg_7___rustc35___rust_no_alloc_shim_is_unstable_v2 + 318820
13  chromedriver                        0x00000001045e20c8 cxxbridge1$str$ptr + 2692164
14  chromedriver                        0x00000001045e58dc cxxbridge1$str$ptr + 2706520
15  chromedriver                        0x00000001045c284c cxxbridge1$str$ptr + 2563016
16  chromedriver                        0x00000001045e61b4 cxxbridge1$str$ptr + 2708784
17  chromedriver                        0x00000001045b40f4 cxxbridge1$str$ptr + 2503792
18  chromedriver                        0x0000000104605498 cxxbridge1$str$ptr + 2836500
19  chromedriver                        0x000000010460561c cxxbridge1$str$ptr + 2836888
20  chromedriver                        0x00000001046167d8 cxxbridge1$str$ptr + 2906964
21  libsystem_pthread.dylib             0x0000000187809f94 _pthread_start + 136
22  libsystem_pthread.dylib             0x0000000187804d34 thread_start + 8

2025-12-03 07:55:54 [selenium.webdriver.remote.remote_connection] DEBUG: POST http://localhost:61666/session/b3d1ea40d79140ae4ff71c7dd94cd1cc/element/f.353BA92EEAAC468A2145AAFD4E55641B.d.6841BEE517690502BE68CFB1E00B496B.e.47/element {'using': 'css selector', 'value': 'td a'}
2025-12-03 07:55:54 [urllib3.connectionpool] DEBUG: http://localhost:61666 "POST /session/b3d1ea40d79140ae4ff71c7dd94cd1cc/element/f.353BA92EEAAC468A2145AAFD4E55641B.d.6841BEE517690502BE68CFB1E00B496B.e.47/element HTTP/1.1" 404 0
2025-12-03 07:55:54 [selenium.webdriver.remote.remote_connection] DEBUG: Remote response: status=404 | data={"value":{"error":"stale element reference","message":"stale element reference: stale element not found\n  (Session info: chrome=142.0.7444.176)","stacktrace":"0   chromedriver                        0x000000010461eecc cxxbridge1$str$ptr + 2941512\n1   chromedriver                        0x0000000104616b88 cxxbridge1$str$ptr + 2907908\n2   chromedriver                        0x000000010412e2b0 _RNvCsgXDX2mvAJAg_7___rustc35___rust_no_alloc_shim_is_unstable_v2 + 74020\n3   chromedriver                        0x000000010413ee08 _RNvCsgXDX2mvAJAg_7___rustc35___rust_no_alloc_shim_is_unstable_v2 + 142460\n4   chromedriver                        0x000000010413dee4 _RNvCsgXDX2mvAJAg_7___rustc35___rust_no_alloc_shim_is_unstable_v2 + 138584\n5   chromedriver                        0x0000000104134968 _RNvCsgXDX2mvAJAg_7___rustc35___rust_no_alloc_shim_is_unstable_v2 + 100316\n6   chromedriver                        0x0000000104133170 _RNvCsgXDX2mvAJAg_7___rustc35___rust_no_alloc_shim_is_unstable_v2 + 94180\n7   chromedriver                        0x0000000104136314 _RNvCsgXDX2mvAJAg_7___rustc35___rust_no_alloc_shim_is_unstable_v2 + 106888\n8   chromedriver                        0x00000001041363cc _RNvCsgXDX2mvAJAg_7___rustc35___rust_no_alloc_shim_is_unstable_v2 + 107072\n9   chromedriver                        0x000000010417545c _RNvCsgXDX2mvAJAg_7___rustc35___rust_no_alloc_shim_is_unstable_v2 + 365264\n10  chromedriver                        0x000000010416b504 _RNvCsgXDX2mvAJAg_7___rustc35___rust_no_alloc_shim_is_unstable_v2 + 324472\n11  chromedriver                        0x00000001041b6d54 _RNvCsgXDX2mvAJAg_7___rustc35___rust_no_alloc_shim_is_unstable_v2 + 633800\n12  chromedriver                        0x0000000104169ef0 _RNvCsgXDX2mvAJAg_7___rustc35___rust_no_alloc_shim_is_unstable_v2 + 318820\n13  chromedriver                        0x00000001045e20c8 cxxbridge1$str$ptr + 2692164\n14  chromedriver                        0x00000001045e58dc cxxbridge1$str$ptr + 2706520\n15  chromedriver                        0x00000001045c284c cxxbridge1$str$ptr + 2563016\n16  chromedriver                        0x00000001045e61b4 cxxbridge1$str$ptr + 2708784\n17  chromedriver                        0x00000001045b40f4 cxxbridge1$str$ptr + 2503792\n18  chromedriver                        0x0000000104605498 cxxbridge1$str$ptr + 2836500\n19  chromedriver                        0x000000010460561c cxxbridge1$str$ptr + 2836888\n20  chromedriver                        0x00000001046167d8 cxxbridge1$str$ptr + 2906964\n21  libsystem_pthread.dylib             0x0000000187809f94 _pthread_start + 136\n22  libsystem_pthread.dylib             0x0000000187804d34 thread_start + 8\n"}} | headers=HTTPHeaderDict({'Content-Length': '2694', 'Content-Type': 'application/json; charset=utf-8', 'cache-control': 'no-cache'})
2025-12-03 07:55:54 [selenium.webdriver.remote.remote_connection] DEBUG: Finished Request
2025-12-03 07:55:54 [software] DEBUG: Skipping row: Message: stale element reference: stale element not found
  (Session info: chrome=142.0.7444.176); For documentation on this error, please visit: https://www.selenium.dev/documentation/webdriver/troubleshooting/errors#staleelementreferenceexception
Stacktrace:
0   chromedriver                        0x000000010461eecc cxxbridge1$str$ptr + 2941512
1   chromedriver                        0x0000000104616b88 cxxbridge1$str$ptr + 2907908
2   chromedriver                        0x000000010412e2b0 _RNvCsgXDX2mvAJAg_7___rustc35___rust_no_alloc_shim_is_unstable_v2 + 74020
3   chromedriver                        0x000000010413ee08 _RNvCsgXDX2mvAJAg_7___rustc35___rust_no_alloc_shim_is_unstable_v2 + 142460
4   chromedriver                        0x000000010413dee4 _RNvCsgXDX2mvAJAg_7___rustc35___rust_no_alloc_shim_is_unstable_v2 + 138584
5   chromedriver                        0x0000000104134968 _RNvCsgXDX2mvAJAg_7___rustc35___rust_no_alloc_shim_is_unstable_v2 + 100316
6   chromedriver                        0x0000000104133170 _RNvCsgXDX2mvAJAg_7___rustc35___rust_no_alloc_shim_is_unstable_v2 + 94180
7   chromedriver                        0x0000000104136314 _RNvCsgXDX2mvAJAg_7___rustc35___rust_no_alloc_shim_is_unstable_v2 + 106888
8   chromedriver                        0x00000001041363cc _RNvCsgXDX2mvAJAg_7___rustc35___rust_no_alloc_shim_is_unstable_v2 + 107072
9   chromedriver                        0x000000010417545c _RNvCsgXDX2mvAJAg_7___rustc35___rust_no_alloc_shim_is_unstable_v2 + 365264
10  chromedriver                        0x000000010416b504 _RNvCsgXDX2mvAJAg_7___rustc35___rust_no_alloc_shim_is_unstable_v2 + 324472
11  chromedriver                        0x00000001041b6d54 _RNvCsgXDX2mvAJAg_7___rustc35___rust_no_alloc_shim_is_unstable_v2 + 633800
12  chromedriver                        0x0000000104169ef0 _RNvCsgXDX2mvAJAg_7___rustc35___rust_no_alloc_shim_is_unstable_v2 + 318820
13  chromedriver                        0x00000001045e20c8 cxxbridge1$str$ptr + 2692164
14  chromedriver                        0x00000001045e58dc cxxbridge1$str$ptr + 2706520
15  chromedriver                        0x00000001045c284c cxxbridge1$str$ptr + 2563016
16  chromedriver                        0x00000001045e61b4 cxxbridge1$str$ptr + 2708784
17  chromedriver                        0x00000001045b40f4 cxxbridge1$str$ptr + 2503792
18  chromedriver                        0x0000000104605498 cxxbridge1$str$ptr + 2836500
19  chromedriver                        0x000000010460561c cxxbridge1$str$ptr + 2836888
20  chromedriver                        0x00000001046167d8 cxxbridge1$str$ptr + 2906964
21  libsystem_pthread.dylib             0x0000000187809f94 _pthread_start + 136
22  libsystem_pthread.dylib             0x0000000187804d34 thread_start + 8

2025-12-03 07:55:54 [selenium.webdriver.remote.remote_connection] DEBUG: POST http://localhost:61666/session/b3d1ea40d79140ae4ff71c7dd94cd1cc/element/f.353BA92EEAAC468A2145AAFD4E55641B.d.6841BEE517690502BE68CFB1E00B496B.e.48/element {'using': 'css selector', 'value': 'td a'}
2025-12-03 07:55:54 [urllib3.connectionpool] DEBUG: http://localhost:61666 "POST /session/b3d1ea40d79140ae4ff71c7dd94cd1cc/element/f.353BA92EEAAC468A2145AAFD4E55641B.d.6841BEE517690502BE68CFB1E00B496B.e.48/element HTTP/1.1" 404 0
2025-12-03 07:55:54 [selenium.webdriver.remote.remote_connection] DEBUG: Remote response: status=404 | data={"value":{"error":"stale element reference","message":"stale element reference: stale element not found\n  (Session info: chrome=142.0.7444.176)","stacktrace":"0   chromedriver                        0x000000010461eecc cxxbridge1$str$ptr + 2941512\n1   chromedriver                        0x0000000104616b88 cxxbridge1$str$ptr + 2907908\n2   chromedriver                        0x000000010412e2b0 _RNvCsgXDX2mvAJAg_7___rustc35___rust_no_alloc_shim_is_unstable_v2 + 74020\n3   chromedriver                        0x000000010413ee08 _RNvCsgXDX2mvAJAg_7___rustc35___rust_no_alloc_shim_is_unstable_v2 + 142460\n4   chromedriver                        0x000000010413dee4 _RNvCsgXDX2mvAJAg_7___rustc35___rust_no_alloc_shim_is_unstable_v2 + 138584\n5   chromedriver                        0x0000000104134968 _RNvCsgXDX2mvAJAg_7___rustc35___rust_no_alloc_shim_is_unstable_v2 + 100316\n6   chromedriver                        0x0000000104133170 _RNvCsgXDX2mvAJAg_7___rustc35___rust_no_alloc_shim_is_unstable_v2 + 94180\n7   chromedriver                        0x0000000104136314 _RNvCsgXDX2mvAJAg_7___rustc35___rust_no_alloc_shim_is_unstable_v2 + 106888\n8   chromedriver                        0x00000001041363cc _RNvCsgXDX2mvAJAg_7___rustc35___rust_no_alloc_shim_is_unstable_v2 + 107072\n9   chromedriver                        0x000000010417545c _RNvCsgXDX2mvAJAg_7___rustc35___rust_no_alloc_shim_is_unstable_v2 + 365264\n10  chromedriver                        0x000000010416b504 _RNvCsgXDX2mvAJAg_7___rustc35___rust_no_alloc_shim_is_unstable_v2 + 324472\n11  chromedriver                        0x00000001041b6d54 _RNvCsgXDX2mvAJAg_7___rustc35___rust_no_alloc_shim_is_unstable_v2 + 633800\n12  chromedriver                        0x0000000104169ef0 _RNvCsgXDX2mvAJAg_7___rustc35___rust_no_alloc_shim_is_unstable_v2 + 318820\n13  chromedriver                        0x00000001045e20c8 cxxbridge1$str$ptr + 2692164\n14  chromedriver                        0x00000001045e58dc cxxbridge1$str$ptr + 2706520\n15  chromedriver                        0x00000001045c284c cxxbridge1$str$ptr + 2563016\n16  chromedriver                        0x00000001045e61b4 cxxbridge1$str$ptr + 2708784\n17  chromedriver                        0x00000001045b40f4 cxxbridge1$str$ptr + 2503792\n18  chromedriver                        0x0000000104605498 cxxbridge1$str$ptr + 2836500\n19  chromedriver                        0x000000010460561c cxxbridge1$str$ptr + 2836888\n20  chromedriver                        0x00000001046167d8 cxxbridge1$str$ptr + 2906964\n21  libsystem_pthread.dylib             0x0000000187809f94 _pthread_start + 136\n22  libsystem_pthread.dylib             0x0000000187804d34 thread_start + 8\n"}} | headers=HTTPHeaderDict({'Content-Length': '2694', 'Content-Type': 'application/json; charset=utf-8', 'cache-control': 'no-cache'})
2025-12-03 07:55:54 [selenium.webdriver.remote.remote_connection] DEBUG: Finished Request
2025-12-03 07:55:54 [software] DEBUG: Skipping row: Message: stale element reference: stale element not found
  (Session info: chrome=142.0.7444.176); For documentation on this error, please visit: https://www.selenium.dev/documentation/webdriver/troubleshooting/errors#staleelementreferenceexception
Stacktrace:
0   chromedriver                        0x000000010461eecc cxxbridge1$str$ptr + 2941512
1   chromedriver                        0x0000000104616b88 cxxbridge1$str$ptr + 2907908
2   chromedriver                        0x000000010412e2b0 _RNvCsgXDX2mvAJAg_7___rustc35___rust_no_alloc_shim_is_unstable_v2 + 74020
3   chromedriver                        0x000000010413ee08 _RNvCsgXDX2mvAJAg_7___rustc35___rust_no_alloc_shim_is_unstable_v2 + 142460
4   chromedriver                        0x000000010413dee4 _RNvCsgXDX2mvAJAg_7___rustc35___rust_no_alloc_shim_is_unstable_v2 + 138584
5   chromedriver                        0x0000000104134968 _RNvCsgXDX2mvAJAg_7___rustc35___rust_no_alloc_shim_is_unstable_v2 + 100316
6   chromedriver                        0x0000000104133170 _RNvCsgXDX2mvAJAg_7___rustc35___rust_no_alloc_shim_is_unstable_v2 + 94180
7   chromedriver                        0x0000000104136314 _RNvCsgXDX2mvAJAg_7___rustc35___rust_no_alloc_shim_is_unstable_v2 + 106888
8   chromedriver                        0x00000001041363cc _RNvCsgXDX2mvAJAg_7___rustc35___rust_no_alloc_shim_is_unstable_v2 + 107072
9   chromedriver                        0x000000010417545c _RNvCsgXDX2mvAJAg_7___rustc35___rust_no_alloc_shim_is_unstable_v2 + 365264
10  chromedriver                        0x000000010416b504 _RNvCsgXDX2mvAJAg_7___rustc35___rust_no_alloc_shim_is_unstable_v2 + 324472
11  chromedriver                        0x00000001041b6d54 _RNvCsgXDX2mvAJAg_7___rustc35___rust_no_alloc_shim_is_unstable_v2 + 633800
12  chromedriver                        0x0000000104169ef0 _RNvCsgXDX2mvAJAg_7___rustc35___rust_no_alloc_shim_is_unstable_v2 + 318820
13  chromedriver                        0x00000001045e20c8 cxxbridge1$str$ptr + 2692164
14  chromedriver                        0x00000001045e58dc cxxbridge1$str$ptr + 2706520
15  chromedriver                        0x00000001045c284c cxxbridge1$str$ptr + 2563016
16  chromedriver                        0x00000001045e61b4 cxxbridge1$str$ptr + 2708784
17  chromedriver                        0x00000001045b40f4 cxxbridge1$str$ptr + 2503792
18  chromedriver                        0x0000000104605498 cxxbridge1$str$ptr + 2836500
19  chromedriver                        0x000000010460561c cxxbridge1$str$ptr + 2836888
20  chromedriver                        0x00000001046167d8 cxxbridge1$str$ptr + 2906964
21  libsystem_pthread.dylib             0x0000000187809f94 _pthread_start + 136
22  libsystem_pthread.dylib             0x0000000187804d34 thread_start + 8

2025-12-03 07:55:54 [selenium.webdriver.remote.remote_connection] DEBUG: POST http://localhost:61666/session/b3d1ea40d79140ae4ff71c7dd94cd1cc/element/f.353BA92EEAAC468A2145AAFD4E55641B.d.6841BEE517690502BE68CFB1E00B496B.e.49/element {'using': 'css selector', 'value': 'td a'}
2025-12-03 07:55:54 [urllib3.connectionpool] DEBUG: http://localhost:61666 "POST /session/b3d1ea40d79140ae4ff71c7dd94cd1cc/element/f.353BA92EEAAC468A2145AAFD4E55641B.d.6841BEE517690502BE68CFB1E00B496B.e.49/element HTTP/1.1" 404 0
2025-12-03 07:55:54 [selenium.webdriver.remote.remote_connection] DEBUG: Remote response: status=404 | data={"value":{"error":"stale element reference","message":"stale element reference: stale element not found\n  (Session info: chrome=142.0.7444.176)","stacktrace":"0   chromedriver                        0x000000010461eecc cxxbridge1$str$ptr + 2941512\n1   chromedriver                        0x0000000104616b88 cxxbridge1$str$ptr + 2907908\n2   chromedriver                        0x000000010412e2b0 _RNvCsgXDX2mvAJAg_7___rustc35___rust_no_alloc_shim_is_unstable_v2 + 74020\n3   chromedriver                        0x000000010413ee08 _RNvCsgXDX2mvAJAg_7___rustc35___rust_no_alloc_shim_is_unstable_v2 + 142460\n4   chromedriver                        0x000000010413dee4 _RNvCsgXDX2mvAJAg_7___rustc35___rust_no_alloc_shim_is_unstable_v2 + 138584\n5   chromedriver                        0x0000000104134968 _RNvCsgXDX2mvAJAg_7___rustc35___rust_no_alloc_shim_is_unstable_v2 + 100316\n6   chromedriver                        0x0000000104133170 _RNvCsgXDX2mvAJAg_7___rustc35___rust_no_alloc_shim_is_unstable_v2 + 94180\n7   chromedriver                        0x0000000104136314 _RNvCsgXDX2mvAJAg_7___rustc35___rust_no_alloc_shim_is_unstable_v2 + 106888\n8   chromedriver                        0x00000001041363cc _RNvCsgXDX2mvAJAg_7___rustc35___rust_no_alloc_shim_is_unstable_v2 + 107072\n9   chromedriver                        0x000000010417545c _RNvCsgXDX2mvAJAg_7___rustc35___rust_no_alloc_shim_is_unstable_v2 + 365264\n10  chromedriver                        0x000000010416b504 _RNvCsgXDX2mvAJAg_7___rustc35___rust_no_alloc_shim_is_unstable_v2 + 324472\n11  chromedriver                        0x00000001041b6d54 _RNvCsgXDX2mvAJAg_7___rustc35___rust_no_alloc_shim_is_unstable_v2 + 633800\n12  chromedriver                        0x0000000104169ef0 _RNvCsgXDX2mvAJAg_7___rustc35___rust_no_alloc_shim_is_unstable_v2 + 318820\n13  chromedriver                        0x00000001045e20c8 cxxbridge1$str$ptr + 2692164\n14  chromedriver                        0x00000001045e58dc cxxbridge1$str$ptr + 2706520\n15  chromedriver                        0x00000001045c284c cxxbridge1$str$ptr + 2563016\n16  chromedriver                        0x00000001045e61b4 cxxbridge1$str$ptr + 2708784\n17  chromedriver                        0x00000001045b40f4 cxxbridge1$str$ptr + 2503792\n18  chromedriver                        0x0000000104605498 cxxbridge1$str$ptr + 2836500\n19  chromedriver                        0x000000010460561c cxxbridge1$str$ptr + 2836888\n20  chromedriver                        0x00000001046167d8 cxxbridge1$str$ptr + 2906964\n21  libsystem_pthread.dylib             0x0000000187809f94 _pthread_start + 136\n22  libsystem_pthread.dylib             0x0000000187804d34 thread_start + 8\n"}} | headers=HTTPHeaderDict({'Content-Length': '2694', 'Content-Type': 'application/json; charset=utf-8', 'cache-control': 'no-cache'})
2025-12-03 07:55:54 [selenium.webdriver.remote.remote_connection] DEBUG: Finished Request
2025-12-03 07:55:54 [software] DEBUG: Skipping row: Message: stale element reference: stale element not found
  (Session info: chrome=142.0.7444.176); For documentation on this error, please visit: https://www.selenium.dev/documentation/webdriver/troubleshooting/errors#staleelementreferenceexception
Stacktrace:
0   chromedriver                        0x000000010461eecc cxxbridge1$str$ptr + 2941512
1   chromedriver                        0x0000000104616b88 cxxbridge1$str$ptr + 2907908
2   chromedriver                        0x000000010412e2b0 _RNvCsgXDX2mvAJAg_7___rustc35___rust_no_alloc_shim_is_unstable_v2 + 74020
3   chromedriver                        0x000000010413ee08 _RNvCsgXDX2mvAJAg_7___rustc35___rust_no_alloc_shim_is_unstable_v2 + 142460
4   chromedriver                        0x000000010413dee4 _RNvCsgXDX2mvAJAg_7___rustc35___rust_no_alloc_shim_is_unstable_v2 + 138584
5   chromedriver                        0x0000000104134968 _RNvCsgXDX2mvAJAg_7___rustc35___rust_no_alloc_shim_is_unstable_v2 + 100316
6   chromedriver                        0x0000000104133170 _RNvCsgXDX2mvAJAg_7___rustc35___rust_no_alloc_shim_is_unstable_v2 + 94180
7   chromedriver                        0x0000000104136314 _RNvCsgXDX2mvAJAg_7___rustc35___rust_no_alloc_shim_is_unstable_v2 + 106888
8   chromedriver                        0x00000001041363cc _RNvCsgXDX2mvAJAg_7___rustc35___rust_no_alloc_shim_is_unstable_v2 + 107072
9   chromedriver                        0x000000010417545c _RNvCsgXDX2mvAJAg_7___rustc35___rust_no_alloc_shim_is_unstable_v2 + 365264
10  chromedriver                        0x000000010416b504 _RNvCsgXDX2mvAJAg_7___rustc35___rust_no_alloc_shim_is_unstable_v2 + 324472
11  chromedriver                        0x00000001041b6d54 _RNvCsgXDX2mvAJAg_7___rustc35___rust_no_alloc_shim_is_unstable_v2 + 633800
12  chromedriver                        0x0000000104169ef0 _RNvCsgXDX2mvAJAg_7___rustc35___rust_no_alloc_shim_is_unstable_v2 + 318820
13  chromedriver                        0x00000001045e20c8 cxxbridge1$str$ptr + 2692164
14  chromedriver                        0x00000001045e58dc cxxbridge1$str$ptr + 2706520
15  chromedriver                        0x00000001045c284c cxxbridge1$str$ptr + 2563016
16  chromedriver                        0x00000001045e61b4 cxxbridge1$str$ptr + 2708784
17  chromedriver                        0x00000001045b40f4 cxxbridge1$str$ptr + 2503792
18  chromedriver                        0x0000000104605498 cxxbridge1$str$ptr + 2836500
19  chromedriver                        0x000000010460561c cxxbridge1$str$ptr + 2836888
20  chromedriver                        0x00000001046167d8 cxxbridge1$str$ptr + 2906964
21  libsystem_pthread.dylib             0x0000000187809f94 _pthread_start + 136
22  libsystem_pthread.dylib             0x0000000187804d34 thread_start + 8

2025-12-03 07:55:54 [selenium.webdriver.remote.remote_connection] DEBUG: POST http://localhost:61666/session/b3d1ea40d79140ae4ff71c7dd94cd1cc/element/f.353BA92EEAAC468A2145AAFD4E55641B.d.6841BEE517690502BE68CFB1E00B496B.e.50/element {'using': 'css selector', 'value': 'td a'}
2025-12-03 07:55:54 [urllib3.connectionpool] DEBUG: http://localhost:61666 "POST /session/b3d1ea40d79140ae4ff71c7dd94cd1cc/element/f.353BA92EEAAC468A2145AAFD4E55641B.d.6841BEE517690502BE68CFB1E00B496B.e.50/element HTTP/1.1" 404 0
2025-12-03 07:55:54 [selenium.webdriver.remote.remote_connection] DEBUG: Remote response: status=404 | data={"value":{"error":"stale element reference","message":"stale element reference: stale element not found\n  (Session info: chrome=142.0.7444.176)","stacktrace":"0   chromedriver                        0x000000010461eecc cxxbridge1$str$ptr + 2941512\n1   chromedriver                        0x0000000104616b88 cxxbridge1$str$ptr + 2907908\n2   chromedriver                        0x000000010412e2b0 _RNvCsgXDX2mvAJAg_7___rustc35___rust_no_alloc_shim_is_unstable_v2 + 74020\n3   chromedriver                        0x000000010413ee08 _RNvCsgXDX2mvAJAg_7___rustc35___rust_no_alloc_shim_is_unstable_v2 + 142460\n4   chromedriver                        0x000000010413dee4 _RNvCsgXDX2mvAJAg_7___rustc35___rust_no_alloc_shim_is_unstable_v2 + 138584\n5   chromedriver                        0x0000000104134968 _RNvCsgXDX2mvAJAg_7___rustc35___rust_no_alloc_shim_is_unstable_v2 + 100316\n6   chromedriver                        0x0000000104133170 _RNvCsgXDX2mvAJAg_7___rustc35___rust_no_alloc_shim_is_unstable_v2 + 94180\n7   chromedriver                        0x0000000104136314 _RNvCsgXDX2mvAJAg_7___rustc35___rust_no_alloc_shim_is_unstable_v2 + 106888\n8   chromedriver                        0x00000001041363cc _RNvCsgXDX2mvAJAg_7___rustc35___rust_no_alloc_shim_is_unstable_v2 + 107072\n9   chromedriver                        0x000000010417545c _RNvCsgXDX2mvAJAg_7___rustc35___rust_no_alloc_shim_is_unstable_v2 + 365264\n10  chromedriver                        0x000000010416b504 _RNvCsgXDX2mvAJAg_7___rustc35___rust_no_alloc_shim_is_unstable_v2 + 324472\n11  chromedriver                        0x00000001041b6d54 _RNvCsgXDX2mvAJAg_7___rustc35___rust_no_alloc_shim_is_unstable_v2 + 633800\n12  chromedriver                        0x0000000104169ef0 _RNvCsgXDX2mvAJAg_7___rustc35___rust_no_alloc_shim_is_unstable_v2 + 318820\n13  chromedriver                        0x00000001045e20c8 cxxbridge1$str$ptr + 2692164\n14  chromedriver                        0x00000001045e58dc cxxbridge1$str$ptr + 2706520\n15  chromedriver                        0x00000001045c284c cxxbridge1$str$ptr + 2563016\n16  chromedriver                        0x00000001045e61b4 cxxbridge1$str$ptr + 2708784\n17  chromedriver                        0x00000001045b40f4 cxxbridge1$str$ptr + 2503792\n18  chromedriver                        0x0000000104605498 cxxbridge1$str$ptr + 2836500\n19  chromedriver                        0x000000010460561c cxxbridge1$str$ptr + 2836888\n20  chromedriver                        0x00000001046167d8 cxxbridge1$str$ptr + 2906964\n21  libsystem_pthread.dylib             0x0000000187809f94 _pthread_start + 136\n22  libsystem_pthread.dylib             0x0000000187804d34 thread_start + 8\n"}} | headers=HTTPHeaderDict({'Content-Length': '2694', 'Content-Type': 'application/json; charset=utf-8', 'cache-control': 'no-cache'})
2025-12-03 07:55:54 [selenium.webdriver.remote.remote_connection] DEBUG: Finished Request
2025-12-03 07:55:54 [software] DEBUG: Skipping row: Message: stale element reference: stale element not found
  (Session info: chrome=142.0.7444.176); For documentation on this error, please visit: https://www.selenium.dev/documentation/webdriver/troubleshooting/errors#staleelementreferenceexception
Stacktrace:
0   chromedriver                        0x000000010461eecc cxxbridge1$str$ptr + 2941512
1   chromedriver                        0x0000000104616b88 cxxbridge1$str$ptr + 2907908
2   chromedriver                        0x000000010412e2b0 _RNvCsgXDX2mvAJAg_7___rustc35___rust_no_alloc_shim_is_unstable_v2 + 74020
3   chromedriver                        0x000000010413ee08 _RNvCsgXDX2mvAJAg_7___rustc35___rust_no_alloc_shim_is_unstable_v2 + 142460
4   chromedriver                        0x000000010413dee4 _RNvCsgXDX2mvAJAg_7___rustc35___rust_no_alloc_shim_is_unstable_v2 + 138584
5   chromedriver                        0x0000000104134968 _RNvCsgXDX2mvAJAg_7___rustc35___rust_no_alloc_shim_is_unstable_v2 + 100316
6   chromedriver                        0x0000000104133170 _RNvCsgXDX2mvAJAg_7___rustc35___rust_no_alloc_shim_is_unstable_v2 + 94180
7   chromedriver                        0x0000000104136314 _RNvCsgXDX2mvAJAg_7___rustc35___rust_no_alloc_shim_is_unstable_v2 + 106888
8   chromedriver                        0x00000001041363cc _RNvCsgXDX2mvAJAg_7___rustc35___rust_no_alloc_shim_is_unstable_v2 + 107072
9   chromedriver                        0x000000010417545c _RNvCsgXDX2mvAJAg_7___rustc35___rust_no_alloc_shim_is_unstable_v2 + 365264
10  chromedriver                        0x000000010416b504 _RNvCsgXDX2mvAJAg_7___rustc35___rust_no_alloc_shim_is_unstable_v2 + 324472
11  chromedriver                        0x00000001041b6d54 _RNvCsgXDX2mvAJAg_7___rustc35___rust_no_alloc_shim_is_unstable_v2 + 633800
12  chromedriver                        0x0000000104169ef0 _RNvCsgXDX2mvAJAg_7___rustc35___rust_no_alloc_shim_is_unstable_v2 + 318820
13  chromedriver                        0x00000001045e20c8 cxxbridge1$str$ptr + 2692164
14  chromedriver                        0x00000001045e58dc cxxbridge1$str$ptr + 2706520
15  chromedriver                        0x00000001045c284c cxxbridge1$str$ptr + 2563016
16  chromedriver                        0x00000001045e61b4 cxxbridge1$str$ptr + 2708784
17  chromedriver                        0x00000001045b40f4 cxxbridge1$str$ptr + 2503792
18  chromedriver                        0x0000000104605498 cxxbridge1$str$ptr + 2836500
19  chromedriver                        0x000000010460561c cxxbridge1$str$ptr + 2836888
20  chromedriver                        0x00000001046167d8 cxxbridge1$str$ptr + 2906964
21  libsystem_pthread.dylib             0x0000000187809f94 _pthread_start + 136
22  libsystem_pthread.dylib             0x0000000187804d34 thread_start + 8

2025-12-03 07:55:54 [selenium.webdriver.remote.remote_connection] DEBUG: POST http://localhost:61666/session/b3d1ea40d79140ae4ff71c7dd94cd1cc/element/f.353BA92EEAAC468A2145AAFD4E55641B.d.6841BEE517690502BE68CFB1E00B496B.e.51/element {'using': 'css selector', 'value': 'td a'}
2025-12-03 07:55:54 [urllib3.connectionpool] DEBUG: http://localhost:61666 "POST /session/b3d1ea40d79140ae4ff71c7dd94cd1cc/element/f.353BA92EEAAC468A2145AAFD4E55641B.d.6841BEE517690502BE68CFB1E00B496B.e.51/element HTTP/1.1" 404 0
2025-12-03 07:55:54 [selenium.webdriver.remote.remote_connection] DEBUG: Remote response: status=404 | data={"value":{"error":"stale element reference","message":"stale element reference: stale element not found\n  (Session info: chrome=142.0.7444.176)","stacktrace":"0   chromedriver                        0x000000010461eecc cxxbridge1$str$ptr + 2941512\n1   chromedriver                        0x0000000104616b88 cxxbridge1$str$ptr + 2907908\n2   chromedriver                        0x000000010412e2b0 _RNvCsgXDX2mvAJAg_7___rustc35___rust_no_alloc_shim_is_unstable_v2 + 74020\n3   chromedriver                        0x000000010413ee08 _RNvCsgXDX2mvAJAg_7___rustc35___rust_no_alloc_shim_is_unstable_v2 + 142460\n4   chromedriver                        0x000000010413dee4 _RNvCsgXDX2mvAJAg_7___rustc35___rust_no_alloc_shim_is_unstable_v2 + 138584\n5   chromedriver                        0x0000000104134968 _RNvCsgXDX2mvAJAg_7___rustc35___rust_no_alloc_shim_is_unstable_v2 + 100316\n6   chromedriver                        0x0000000104133170 _RNvCsgXDX2mvAJAg_7___rustc35___rust_no_alloc_shim_is_unstable_v2 + 94180\n7   chromedriver                        0x0000000104136314 _RNvCsgXDX2mvAJAg_7___rustc35___rust_no_alloc_shim_is_unstable_v2 + 106888\n8   chromedriver                        0x00000001041363cc _RNvCsgXDX2mvAJAg_7___rustc35___rust_no_alloc_shim_is_unstable_v2 + 107072\n9   chromedriver                        0x000000010417545c _RNvCsgXDX2mvAJAg_7___rustc35___rust_no_alloc_shim_is_unstable_v2 + 365264\n10  chromedriver                        0x000000010416b504 _RNvCsgXDX2mvAJAg_7___rustc35___rust_no_alloc_shim_is_unstable_v2 + 324472\n11  chromedriver                        0x00000001041b6d54 _RNvCsgXDX2mvAJAg_7___rustc35___rust_no_alloc_shim_is_unstable_v2 + 633800\n12  chromedriver                        0x0000000104169ef0 _RNvCsgXDX2mvAJAg_7___rustc35___rust_no_alloc_shim_is_unstable_v2 + 318820\n13  chromedriver                        0x00000001045e20c8 cxxbridge1$str$ptr + 2692164\n14  chromedriver                        0x00000001045e58dc cxxbridge1$str$ptr + 2706520\n15  chromedriver                        0x00000001045c284c cxxbridge1$str$ptr + 2563016\n16  chromedriver                        0x00000001045e61b4 cxxbridge1$str$ptr + 2708784\n17  chromedriver                        0x00000001045b40f4 cxxbridge1$str$ptr + 2503792\n18  chromedriver                        0x0000000104605498 cxxbridge1$str$ptr + 2836500\n19  chromedriver                        0x000000010460561c cxxbridge1$str$ptr + 2836888\n20  chromedriver                        0x00000001046167d8 cxxbridge1$str$ptr + 2906964\n21  libsystem_pthread.dylib             0x0000000187809f94 _pthread_start + 136\n22  libsystem_pthread.dylib             0x0000000187804d34 thread_start + 8\n"}} | headers=HTTPHeaderDict({'Content-Length': '2694', 'Content-Type': 'application/json; charset=utf-8', 'cache-control': 'no-cache'})
2025-12-03 07:55:54 [selenium.webdriver.remote.remote_connection] DEBUG: Finished Request
2025-12-03 07:55:54 [software] DEBUG: Skipping row: Message: stale element reference: stale element not found
  (Session info: chrome=142.0.7444.176); For documentation on this error, please visit: https://www.selenium.dev/documentation/webdriver/troubleshooting/errors#staleelementreferenceexception
Stacktrace:
0   chromedriver                        0x000000010461eecc cxxbridge1$str$ptr + 2941512
1   chromedriver                        0x0000000104616b88 cxxbridge1$str$ptr + 2907908
2   chromedriver                        0x000000010412e2b0 _RNvCsgXDX2mvAJAg_7___rustc35___rust_no_alloc_shim_is_unstable_v2 + 74020
3   chromedriver                        0x000000010413ee08 _RNvCsgXDX2mvAJAg_7___rustc35___rust_no_alloc_shim_is_unstable_v2 + 142460
4   chromedriver                        0x000000010413dee4 _RNvCsgXDX2mvAJAg_7___rustc35___rust_no_alloc_shim_is_unstable_v2 + 138584
5   chromedriver                        0x0000000104134968 _RNvCsgXDX2mvAJAg_7___rustc35___rust_no_alloc_shim_is_unstable_v2 + 100316
6   chromedriver                        0x0000000104133170 _RNvCsgXDX2mvAJAg_7___rustc35___rust_no_alloc_shim_is_unstable_v2 + 94180
7   chromedriver                        0x0000000104136314 _RNvCsgXDX2mvAJAg_7___rustc35___rust_no_alloc_shim_is_unstable_v2 + 106888
8   chromedriver                        0x00000001041363cc _RNvCsgXDX2mvAJAg_7___rustc35___rust_no_alloc_shim_is_unstable_v2 + 107072
9   chromedriver                        0x000000010417545c _RNvCsgXDX2mvAJAg_7___rustc35___rust_no_alloc_shim_is_unstable_v2 + 365264
10  chromedriver                        0x000000010416b504 _RNvCsgXDX2mvAJAg_7___rustc35___rust_no_alloc_shim_is_unstable_v2 + 324472
11  chromedriver                        0x00000001041b6d54 _RNvCsgXDX2mvAJAg_7___rustc35___rust_no_alloc_shim_is_unstable_v2 + 633800
12  chromedriver                        0x0000000104169ef0 _RNvCsgXDX2mvAJAg_7___rustc35___rust_no_alloc_shim_is_unstable_v2 + 318820
13  chromedriver                        0x00000001045e20c8 cxxbridge1$str$ptr + 2692164
14  chromedriver                        0x00000001045e58dc cxxbridge1$str$ptr + 2706520
15  chromedriver                        0x00000001045c284c cxxbridge1$str$ptr + 2563016
16  chromedriver                        0x00000001045e61b4 cxxbridge1$str$ptr + 2708784
17  chromedriver                        0x00000001045b40f4 cxxbridge1$str$ptr + 2503792
18  chromedriver                        0x0000000104605498 cxxbridge1$str$ptr + 2836500
19  chromedriver                        0x000000010460561c cxxbridge1$str$ptr + 2836888
20  chromedriver                        0x00000001046167d8 cxxbridge1$str$ptr + 2906964
21  libsystem_pthread.dylib             0x0000000187809f94 _pthread_start + 136
22  libsystem_pthread.dylib             0x0000000187804d34 thread_start + 8

2025-12-03 07:55:54 [selenium.webdriver.remote.remote_connection] DEBUG: POST http://localhost:61666/session/b3d1ea40d79140ae4ff71c7dd94cd1cc/element/f.353BA92EEAAC468A2145AAFD4E55641B.d.6841BEE517690502BE68CFB1E00B496B.e.52/element {'using': 'css selector', 'value': 'td a'}
2025-12-03 07:55:54 [urllib3.connectionpool] DEBUG: http://localhost:61666 "POST /session/b3d1ea40d79140ae4ff71c7dd94cd1cc/element/f.353BA92EEAAC468A2145AAFD4E55641B.d.6841BEE517690502BE68CFB1E00B496B.e.52/element HTTP/1.1" 404 0
2025-12-03 07:55:54 [selenium.webdriver.remote.remote_connection] DEBUG: Remote response: status=404 | data={"value":{"error":"stale element reference","message":"stale element reference: stale element not found\n  (Session info: chrome=142.0.7444.176)","stacktrace":"0   chromedriver                        0x000000010461eecc cxxbridge1$str$ptr + 2941512\n1   chromedriver                        0x0000000104616b88 cxxbridge1$str$ptr + 2907908\n2   chromedriver                        0x000000010412e2b0 _RNvCsgXDX2mvAJAg_7___rustc35___rust_no_alloc_shim_is_unstable_v2 + 74020\n3   chromedriver                        0x000000010413ee08 _RNvCsgXDX2mvAJAg_7___rustc35___rust_no_alloc_shim_is_unstable_v2 + 142460\n4   chromedriver                        0x000000010413dee4 _RNvCsgXDX2mvAJAg_7___rustc35___rust_no_alloc_shim_is_unstable_v2 + 138584\n5   chromedriver                        0x0000000104134968 _RNvCsgXDX2mvAJAg_7___rustc35___rust_no_alloc_shim_is_unstable_v2 + 100316\n6   chromedriver                        0x0000000104133170 _RNvCsgXDX2mvAJAg_7___rustc35___rust_no_alloc_shim_is_unstable_v2 + 94180\n7   chromedriver                        0x0000000104136314 _RNvCsgXDX2mvAJAg_7___rustc35___rust_no_alloc_shim_is_unstable_v2 + 106888\n8   chromedriver                        0x00000001041363cc _RNvCsgXDX2mvAJAg_7___rustc35___rust_no_alloc_shim_is_unstable_v2 + 107072\n9   chromedriver                        0x000000010417545c _RNvCsgXDX2mvAJAg_7___rustc35___rust_no_alloc_shim_is_unstable_v2 + 365264\n10  chromedriver                        0x000000010416b504 _RNvCsgXDX2mvAJAg_7___rustc35___rust_no_alloc_shim_is_unstable_v2 + 324472\n11  chromedriver                        0x00000001041b6d54 _RNvCsgXDX2mvAJAg_7___rustc35___rust_no_alloc_shim_is_unstable_v2 + 633800\n12  chromedriver                        0x0000000104169ef0 _RNvCsgXDX2mvAJAg_7___rustc35___rust_no_alloc_shim_is_unstable_v2 + 318820\n13  chromedriver                        0x00000001045e20c8 cxxbridge1$str$ptr + 2692164\n14  chromedriver                        0x00000001045e58dc cxxbridge1$str$ptr + 2706520\n15  chromedriver                        0x00000001045c284c cxxbridge1$str$ptr + 2563016\n16  chromedriver                        0x00000001045e61b4 cxxbridge1$str$ptr + 2708784\n17  chromedriver                        0x00000001045b40f4 cxxbridge1$str$ptr + 2503792\n18  chromedriver                        0x0000000104605498 cxxbridge1$str$ptr + 2836500\n19  chromedriver                        0x000000010460561c cxxbridge1$str$ptr + 2836888\n20  chromedriver                        0x00000001046167d8 cxxbridge1$str$ptr + 2906964\n21  libsystem_pthread.dylib             0x0000000187809f94 _pthread_start + 136\n22  libsystem_pthread.dylib             0x0000000187804d34 thread_start + 8\n"}} | headers=HTTPHeaderDict({'Content-Length': '2694', 'Content-Type': 'application/json; charset=utf-8', 'cache-control': 'no-cache'})
2025-12-03 07:55:54 [selenium.webdriver.remote.remote_connection] DEBUG: Finished Request
2025-12-03 07:55:54 [software] DEBUG: Skipping row: Message: stale element reference: stale element not found
  (Session info: chrome=142.0.7444.176); For documentation on this error, please visit: https://www.selenium.dev/documentation/webdriver/troubleshooting/errors#staleelementreferenceexception
Stacktrace:
0   chromedriver                        0x000000010461eecc cxxbridge1$str$ptr + 2941512
1   chromedriver                        0x0000000104616b88 cxxbridge1$str$ptr + 2907908
2   chromedriver                        0x000000010412e2b0 _RNvCsgXDX2mvAJAg_7___rustc35___rust_no_alloc_shim_is_unstable_v2 + 74020
3   chromedriver                        0x000000010413ee08 _RNvCsgXDX2mvAJAg_7___rustc35___rust_no_alloc_shim_is_unstable_v2 + 142460
4   chromedriver                        0x000000010413dee4 _RNvCsgXDX2mvAJAg_7___rustc35___rust_no_alloc_shim_is_unstable_v2 + 138584
5   chromedriver                        0x0000000104134968 _RNvCsgXDX2mvAJAg_7___rustc35___rust_no_alloc_shim_is_unstable_v2 + 100316
6   chromedriver                        0x0000000104133170 _RNvCsgXDX2mvAJAg_7___rustc35___rust_no_alloc_shim_is_unstable_v2 + 94180
7   chromedriver                        0x0000000104136314 _RNvCsgXDX2mvAJAg_7___rustc35___rust_no_alloc_shim_is_unstable_v2 + 106888
8   chromedriver                        0x00000001041363cc _RNvCsgXDX2mvAJAg_7___rustc35___rust_no_alloc_shim_is_unstable_v2 + 107072
9   chromedriver                        0x000000010417545c _RNvCsgXDX2mvAJAg_7___rustc35___rust_no_alloc_shim_is_unstable_v2 + 365264
10  chromedriver                        0x000000010416b504 _RNvCsgXDX2mvAJAg_7___rustc35___rust_no_alloc_shim_is_unstable_v2 + 324472
11  chromedriver                        0x00000001041b6d54 _RNvCsgXDX2mvAJAg_7___rustc35___rust_no_alloc_shim_is_unstable_v2 + 633800
12  chromedriver                        0x0000000104169ef0 _RNvCsgXDX2mvAJAg_7___rustc35___rust_no_alloc_shim_is_unstable_v2 + 318820
13  chromedriver                        0x00000001045e20c8 cxxbridge1$str$ptr + 2692164
14  chromedriver                        0x00000001045e58dc cxxbridge1$str$ptr + 2706520
15  chromedriver                        0x00000001045c284c cxxbridge1$str$ptr + 2563016
16  chromedriver                        0x00000001045e61b4 cxxbridge1$str$ptr + 2708784
17  chromedriver                        0x00000001045b40f4 cxxbridge1$str$ptr + 2503792
18  chromedriver                        0x0000000104605498 cxxbridge1$str$ptr + 2836500
19  chromedriver                        0x000000010460561c cxxbridge1$str$ptr + 2836888
20  chromedriver                        0x00000001046167d8 cxxbridge1$str$ptr + 2906964
21  libsystem_pthread.dylib             0x0000000187809f94 _pthread_start + 136
22  libsystem_pthread.dylib             0x0000000187804d34 thread_start + 8

2025-12-03 07:55:54 [selenium.webdriver.remote.remote_connection] DEBUG: POST http://localhost:61666/session/b3d1ea40d79140ae4ff71c7dd94cd1cc/element/f.353BA92EEAAC468A2145AAFD4E55641B.d.6841BEE517690502BE68CFB1E00B496B.e.53/element {'using': 'css selector', 'value': 'td a'}
2025-12-03 07:55:54 [urllib3.connectionpool] DEBUG: http://localhost:61666 "POST /session/b3d1ea40d79140ae4ff71c7dd94cd1cc/element/f.353BA92EEAAC468A2145AAFD4E55641B.d.6841BEE517690502BE68CFB1E00B496B.e.53/element HTTP/1.1" 404 0
2025-12-03 07:55:54 [selenium.webdriver.remote.remote_connection] DEBUG: Remote response: status=404 | data={"value":{"error":"stale element reference","message":"stale element reference: stale element not found\n  (Session info: chrome=142.0.7444.176)","stacktrace":"0   chromedriver                        0x000000010461eecc cxxbridge1$str$ptr + 2941512\n1   chromedriver                        0x0000000104616b88 cxxbridge1$str$ptr + 2907908\n2   chromedriver                        0x000000010412e2b0 _RNvCsgXDX2mvAJAg_7___rustc35___rust_no_alloc_shim_is_unstable_v2 + 74020\n3   chromedriver                        0x000000010413ee08 _RNvCsgXDX2mvAJAg_7___rustc35___rust_no_alloc_shim_is_unstable_v2 + 142460\n4   chromedriver                        0x000000010413dee4 _RNvCsgXDX2mvAJAg_7___rustc35___rust_no_alloc_shim_is_unstable_v2 + 138584\n5   chromedriver                        0x0000000104134968 _RNvCsgXDX2mvAJAg_7___rustc35___rust_no_alloc_shim_is_unstable_v2 + 100316\n6   chromedriver                        0x0000000104133170 _RNvCsgXDX2mvAJAg_7___rustc35___rust_no_alloc_shim_is_unstable_v2 + 94180\n7   chromedriver                        0x0000000104136314 _RNvCsgXDX2mvAJAg_7___rustc35___rust_no_alloc_shim_is_unstable_v2 + 106888\n8   chromedriver                        0x00000001041363cc _RNvCsgXDX2mvAJAg_7___rustc35___rust_no_alloc_shim_is_unstable_v2 + 107072\n9   chromedriver                        0x000000010417545c _RNvCsgXDX2mvAJAg_7___rustc35___rust_no_alloc_shim_is_unstable_v2 + 365264\n10  chromedriver                        0x000000010416b504 _RNvCsgXDX2mvAJAg_7___rustc35___rust_no_alloc_shim_is_unstable_v2 + 324472\n11  chromedriver                        0x00000001041b6d54 _RNvCsgXDX2mvAJAg_7___rustc35___rust_no_alloc_shim_is_unstable_v2 + 633800\n12  chromedriver                        0x0000000104169ef0 _RNvCsgXDX2mvAJAg_7___rustc35___rust_no_alloc_shim_is_unstable_v2 + 318820\n13  chromedriver                        0x00000001045e20c8 cxxbridge1$str$ptr + 2692164\n14  chromedriver                        0x00000001045e58dc cxxbridge1$str$ptr + 2706520\n15  chromedriver                        0x00000001045c284c cxxbridge1$str$ptr + 2563016\n16  chromedriver                        0x00000001045e61b4 cxxbridge1$str$ptr + 2708784\n17  chromedriver                        0x00000001045b40f4 cxxbridge1$str$ptr + 2503792\n18  chromedriver                        0x0000000104605498 cxxbridge1$str$ptr + 2836500\n19  chromedriver                        0x000000010460561c cxxbridge1$str$ptr + 2836888\n20  chromedriver                        0x00000001046167d8 cxxbridge1$str$ptr + 2906964\n21  libsystem_pthread.dylib             0x0000000187809f94 _pthread_start + 136\n22  libsystem_pthread.dylib             0x0000000187804d34 thread_start + 8\n"}} | headers=HTTPHeaderDict({'Content-Length': '2694', 'Content-Type': 'application/json; charset=utf-8', 'cache-control': 'no-cache'})
2025-12-03 07:55:54 [selenium.webdriver.remote.remote_connection] DEBUG: Finished Request
2025-12-03 07:55:54 [software] DEBUG: Skipping row: Message: stale element reference: stale element not found
  (Session info: chrome=142.0.7444.176); For documentation on this error, please visit: https://www.selenium.dev/documentation/webdriver/troubleshooting/errors#staleelementreferenceexception
Stacktrace:
0   chromedriver                        0x000000010461eecc cxxbridge1$str$ptr + 2941512
1   chromedriver                        0x0000000104616b88 cxxbridge1$str$ptr + 2907908
2   chromedriver                        0x000000010412e2b0 _RNvCsgXDX2mvAJAg_7___rustc35___rust_no_alloc_shim_is_unstable_v2 + 74020
3   chromedriver                        0x000000010413ee08 _RNvCsgXDX2mvAJAg_7___rustc35___rust_no_alloc_shim_is_unstable_v2 + 142460
4   chromedriver                        0x000000010413dee4 _RNvCsgXDX2mvAJAg_7___rustc35___rust_no_alloc_shim_is_unstable_v2 + 138584
5   chromedriver                        0x0000000104134968 _RNvCsgXDX2mvAJAg_7___rustc35___rust_no_alloc_shim_is_unstable_v2 + 100316
6   chromedriver                        0x0000000104133170 _RNvCsgXDX2mvAJAg_7___rustc35___rust_no_alloc_shim_is_unstable_v2 + 94180
7   chromedriver                        0x0000000104136314 _RNvCsgXDX2mvAJAg_7___rustc35___rust_no_alloc_shim_is_unstable_v2 + 106888
8   chromedriver                        0x00000001041363cc _RNvCsgXDX2mvAJAg_7___rustc35___rust_no_alloc_shim_is_unstable_v2 + 107072
9   chromedriver                        0x000000010417545c _RNvCsgXDX2mvAJAg_7___rustc35___rust_no_alloc_shim_is_unstable_v2 + 365264
10  chromedriver                        0x000000010416b504 _RNvCsgXDX2mvAJAg_7___rustc35___rust_no_alloc_shim_is_unstable_v2 + 324472
11  chromedriver                        0x00000001041b6d54 _RNvCsgXDX2mvAJAg_7___rustc35___rust_no_alloc_shim_is_unstable_v2 + 633800
12  chromedriver                        0x0000000104169ef0 _RNvCsgXDX2mvAJAg_7___rustc35___rust_no_alloc_shim_is_unstable_v2 + 318820
13  chromedriver                        0x00000001045e20c8 cxxbridge1$str$ptr + 2692164
14  chromedriver                        0x00000001045e58dc cxxbridge1$str$ptr + 2706520
15  chromedriver                        0x00000001045c284c cxxbridge1$str$ptr + 2563016
16  chromedriver                        0x00000001045e61b4 cxxbridge1$str$ptr + 2708784
17  chromedriver                        0x00000001045b40f4 cxxbridge1$str$ptr + 2503792
18  chromedriver                        0x0000000104605498 cxxbridge1$str$ptr + 2836500
19  chromedriver                        0x000000010460561c cxxbridge1$str$ptr + 2836888
20  chromedriver                        0x00000001046167d8 cxxbridge1$str$ptr + 2906964
21  libsystem_pthread.dylib             0x0000000187809f94 _pthread_start + 136
22  libsystem_pthread.dylib             0x0000000187804d34 thread_start + 8

2025-12-03 07:55:54 [selenium.webdriver.remote.remote_connection] DEBUG: POST http://localhost:61666/session/b3d1ea40d79140ae4ff71c7dd94cd1cc/element/f.353BA92EEAAC468A2145AAFD4E55641B.d.6841BEE517690502BE68CFB1E00B496B.e.54/element {'using': 'css selector', 'value': 'td a'}
2025-12-03 07:55:54 [urllib3.connectionpool] DEBUG: http://localhost:61666 "POST /session/b3d1ea40d79140ae4ff71c7dd94cd1cc/element/f.353BA92EEAAC468A2145AAFD4E55641B.d.6841BEE517690502BE68CFB1E00B496B.e.54/element HTTP/1.1" 404 0
2025-12-03 07:55:54 [selenium.webdriver.remote.remote_connection] DEBUG: Remote response: status=404 | data={"value":{"error":"stale element reference","message":"stale element reference: stale element not found\n  (Session info: chrome=142.0.7444.176)","stacktrace":"0   chromedriver                        0x000000010461eecc cxxbridge1$str$ptr + 2941512\n1   chromedriver                        0x0000000104616b88 cxxbridge1$str$ptr + 2907908\n2   chromedriver                        0x000000010412e2b0 _RNvCsgXDX2mvAJAg_7___rustc35___rust_no_alloc_shim_is_unstable_v2 + 74020\n3   chromedriver                        0x000000010413ee08 _RNvCsgXDX2mvAJAg_7___rustc35___rust_no_alloc_shim_is_unstable_v2 + 142460\n4   chromedriver                        0x000000010413dee4 _RNvCsgXDX2mvAJAg_7___rustc35___rust_no_alloc_shim_is_unstable_v2 + 138584\n5   chromedriver                        0x0000000104134968 _RNvCsgXDX2mvAJAg_7___rustc35___rust_no_alloc_shim_is_unstable_v2 + 100316\n6   chromedriver                        0x0000000104133170 _RNvCsgXDX2mvAJAg_7___rustc35___rust_no_alloc_shim_is_unstable_v2 + 94180\n7   chromedriver                        0x0000000104136314 _RNvCsgXDX2mvAJAg_7___rustc35___rust_no_alloc_shim_is_unstable_v2 + 106888\n8   chromedriver                        0x00000001041363cc _RNvCsgXDX2mvAJAg_7___rustc35___rust_no_alloc_shim_is_unstable_v2 + 107072\n9   chromedriver                        0x000000010417545c _RNvCsgXDX2mvAJAg_7___rustc35___rust_no_alloc_shim_is_unstable_v2 + 365264\n10  chromedriver                        0x000000010416b504 _RNvCsgXDX2mvAJAg_7___rustc35___rust_no_alloc_shim_is_unstable_v2 + 324472\n11  chromedriver                        0x00000001041b6d54 _RNvCsgXDX2mvAJAg_7___rustc35___rust_no_alloc_shim_is_unstable_v2 + 633800\n12  chromedriver                        0x0000000104169ef0 _RNvCsgXDX2mvAJAg_7___rustc35___rust_no_alloc_shim_is_unstable_v2 + 318820\n13  chromedriver                        0x00000001045e20c8 cxxbridge1$str$ptr + 2692164\n14  chromedriver                        0x00000001045e58dc cxxbridge1$str$ptr + 2706520\n15  chromedriver                        0x00000001045c284c cxxbridge1$str$ptr + 2563016\n16  chromedriver                        0x00000001045e61b4 cxxbridge1$str$ptr + 2708784\n17  chromedriver                        0x00000001045b40f4 cxxbridge1$str$ptr + 2503792\n18  chromedriver                        0x0000000104605498 cxxbridge1$str$ptr + 2836500\n19  chromedriver                        0x000000010460561c cxxbridge1$str$ptr + 2836888\n20  chromedriver                        0x00000001046167d8 cxxbridge1$str$ptr + 2906964\n21  libsystem_pthread.dylib             0x0000000187809f94 _pthread_start + 136\n22  libsystem_pthread.dylib             0x0000000187804d34 thread_start + 8\n"}} | headers=HTTPHeaderDict({'Content-Length': '2694', 'Content-Type': 'application/json; charset=utf-8', 'cache-control': 'no-cache'})
2025-12-03 07:55:54 [selenium.webdriver.remote.remote_connection] DEBUG: Finished Request
2025-12-03 07:55:54 [software] DEBUG: Skipping row: Message: stale element reference: stale element not found
  (Session info: chrome=142.0.7444.176); For documentation on this error, please visit: https://www.selenium.dev/documentation/webdriver/troubleshooting/errors#staleelementreferenceexception
Stacktrace:
0   chromedriver                        0x000000010461eecc cxxbridge1$str$ptr + 2941512
1   chromedriver                        0x0000000104616b88 cxxbridge1$str$ptr + 2907908
2   chromedriver                        0x000000010412e2b0 _RNvCsgXDX2mvAJAg_7___rustc35___rust_no_alloc_shim_is_unstable_v2 + 74020
3   chromedriver                        0x000000010413ee08 _RNvCsgXDX2mvAJAg_7___rustc35___rust_no_alloc_shim_is_unstable_v2 + 142460
4   chromedriver                        0x000000010413dee4 _RNvCsgXDX2mvAJAg_7___rustc35___rust_no_alloc_shim_is_unstable_v2 + 138584
5   chromedriver                        0x0000000104134968 _RNvCsgXDX2mvAJAg_7___rustc35___rust_no_alloc_shim_is_unstable_v2 + 100316
6   chromedriver                        0x0000000104133170 _RNvCsgXDX2mvAJAg_7___rustc35___rust_no_alloc_shim_is_unstable_v2 + 94180
7   chromedriver                        0x0000000104136314 _RNvCsgXDX2mvAJAg_7___rustc35___rust_no_alloc_shim_is_unstable_v2 + 106888
8   chromedriver                        0x00000001041363cc _RNvCsgXDX2mvAJAg_7___rustc35___rust_no_alloc_shim_is_unstable_v2 + 107072
9   chromedriver                        0x000000010417545c _RNvCsgXDX2mvAJAg_7___rustc35___rust_no_alloc_shim_is_unstable_v2 + 365264
10  chromedriver                        0x000000010416b504 _RNvCsgXDX2mvAJAg_7___rustc35___rust_no_alloc_shim_is_unstable_v2 + 324472
11  chromedriver                        0x00000001041b6d54 _RNvCsgXDX2mvAJAg_7___rustc35___rust_no_alloc_shim_is_unstable_v2 + 633800
12  chromedriver                        0x0000000104169ef0 _RNvCsgXDX2mvAJAg_7___rustc35___rust_no_alloc_shim_is_unstable_v2 + 318820
13  chromedriver                        0x00000001045e20c8 cxxbridge1$str$ptr + 2692164
14  chromedriver                        0x00000001045e58dc cxxbridge1$str$ptr + 2706520
15  chromedriver                        0x00000001045c284c cxxbridge1$str$ptr + 2563016
16  chromedriver                        0x00000001045e61b4 cxxbridge1$str$ptr + 2708784
17  chromedriver                        0x00000001045b40f4 cxxbridge1$str$ptr + 2503792
18  chromedriver                        0x0000000104605498 cxxbridge1$str$ptr + 2836500
19  chromedriver                        0x000000010460561c cxxbridge1$str$ptr + 2836888
20  chromedriver                        0x00000001046167d8 cxxbridge1$str$ptr + 2906964
21  libsystem_pthread.dylib             0x0000000187809f94 _pthread_start + 136
22  libsystem_pthread.dylib             0x0000000187804d34 thread_start + 8

2025-12-03 07:55:54 [selenium.webdriver.remote.remote_connection] DEBUG: POST http://localhost:61666/session/b3d1ea40d79140ae4ff71c7dd94cd1cc/element/f.353BA92EEAAC468A2145AAFD4E55641B.d.6841BEE517690502BE68CFB1E00B496B.e.55/element {'using': 'css selector', 'value': 'td a'}
2025-12-03 07:55:54 [urllib3.connectionpool] DEBUG: http://localhost:61666 "POST /session/b3d1ea40d79140ae4ff71c7dd94cd1cc/element/f.353BA92EEAAC468A2145AAFD4E55641B.d.6841BEE517690502BE68CFB1E00B496B.e.55/element HTTP/1.1" 404 0
2025-12-03 07:55:54 [selenium.webdriver.remote.remote_connection] DEBUG: Remote response: status=404 | data={"value":{"error":"stale element reference","message":"stale element reference: stale element not found\n  (Session info: chrome=142.0.7444.176)","stacktrace":"0   chromedriver                        0x000000010461eecc cxxbridge1$str$ptr + 2941512\n1   chromedriver                        0x0000000104616b88 cxxbridge1$str$ptr + 2907908\n2   chromedriver                        0x000000010412e2b0 _RNvCsgXDX2mvAJAg_7___rustc35___rust_no_alloc_shim_is_unstable_v2 + 74020\n3   chromedriver                        0x000000010413ee08 _RNvCsgXDX2mvAJAg_7___rustc35___rust_no_alloc_shim_is_unstable_v2 + 142460\n4   chromedriver                        0x000000010413dee4 _RNvCsgXDX2mvAJAg_7___rustc35___rust_no_alloc_shim_is_unstable_v2 + 138584\n5   chromedriver                        0x0000000104134968 _RNvCsgXDX2mvAJAg_7___rustc35___rust_no_alloc_shim_is_unstable_v2 + 100316\n6   chromedriver                        0x0000000104133170 _RNvCsgXDX2mvAJAg_7___rustc35___rust_no_alloc_shim_is_unstable_v2 + 94180\n7   chromedriver                        0x0000000104136314 _RNvCsgXDX2mvAJAg_7___rustc35___rust_no_alloc_shim_is_unstable_v2 + 106888\n8   chromedriver                        0x00000001041363cc _RNvCsgXDX2mvAJAg_7___rustc35___rust_no_alloc_shim_is_unstable_v2 + 107072\n9   chromedriver                        0x000000010417545c _RNvCsgXDX2mvAJAg_7___rustc35___rust_no_alloc_shim_is_unstable_v2 + 365264\n10  chromedriver                        0x000000010416b504 _RNvCsgXDX2mvAJAg_7___rustc35___rust_no_alloc_shim_is_unstable_v2 + 324472\n11  chromedriver                        0x00000001041b6d54 _RNvCsgXDX2mvAJAg_7___rustc35___rust_no_alloc_shim_is_unstable_v2 + 633800\n12  chromedriver                        0x0000000104169ef0 _RNvCsgXDX2mvAJAg_7___rustc35___rust_no_alloc_shim_is_unstable_v2 + 318820\n13  chromedriver                        0x00000001045e20c8 cxxbridge1$str$ptr + 2692164\n14  chromedriver                        0x00000001045e58dc cxxbridge1$str$ptr + 2706520\n15  chromedriver                        0x00000001045c284c cxxbridge1$str$ptr + 2563016\n16  chromedriver                        0x00000001045e61b4 cxxbridge1$str$ptr + 2708784\n17  chromedriver                        0x00000001045b40f4 cxxbridge1$str$ptr + 2503792\n18  chromedriver                        0x0000000104605498 cxxbridge1$str$ptr + 2836500\n19  chromedriver                        0x000000010460561c cxxbridge1$str$ptr + 2836888\n20  chromedriver                        0x00000001046167d8 cxxbridge1$str$ptr + 2906964\n21  libsystem_pthread.dylib             0x0000000187809f94 _pthread_start + 136\n22  libsystem_pthread.dylib             0x0000000187804d34 thread_start + 8\n"}} | headers=HTTPHeaderDict({'Content-Length': '2694', 'Content-Type': 'application/json; charset=utf-8', 'cache-control': 'no-cache'})
2025-12-03 07:55:54 [selenium.webdriver.remote.remote_connection] DEBUG: Finished Request
2025-12-03 07:55:54 [software] DEBUG: Skipping row: Message: stale element reference: stale element not found
  (Session info: chrome=142.0.7444.176); For documentation on this error, please visit: https://www.selenium.dev/documentation/webdriver/troubleshooting/errors#staleelementreferenceexception
Stacktrace:
0   chromedriver                        0x000000010461eecc cxxbridge1$str$ptr + 2941512
1   chromedriver                        0x0000000104616b88 cxxbridge1$str$ptr + 2907908
2   chromedriver                        0x000000010412e2b0 _RNvCsgXDX2mvAJAg_7___rustc35___rust_no_alloc_shim_is_unstable_v2 + 74020
3   chromedriver                        0x000000010413ee08 _RNvCsgXDX2mvAJAg_7___rustc35___rust_no_alloc_shim_is_unstable_v2 + 142460
4   chromedriver                        0x000000010413dee4 _RNvCsgXDX2mvAJAg_7___rustc35___rust_no_alloc_shim_is_unstable_v2 + 138584
5   chromedriver                        0x0000000104134968 _RNvCsgXDX2mvAJAg_7___rustc35___rust_no_alloc_shim_is_unstable_v2 + 100316
6   chromedriver                        0x0000000104133170 _RNvCsgXDX2mvAJAg_7___rustc35___rust_no_alloc_shim_is_unstable_v2 + 94180
7   chromedriver                        0x0000000104136314 _RNvCsgXDX2mvAJAg_7___rustc35___rust_no_alloc_shim_is_unstable_v2 + 106888
8   chromedriver                        0x00000001041363cc _RNvCsgXDX2mvAJAg_7___rustc35___rust_no_alloc_shim_is_unstable_v2 + 107072
9   chromedriver                        0x000000010417545c _RNvCsgXDX2mvAJAg_7___rustc35___rust_no_alloc_shim_is_unstable_v2 + 365264
10  chromedriver                        0x000000010416b504 _RNvCsgXDX2mvAJAg_7___rustc35___rust_no_alloc_shim_is_unstable_v2 + 324472
11  chromedriver                        0x00000001041b6d54 _RNvCsgXDX2mvAJAg_7___rustc35___rust_no_alloc_shim_is_unstable_v2 + 633800
12  chromedriver                        0x0000000104169ef0 _RNvCsgXDX2mvAJAg_7___rustc35___rust_no_alloc_shim_is_unstable_v2 + 318820
13  chromedriver                        0x00000001045e20c8 cxxbridge1$str$ptr + 2692164
14  chromedriver                        0x00000001045e58dc cxxbridge1$str$ptr + 2706520
15  chromedriver                        0x00000001045c284c cxxbridge1$str$ptr + 2563016
16  chromedriver                        0x00000001045e61b4 cxxbridge1$str$ptr + 2708784
17  chromedriver                        0x00000001045b40f4 cxxbridge1$str$ptr + 2503792
18  chromedriver                        0x0000000104605498 cxxbridge1$str$ptr + 2836500
19  chromedriver                        0x000000010460561c cxxbridge1$str$ptr + 2836888
20  chromedriver                        0x00000001046167d8 cxxbridge1$str$ptr + 2906964
21  libsystem_pthread.dylib             0x0000000187809f94 _pthread_start + 136
22  libsystem_pthread.dylib             0x0000000187804d34 thread_start + 8

2025-12-03 07:55:54 [selenium.webdriver.remote.remote_connection] DEBUG: POST http://localhost:61666/session/b3d1ea40d79140ae4ff71c7dd94cd1cc/element/f.353BA92EEAAC468A2145AAFD4E55641B.d.6841BEE517690502BE68CFB1E00B496B.e.56/element {'using': 'css selector', 'value': 'td a'}
2025-12-03 07:55:54 [urllib3.connectionpool] DEBUG: http://localhost:61666 "POST /session/b3d1ea40d79140ae4ff71c7dd94cd1cc/element/f.353BA92EEAAC468A2145AAFD4E55641B.d.6841BEE517690502BE68CFB1E00B496B.e.56/element HTTP/1.1" 404 0
2025-12-03 07:55:54 [selenium.webdriver.remote.remote_connection] DEBUG: Remote response: status=404 | data={"value":{"error":"stale element reference","message":"stale element reference: stale element not found\n  (Session info: chrome=142.0.7444.176)","stacktrace":"0   chromedriver                        0x000000010461eecc cxxbridge1$str$ptr + 2941512\n1   chromedriver                        0x0000000104616b88 cxxbridge1$str$ptr + 2907908\n2   chromedriver                        0x000000010412e2b0 _RNvCsgXDX2mvAJAg_7___rustc35___rust_no_alloc_shim_is_unstable_v2 + 74020\n3   chromedriver                        0x000000010413ee08 _RNvCsgXDX2mvAJAg_7___rustc35___rust_no_alloc_shim_is_unstable_v2 + 142460\n4   chromedriver                        0x000000010413dee4 _RNvCsgXDX2mvAJAg_7___rustc35___rust_no_alloc_shim_is_unstable_v2 + 138584\n5   chromedriver                        0x0000000104134968 _RNvCsgXDX2mvAJAg_7___rustc35___rust_no_alloc_shim_is_unstable_v2 + 100316\n6   chromedriver                        0x0000000104133170 _RNvCsgXDX2mvAJAg_7___rustc35___rust_no_alloc_shim_is_unstable_v2 + 94180\n7   chromedriver                        0x0000000104136314 _RNvCsgXDX2mvAJAg_7___rustc35___rust_no_alloc_shim_is_unstable_v2 + 106888\n8   chromedriver                        0x00000001041363cc _RNvCsgXDX2mvAJAg_7___rustc35___rust_no_alloc_shim_is_unstable_v2 + 107072\n9   chromedriver                        0x000000010417545c _RNvCsgXDX2mvAJAg_7___rustc35___rust_no_alloc_shim_is_unstable_v2 + 365264\n10  chromedriver                        0x000000010416b504 _RNvCsgXDX2mvAJAg_7___rustc35___rust_no_alloc_shim_is_unstable_v2 + 324472\n11  chromedriver                        0x00000001041b6d54 _RNvCsgXDX2mvAJAg_7___rustc35___rust_no_alloc_shim_is_unstable_v2 + 633800\n12  chromedriver                        0x0000000104169ef0 _RNvCsgXDX2mvAJAg_7___rustc35___rust_no_alloc_shim_is_unstable_v2 + 318820\n13  chromedriver                        0x00000001045e20c8 cxxbridge1$str$ptr + 2692164\n14  chromedriver                        0x00000001045e58dc cxxbridge1$str$ptr + 2706520\n15  chromedriver                        0x00000001045c284c cxxbridge1$str$ptr + 2563016\n16  chromedriver                        0x00000001045e61b4 cxxbridge1$str$ptr + 2708784\n17  chromedriver                        0x00000001045b40f4 cxxbridge1$str$ptr + 2503792\n18  chromedriver                        0x0000000104605498 cxxbridge1$str$ptr + 2836500\n19  chromedriver                        0x000000010460561c cxxbridge1$str$ptr + 2836888\n20  chromedriver                        0x00000001046167d8 cxxbridge1$str$ptr + 2906964\n21  libsystem_pthread.dylib             0x0000000187809f94 _pthread_start + 136\n22  libsystem_pthread.dylib             0x0000000187804d34 thread_start + 8\n"}} | headers=HTTPHeaderDict({'Content-Length': '2694', 'Content-Type': 'application/json; charset=utf-8', 'cache-control': 'no-cache'})
2025-12-03 07:55:54 [selenium.webdriver.remote.remote_connection] DEBUG: Finished Request
2025-12-03 07:55:54 [software] DEBUG: Skipping row: Message: stale element reference: stale element not found
  (Session info: chrome=142.0.7444.176); For documentation on this error, please visit: https://www.selenium.dev/documentation/webdriver/troubleshooting/errors#staleelementreferenceexception
Stacktrace:
0   chromedriver                        0x000000010461eecc cxxbridge1$str$ptr + 2941512
1   chromedriver                        0x0000000104616b88 cxxbridge1$str$ptr + 2907908
2   chromedriver                        0x000000010412e2b0 _RNvCsgXDX2mvAJAg_7___rustc35___rust_no_alloc_shim_is_unstable_v2 + 74020
3   chromedriver                        0x000000010413ee08 _RNvCsgXDX2mvAJAg_7___rustc35___rust_no_alloc_shim_is_unstable_v2 + 142460
4   chromedriver                        0x000000010413dee4 _RNvCsgXDX2mvAJAg_7___rustc35___rust_no_alloc_shim_is_unstable_v2 + 138584
5   chromedriver                        0x0000000104134968 _RNvCsgXDX2mvAJAg_7___rustc35___rust_no_alloc_shim_is_unstable_v2 + 100316
6   chromedriver                        0x0000000104133170 _RNvCsgXDX2mvAJAg_7___rustc35___rust_no_alloc_shim_is_unstable_v2 + 94180
7   chromedriver                        0x0000000104136314 _RNvCsgXDX2mvAJAg_7___rustc35___rust_no_alloc_shim_is_unstable_v2 + 106888
8   chromedriver                        0x00000001041363cc _RNvCsgXDX2mvAJAg_7___rustc35___rust_no_alloc_shim_is_unstable_v2 + 107072
9   chromedriver                        0x000000010417545c _RNvCsgXDX2mvAJAg_7___rustc35___rust_no_alloc_shim_is_unstable_v2 + 365264
10  chromedriver                        0x000000010416b504 _RNvCsgXDX2mvAJAg_7___rustc35___rust_no_alloc_shim_is_unstable_v2 + 324472
11  chromedriver                        0x00000001041b6d54 _RNvCsgXDX2mvAJAg_7___rustc35___rust_no_alloc_shim_is_unstable_v2 + 633800
12  chromedriver                        0x0000000104169ef0 _RNvCsgXDX2mvAJAg_7___rustc35___rust_no_alloc_shim_is_unstable_v2 + 318820
13  chromedriver                        0x00000001045e20c8 cxxbridge1$str$ptr + 2692164
14  chromedriver                        0x00000001045e58dc cxxbridge1$str$ptr + 2706520
15  chromedriver                        0x00000001045c284c cxxbridge1$str$ptr + 2563016
16  chromedriver                        0x00000001045e61b4 cxxbridge1$str$ptr + 2708784
17  chromedriver                        0x00000001045b40f4 cxxbridge1$str$ptr + 2503792
18  chromedriver                        0x0000000104605498 cxxbridge1$str$ptr + 2836500
19  chromedriver                        0x000000010460561c cxxbridge1$str$ptr + 2836888
20  chromedriver                        0x00000001046167d8 cxxbridge1$str$ptr + 2906964
21  libsystem_pthread.dylib             0x0000000187809f94 _pthread_start + 136
22  libsystem_pthread.dylib             0x0000000187804d34 thread_start + 8

2025-12-03 07:55:54 [selenium.webdriver.remote.remote_connection] DEBUG: POST http://localhost:61666/session/b3d1ea40d79140ae4ff71c7dd94cd1cc/element/f.353BA92EEAAC468A2145AAFD4E55641B.d.6841BEE517690502BE68CFB1E00B496B.e.57/element {'using': 'css selector', 'value': 'td a'}
2025-12-03 07:55:54 [urllib3.connectionpool] DEBUG: http://localhost:61666 "POST /session/b3d1ea40d79140ae4ff71c7dd94cd1cc/element/f.353BA92EEAAC468A2145AAFD4E55641B.d.6841BEE517690502BE68CFB1E00B496B.e.57/element HTTP/1.1" 404 0
2025-12-03 07:55:54 [selenium.webdriver.remote.remote_connection] DEBUG: Remote response: status=404 | data={"value":{"error":"stale element reference","message":"stale element reference: stale element not found\n  (Session info: chrome=142.0.7444.176)","stacktrace":"0   chromedriver                        0x000000010461eecc cxxbridge1$str$ptr + 2941512\n1   chromedriver                        0x0000000104616b88 cxxbridge1$str$ptr + 2907908\n2   chromedriver                        0x000000010412e2b0 _RNvCsgXDX2mvAJAg_7___rustc35___rust_no_alloc_shim_is_unstable_v2 + 74020\n3   chromedriver                        0x000000010413ee08 _RNvCsgXDX2mvAJAg_7___rustc35___rust_no_alloc_shim_is_unstable_v2 + 142460\n4   chromedriver                        0x000000010413dee4 _RNvCsgXDX2mvAJAg_7___rustc35___rust_no_alloc_shim_is_unstable_v2 + 138584\n5   chromedriver                        0x0000000104134968 _RNvCsgXDX2mvAJAg_7___rustc35___rust_no_alloc_shim_is_unstable_v2 + 100316\n6   chromedriver                        0x0000000104133170 _RNvCsgXDX2mvAJAg_7___rustc35___rust_no_alloc_shim_is_unstable_v2 + 94180\n7   chromedriver                        0x0000000104136314 _RNvCsgXDX2mvAJAg_7___rustc35___rust_no_alloc_shim_is_unstable_v2 + 106888\n8   chromedriver                        0x00000001041363cc _RNvCsgXDX2mvAJAg_7___rustc35___rust_no_alloc_shim_is_unstable_v2 + 107072\n9   chromedriver                        0x000000010417545c _RNvCsgXDX2mvAJAg_7___rustc35___rust_no_alloc_shim_is_unstable_v2 + 365264\n10  chromedriver                        0x000000010416b504 _RNvCsgXDX2mvAJAg_7___rustc35___rust_no_alloc_shim_is_unstable_v2 + 324472\n11  chromedriver                        0x00000001041b6d54 _RNvCsgXDX2mvAJAg_7___rustc35___rust_no_alloc_shim_is_unstable_v2 + 633800\n12  chromedriver                        0x0000000104169ef0 _RNvCsgXDX2mvAJAg_7___rustc35___rust_no_alloc_shim_is_unstable_v2 + 318820\n13  chromedriver                        0x00000001045e20c8 cxxbridge1$str$ptr + 2692164\n14  chromedriver                        0x00000001045e58dc cxxbridge1$str$ptr + 2706520\n15  chromedriver                        0x00000001045c284c cxxbridge1$str$ptr + 2563016\n16  chromedriver                        0x00000001045e61b4 cxxbridge1$str$ptr + 2708784\n17  chromedriver                        0x00000001045b40f4 cxxbridge1$str$ptr + 2503792\n18  chromedriver                        0x0000000104605498 cxxbridge1$str$ptr + 2836500\n19  chromedriver                        0x000000010460561c cxxbridge1$str$ptr + 2836888\n20  chromedriver                        0x00000001046167d8 cxxbridge1$str$ptr + 2906964\n21  libsystem_pthread.dylib             0x0000000187809f94 _pthread_start + 136\n22  libsystem_pthread.dylib             0x0000000187804d34 thread_start + 8\n"}} | headers=HTTPHeaderDict({'Content-Length': '2694', 'Content-Type': 'application/json; charset=utf-8', 'cache-control': 'no-cache'})
2025-12-03 07:55:54 [selenium.webdriver.remote.remote_connection] DEBUG: Finished Request
2025-12-03 07:55:54 [software] DEBUG: Skipping row: Message: stale element reference: stale element not found
  (Session info: chrome=142.0.7444.176); For documentation on this error, please visit: https://www.selenium.dev/documentation/webdriver/troubleshooting/errors#staleelementreferenceexception
Stacktrace:
0   chromedriver                        0x000000010461eecc cxxbridge1$str$ptr + 2941512
1   chromedriver                        0x0000000104616b88 cxxbridge1$str$ptr + 2907908
2   chromedriver                        0x000000010412e2b0 _RNvCsgXDX2mvAJAg_7___rustc35___rust_no_alloc_shim_is_unstable_v2 + 74020
3   chromedriver                        0x000000010413ee08 _RNvCsgXDX2mvAJAg_7___rustc35___rust_no_alloc_shim_is_unstable_v2 + 142460
4   chromedriver                        0x000000010413dee4 _RNvCsgXDX2mvAJAg_7___rustc35___rust_no_alloc_shim_is_unstable_v2 + 138584
5   chromedriver                        0x0000000104134968 _RNvCsgXDX2mvAJAg_7___rustc35___rust_no_alloc_shim_is_unstable_v2 + 100316
6   chromedriver                        0x0000000104133170 _RNvCsgXDX2mvAJAg_7___rustc35___rust_no_alloc_shim_is_unstable_v2 + 94180
7   chromedriver                        0x0000000104136314 _RNvCsgXDX2mvAJAg_7___rustc35___rust_no_alloc_shim_is_unstable_v2 + 106888
8   chromedriver                        0x00000001041363cc _RNvCsgXDX2mvAJAg_7___rustc35___rust_no_alloc_shim_is_unstable_v2 + 107072
9   chromedriver                        0x000000010417545c _RNvCsgXDX2mvAJAg_7___rustc35___rust_no_alloc_shim_is_unstable_v2 + 365264
10  chromedriver                        0x000000010416b504 _RNvCsgXDX2mvAJAg_7___rustc35___rust_no_alloc_shim_is_unstable_v2 + 324472
11  chromedriver                        0x00000001041b6d54 _RNvCsgXDX2mvAJAg_7___rustc35___rust_no_alloc_shim_is_unstable_v2 + 633800
12  chromedriver                        0x0000000104169ef0 _RNvCsgXDX2mvAJAg_7___rustc35___rust_no_alloc_shim_is_unstable_v2 + 318820
13  chromedriver                        0x00000001045e20c8 cxxbridge1$str$ptr + 2692164
14  chromedriver                        0x00000001045e58dc cxxbridge1$str$ptr + 2706520
15  chromedriver                        0x00000001045c284c cxxbridge1$str$ptr + 2563016
16  chromedriver                        0x00000001045e61b4 cxxbridge1$str$ptr + 2708784
17  chromedriver                        0x00000001045b40f4 cxxbridge1$str$ptr + 2503792
18  chromedriver                        0x0000000104605498 cxxbridge1$str$ptr + 2836500
19  chromedriver                        0x000000010460561c cxxbridge1$str$ptr + 2836888
20  chromedriver                        0x00000001046167d8 cxxbridge1$str$ptr + 2906964
21  libsystem_pthread.dylib             0x0000000187809f94 _pthread_start + 136
22  libsystem_pthread.dylib             0x0000000187804d34 thread_start + 8

2025-12-03 07:55:54 [selenium.webdriver.remote.remote_connection] DEBUG: POST http://localhost:61666/session/b3d1ea40d79140ae4ff71c7dd94cd1cc/element/f.353BA92EEAAC468A2145AAFD4E55641B.d.6841BEE517690502BE68CFB1E00B496B.e.58/element {'using': 'css selector', 'value': 'td a'}
2025-12-03 07:55:54 [urllib3.connectionpool] DEBUG: http://localhost:61666 "POST /session/b3d1ea40d79140ae4ff71c7dd94cd1cc/element/f.353BA92EEAAC468A2145AAFD4E55641B.d.6841BEE517690502BE68CFB1E00B496B.e.58/element HTTP/1.1" 404 0
2025-12-03 07:55:54 [selenium.webdriver.remote.remote_connection] DEBUG: Remote response: status=404 | data={"value":{"error":"stale element reference","message":"stale element reference: stale element not found\n  (Session info: chrome=142.0.7444.176)","stacktrace":"0   chromedriver                        0x000000010461eecc cxxbridge1$str$ptr + 2941512\n1   chromedriver                        0x0000000104616b88 cxxbridge1$str$ptr + 2907908\n2   chromedriver                        0x000000010412e2b0 _RNvCsgXDX2mvAJAg_7___rustc35___rust_no_alloc_shim_is_unstable_v2 + 74020\n3   chromedriver                        0x000000010413ee08 _RNvCsgXDX2mvAJAg_7___rustc35___rust_no_alloc_shim_is_unstable_v2 + 142460\n4   chromedriver                        0x000000010413dee4 _RNvCsgXDX2mvAJAg_7___rustc35___rust_no_alloc_shim_is_unstable_v2 + 138584\n5   chromedriver                        0x0000000104134968 _RNvCsgXDX2mvAJAg_7___rustc35___rust_no_alloc_shim_is_unstable_v2 + 100316\n6   chromedriver                        0x0000000104133170 _RNvCsgXDX2mvAJAg_7___rustc35___rust_no_alloc_shim_is_unstable_v2 + 94180\n7   chromedriver                        0x0000000104136314 _RNvCsgXDX2mvAJAg_7___rustc35___rust_no_alloc_shim_is_unstable_v2 + 106888\n8   chromedriver                        0x00000001041363cc _RNvCsgXDX2mvAJAg_7___rustc35___rust_no_alloc_shim_is_unstable_v2 + 107072\n9   chromedriver                        0x000000010417545c _RNvCsgXDX2mvAJAg_7___rustc35___rust_no_alloc_shim_is_unstable_v2 + 365264\n10  chromedriver                        0x000000010416b504 _RNvCsgXDX2mvAJAg_7___rustc35___rust_no_alloc_shim_is_unstable_v2 + 324472\n11  chromedriver                        0x00000001041b6d54 _RNvCsgXDX2mvAJAg_7___rustc35___rust_no_alloc_shim_is_unstable_v2 + 633800\n12  chromedriver                        0x0000000104169ef0 _RNvCsgXDX2mvAJAg_7___rustc35___rust_no_alloc_shim_is_unstable_v2 + 318820\n13  chromedriver                        0x00000001045e20c8 cxxbridge1$str$ptr + 2692164\n14  chromedriver                        0x00000001045e58dc cxxbridge1$str$ptr + 2706520\n15  chromedriver                        0x00000001045c284c cxxbridge1$str$ptr + 2563016\n16  chromedriver                        0x00000001045e61b4 cxxbridge1$str$ptr + 2708784\n17  chromedriver                        0x00000001045b40f4 cxxbridge1$str$ptr + 2503792\n18  chromedriver                        0x0000000104605498 cxxbridge1$str$ptr + 2836500\n19  chromedriver                        0x000000010460561c cxxbridge1$str$ptr + 2836888\n20  chromedriver                        0x00000001046167d8 cxxbridge1$str$ptr + 2906964\n21  libsystem_pthread.dylib             0x0000000187809f94 _pthread_start + 136\n22  libsystem_pthread.dylib             0x0000000187804d34 thread_start + 8\n"}} | headers=HTTPHeaderDict({'Content-Length': '2694', 'Content-Type': 'application/json; charset=utf-8', 'cache-control': 'no-cache'})
2025-12-03 07:55:54 [selenium.webdriver.remote.remote_connection] DEBUG: Finished Request
2025-12-03 07:55:54 [software] DEBUG: Skipping row: Message: stale element reference: stale element not found
  (Session info: chrome=142.0.7444.176); For documentation on this error, please visit: https://www.selenium.dev/documentation/webdriver/troubleshooting/errors#staleelementreferenceexception
Stacktrace:
0   chromedriver                        0x000000010461eecc cxxbridge1$str$ptr + 2941512
1   chromedriver                        0x0000000104616b88 cxxbridge1$str$ptr + 2907908
2   chromedriver                        0x000000010412e2b0 _RNvCsgXDX2mvAJAg_7___rustc35___rust_no_alloc_shim_is_unstable_v2 + 74020
3   chromedriver                        0x000000010413ee08 _RNvCsgXDX2mvAJAg_7___rustc35___rust_no_alloc_shim_is_unstable_v2 + 142460
4   chromedriver                        0x000000010413dee4 _RNvCsgXDX2mvAJAg_7___rustc35___rust_no_alloc_shim_is_unstable_v2 + 138584
5   chromedriver                        0x0000000104134968 _RNvCsgXDX2mvAJAg_7___rustc35___rust_no_alloc_shim_is_unstable_v2 + 100316
6   chromedriver                        0x0000000104133170 _RNvCsgXDX2mvAJAg_7___rustc35___rust_no_alloc_shim_is_unstable_v2 + 94180
7   chromedriver                        0x0000000104136314 _RNvCsgXDX2mvAJAg_7___rustc35___rust_no_alloc_shim_is_unstable_v2 + 106888
8   chromedriver                        0x00000001041363cc _RNvCsgXDX2mvAJAg_7___rustc35___rust_no_alloc_shim_is_unstable_v2 + 107072
9   chromedriver                        0x000000010417545c _RNvCsgXDX2mvAJAg_7___rustc35___rust_no_alloc_shim_is_unstable_v2 + 365264
10  chromedriver                        0x000000010416b504 _RNvCsgXDX2mvAJAg_7___rustc35___rust_no_alloc_shim_is_unstable_v2 + 324472
11  chromedriver                        0x00000001041b6d54 _RNvCsgXDX2mvAJAg_7___rustc35___rust_no_alloc_shim_is_unstable_v2 + 633800
12  chromedriver                        0x0000000104169ef0 _RNvCsgXDX2mvAJAg_7___rustc35___rust_no_alloc_shim_is_unstable_v2 + 318820
13  chromedriver                        0x00000001045e20c8 cxxbridge1$str$ptr + 2692164
14  chromedriver                        0x00000001045e58dc cxxbridge1$str$ptr + 2706520
15  chromedriver                        0x00000001045c284c cxxbridge1$str$ptr + 2563016
16  chromedriver                        0x00000001045e61b4 cxxbridge1$str$ptr + 2708784
17  chromedriver                        0x00000001045b40f4 cxxbridge1$str$ptr + 2503792
18  chromedriver                        0x0000000104605498 cxxbridge1$str$ptr + 2836500
19  chromedriver                        0x000000010460561c cxxbridge1$str$ptr + 2836888
20  chromedriver                        0x00000001046167d8 cxxbridge1$str$ptr + 2906964
21  libsystem_pthread.dylib             0x0000000187809f94 _pthread_start + 136
22  libsystem_pthread.dylib             0x0000000187804d34 thread_start + 8

2025-12-03 07:55:54 [selenium.webdriver.remote.remote_connection] DEBUG: POST http://localhost:61666/session/b3d1ea40d79140ae4ff71c7dd94cd1cc/element/f.353BA92EEAAC468A2145AAFD4E55641B.d.6841BEE517690502BE68CFB1E00B496B.e.59/element {'using': 'css selector', 'value': 'td a'}
2025-12-03 07:55:54 [urllib3.connectionpool] DEBUG: http://localhost:61666 "POST /session/b3d1ea40d79140ae4ff71c7dd94cd1cc/element/f.353BA92EEAAC468A2145AAFD4E55641B.d.6841BEE517690502BE68CFB1E00B496B.e.59/element HTTP/1.1" 404 0
2025-12-03 07:55:54 [selenium.webdriver.remote.remote_connection] DEBUG: Remote response: status=404 | data={"value":{"error":"stale element reference","message":"stale element reference: stale element not found\n  (Session info: chrome=142.0.7444.176)","stacktrace":"0   chromedriver                        0x000000010461eecc cxxbridge1$str$ptr + 2941512\n1   chromedriver                        0x0000000104616b88 cxxbridge1$str$ptr + 2907908\n2   chromedriver                        0x000000010412e2b0 _RNvCsgXDX2mvAJAg_7___rustc35___rust_no_alloc_shim_is_unstable_v2 + 74020\n3   chromedriver                        0x000000010413ee08 _RNvCsgXDX2mvAJAg_7___rustc35___rust_no_alloc_shim_is_unstable_v2 + 142460\n4   chromedriver                        0x000000010413dee4 _RNvCsgXDX2mvAJAg_7___rustc35___rust_no_alloc_shim_is_unstable_v2 + 138584\n5   chromedriver                        0x0000000104134968 _RNvCsgXDX2mvAJAg_7___rustc35___rust_no_alloc_shim_is_unstable_v2 + 100316\n6   chromedriver                        0x0000000104133170 _RNvCsgXDX2mvAJAg_7___rustc35___rust_no_alloc_shim_is_unstable_v2 + 94180\n7   chromedriver                        0x0000000104136314 _RNvCsgXDX2mvAJAg_7___rustc35___rust_no_alloc_shim_is_unstable_v2 + 106888\n8   chromedriver                        0x00000001041363cc _RNvCsgXDX2mvAJAg_7___rustc35___rust_no_alloc_shim_is_unstable_v2 + 107072\n9   chromedriver                        0x000000010417545c _RNvCsgXDX2mvAJAg_7___rustc35___rust_no_alloc_shim_is_unstable_v2 + 365264\n10  chromedriver                        0x000000010416b504 _RNvCsgXDX2mvAJAg_7___rustc35___rust_no_alloc_shim_is_unstable_v2 + 324472\n11  chromedriver                        0x00000001041b6d54 _RNvCsgXDX2mvAJAg_7___rustc35___rust_no_alloc_shim_is_unstable_v2 + 633800\n12  chromedriver                        0x0000000104169ef0 _RNvCsgXDX2mvAJAg_7___rustc35___rust_no_alloc_shim_is_unstable_v2 + 318820\n13  chromedriver                        0x00000001045e20c8 cxxbridge1$str$ptr + 2692164\n14  chromedriver                        0x00000001045e58dc cxxbridge1$str$ptr + 2706520\n15  chromedriver                        0x00000001045c284c cxxbridge1$str$ptr + 2563016\n16  chromedriver                        0x00000001045e61b4 cxxbridge1$str$ptr + 2708784\n17  chromedriver                        0x00000001045b40f4 cxxbridge1$str$ptr + 2503792\n18  chromedriver                        0x0000000104605498 cxxbridge1$str$ptr + 2836500\n19  chromedriver                        0x000000010460561c cxxbridge1$str$ptr + 2836888\n20  chromedriver                        0x00000001046167d8 cxxbridge1$str$ptr + 2906964\n21  libsystem_pthread.dylib             0x0000000187809f94 _pthread_start + 136\n22  libsystem_pthread.dylib             0x0000000187804d34 thread_start + 8\n"}} | headers=HTTPHeaderDict({'Content-Length': '2694', 'Content-Type': 'application/json; charset=utf-8', 'cache-control': 'no-cache'})
2025-12-03 07:55:54 [selenium.webdriver.remote.remote_connection] DEBUG: Finished Request
2025-12-03 07:55:54 [software] DEBUG: Skipping row: Message: stale element reference: stale element not found
  (Session info: chrome=142.0.7444.176); For documentation on this error, please visit: https://www.selenium.dev/documentation/webdriver/troubleshooting/errors#staleelementreferenceexception
Stacktrace:
0   chromedriver                        0x000000010461eecc cxxbridge1$str$ptr + 2941512
1   chromedriver                        0x0000000104616b88 cxxbridge1$str$ptr + 2907908
2   chromedriver                        0x000000010412e2b0 _RNvCsgXDX2mvAJAg_7___rustc35___rust_no_alloc_shim_is_unstable_v2 + 74020
3   chromedriver                        0x000000010413ee08 _RNvCsgXDX2mvAJAg_7___rustc35___rust_no_alloc_shim_is_unstable_v2 + 142460
4   chromedriver                        0x000000010413dee4 _RNvCsgXDX2mvAJAg_7___rustc35___rust_no_alloc_shim_is_unstable_v2 + 138584
5   chromedriver                        0x0000000104134968 _RNvCsgXDX2mvAJAg_7___rustc35___rust_no_alloc_shim_is_unstable_v2 + 100316
6   chromedriver                        0x0000000104133170 _RNvCsgXDX2mvAJAg_7___rustc35___rust_no_alloc_shim_is_unstable_v2 + 94180
7   chromedriver                        0x0000000104136314 _RNvCsgXDX2mvAJAg_7___rustc35___rust_no_alloc_shim_is_unstable_v2 + 106888
8   chromedriver                        0x00000001041363cc _RNvCsgXDX2mvAJAg_7___rustc35___rust_no_alloc_shim_is_unstable_v2 + 107072
9   chromedriver                        0x000000010417545c _RNvCsgXDX2mvAJAg_7___rustc35___rust_no_alloc_shim_is_unstable_v2 + 365264
10  chromedriver                        0x000000010416b504 _RNvCsgXDX2mvAJAg_7___rustc35___rust_no_alloc_shim_is_unstable_v2 + 324472
11  chromedriver                        0x00000001041b6d54 _RNvCsgXDX2mvAJAg_7___rustc35___rust_no_alloc_shim_is_unstable_v2 + 633800
12  chromedriver                        0x0000000104169ef0 _RNvCsgXDX2mvAJAg_7___rustc35___rust_no_alloc_shim_is_unstable_v2 + 318820
13  chromedriver                        0x00000001045e20c8 cxxbridge1$str$ptr + 2692164
14  chromedriver                        0x00000001045e58dc cxxbridge1$str$ptr + 2706520
15  chromedriver                        0x00000001045c284c cxxbridge1$str$ptr + 2563016
16  chromedriver                        0x00000001045e61b4 cxxbridge1$str$ptr + 2708784
17  chromedriver                        0x00000001045b40f4 cxxbridge1$str$ptr + 2503792
18  chromedriver                        0x0000000104605498 cxxbridge1$str$ptr + 2836500
19  chromedriver                        0x000000010460561c cxxbridge1$str$ptr + 2836888
20  chromedriver                        0x00000001046167d8 cxxbridge1$str$ptr + 2906964
21  libsystem_pthread.dylib             0x0000000187809f94 _pthread_start + 136
22  libsystem_pthread.dylib             0x0000000187804d34 thread_start + 8

2025-12-03 07:55:54 [selenium.webdriver.remote.remote_connection] DEBUG: POST http://localhost:61666/session/b3d1ea40d79140ae4ff71c7dd94cd1cc/element/f.353BA92EEAAC468A2145AAFD4E55641B.d.6841BEE517690502BE68CFB1E00B496B.e.60/element {'using': 'css selector', 'value': 'td a'}
2025-12-03 07:55:54 [urllib3.connectionpool] DEBUG: http://localhost:61666 "POST /session/b3d1ea40d79140ae4ff71c7dd94cd1cc/element/f.353BA92EEAAC468A2145AAFD4E55641B.d.6841BEE517690502BE68CFB1E00B496B.e.60/element HTTP/1.1" 404 0
2025-12-03 07:55:54 [selenium.webdriver.remote.remote_connection] DEBUG: Remote response: status=404 | data={"value":{"error":"stale element reference","message":"stale element reference: stale element not found\n  (Session info: chrome=142.0.7444.176)","stacktrace":"0   chromedriver                        0x000000010461eecc cxxbridge1$str$ptr + 2941512\n1   chromedriver                        0x0000000104616b88 cxxbridge1$str$ptr + 2907908\n2   chromedriver                        0x000000010412e2b0 _RNvCsgXDX2mvAJAg_7___rustc35___rust_no_alloc_shim_is_unstable_v2 + 74020\n3   chromedriver                        0x000000010413ee08 _RNvCsgXDX2mvAJAg_7___rustc35___rust_no_alloc_shim_is_unstable_v2 + 142460\n4   chromedriver                        0x000000010413dee4 _RNvCsgXDX2mvAJAg_7___rustc35___rust_no_alloc_shim_is_unstable_v2 + 138584\n5   chromedriver                        0x0000000104134968 _RNvCsgXDX2mvAJAg_7___rustc35___rust_no_alloc_shim_is_unstable_v2 + 100316\n6   chromedriver                        0x0000000104133170 _RNvCsgXDX2mvAJAg_7___rustc35___rust_no_alloc_shim_is_unstable_v2 + 94180\n7   chromedriver                        0x0000000104136314 _RNvCsgXDX2mvAJAg_7___rustc35___rust_no_alloc_shim_is_unstable_v2 + 106888\n8   chromedriver                        0x00000001041363cc _RNvCsgXDX2mvAJAg_7___rustc35___rust_no_alloc_shim_is_unstable_v2 + 107072\n9   chromedriver                        0x000000010417545c _RNvCsgXDX2mvAJAg_7___rustc35___rust_no_alloc_shim_is_unstable_v2 + 365264\n10  chromedriver                        0x000000010416b504 _RNvCsgXDX2mvAJAg_7___rustc35___rust_no_alloc_shim_is_unstable_v2 + 324472\n11  chromedriver                        0x00000001041b6d54 _RNvCsgXDX2mvAJAg_7___rustc35___rust_no_alloc_shim_is_unstable_v2 + 633800\n12  chromedriver                        0x0000000104169ef0 _RNvCsgXDX2mvAJAg_7___rustc35___rust_no_alloc_shim_is_unstable_v2 + 318820\n13  chromedriver                        0x00000001045e20c8 cxxbridge1$str$ptr + 2692164\n14  chromedriver                        0x00000001045e58dc cxxbridge1$str$ptr + 2706520\n15  chromedriver                        0x00000001045c284c cxxbridge1$str$ptr + 2563016\n16  chromedriver                        0x00000001045e61b4 cxxbridge1$str$ptr + 2708784\n17  chromedriver                        0x00000001045b40f4 cxxbridge1$str$ptr + 2503792\n18  chromedriver                        0x0000000104605498 cxxbridge1$str$ptr + 2836500\n19  chromedriver                        0x000000010460561c cxxbridge1$str$ptr + 2836888\n20  chromedriver                        0x00000001046167d8 cxxbridge1$str$ptr + 2906964\n21  libsystem_pthread.dylib             0x0000000187809f94 _pthread_start + 136\n22  libsystem_pthread.dylib             0x0000000187804d34 thread_start + 8\n"}} | headers=HTTPHeaderDict({'Content-Length': '2694', 'Content-Type': 'application/json; charset=utf-8', 'cache-control': 'no-cache'})
2025-12-03 07:55:54 [selenium.webdriver.remote.remote_connection] DEBUG: Finished Request
2025-12-03 07:55:54 [software] DEBUG: Skipping row: Message: stale element reference: stale element not found
  (Session info: chrome=142.0.7444.176); For documentation on this error, please visit: https://www.selenium.dev/documentation/webdriver/troubleshooting/errors#staleelementreferenceexception
Stacktrace:
0   chromedriver                        0x000000010461eecc cxxbridge1$str$ptr + 2941512
1   chromedriver                        0x0000000104616b88 cxxbridge1$str$ptr + 2907908
2   chromedriver                        0x000000010412e2b0 _RNvCsgXDX2mvAJAg_7___rustc35___rust_no_alloc_shim_is_unstable_v2 + 74020
3   chromedriver                        0x000000010413ee08 _RNvCsgXDX2mvAJAg_7___rustc35___rust_no_alloc_shim_is_unstable_v2 + 142460
4   chromedriver                        0x000000010413dee4 _RNvCsgXDX2mvAJAg_7___rustc35___rust_no_alloc_shim_is_unstable_v2 + 138584
5   chromedriver                        0x0000000104134968 _RNvCsgXDX2mvAJAg_7___rustc35___rust_no_alloc_shim_is_unstable_v2 + 100316
6   chromedriver                        0x0000000104133170 _RNvCsgXDX2mvAJAg_7___rustc35___rust_no_alloc_shim_is_unstable_v2 + 94180
7   chromedriver                        0x0000000104136314 _RNvCsgXDX2mvAJAg_7___rustc35___rust_no_alloc_shim_is_unstable_v2 + 106888
8   chromedriver                        0x00000001041363cc _RNvCsgXDX2mvAJAg_7___rustc35___rust_no_alloc_shim_is_unstable_v2 + 107072
9   chromedriver                        0x000000010417545c _RNvCsgXDX2mvAJAg_7___rustc35___rust_no_alloc_shim_is_unstable_v2 + 365264
10  chromedriver                        0x000000010416b504 _RNvCsgXDX2mvAJAg_7___rustc35___rust_no_alloc_shim_is_unstable_v2 + 324472
11  chromedriver                        0x00000001041b6d54 _RNvCsgXDX2mvAJAg_7___rustc35___rust_no_alloc_shim_is_unstable_v2 + 633800
12  chromedriver                        0x0000000104169ef0 _RNvCsgXDX2mvAJAg_7___rustc35___rust_no_alloc_shim_is_unstable_v2 + 318820
13  chromedriver                        0x00000001045e20c8 cxxbridge1$str$ptr + 2692164
14  chromedriver                        0x00000001045e58dc cxxbridge1$str$ptr + 2706520
15  chromedriver                        0x00000001045c284c cxxbridge1$str$ptr + 2563016
16  chromedriver                        0x00000001045e61b4 cxxbridge1$str$ptr + 2708784
17  chromedriver                        0x00000001045b40f4 cxxbridge1$str$ptr + 2503792
18  chromedriver                        0x0000000104605498 cxxbridge1$str$ptr + 2836500
19  chromedriver                        0x000000010460561c cxxbridge1$str$ptr + 2836888
20  chromedriver                        0x00000001046167d8 cxxbridge1$str$ptr + 2906964
21  libsystem_pthread.dylib             0x0000000187809f94 _pthread_start + 136
22  libsystem_pthread.dylib             0x0000000187804d34 thread_start + 8

2025-12-03 07:55:54 [selenium.webdriver.remote.remote_connection] DEBUG: POST http://localhost:61666/session/b3d1ea40d79140ae4ff71c7dd94cd1cc/element/f.353BA92EEAAC468A2145AAFD4E55641B.d.6841BEE517690502BE68CFB1E00B496B.e.61/element {'using': 'css selector', 'value': 'td a'}
2025-12-03 07:55:54 [urllib3.connectionpool] DEBUG: http://localhost:61666 "POST /session/b3d1ea40d79140ae4ff71c7dd94cd1cc/element/f.353BA92EEAAC468A2145AAFD4E55641B.d.6841BEE517690502BE68CFB1E00B496B.e.61/element HTTP/1.1" 404 0
2025-12-03 07:55:54 [selenium.webdriver.remote.remote_connection] DEBUG: Remote response: status=404 | data={"value":{"error":"stale element reference","message":"stale element reference: stale element not found\n  (Session info: chrome=142.0.7444.176)","stacktrace":"0   chromedriver                        0x000000010461eecc cxxbridge1$str$ptr + 2941512\n1   chromedriver                        0x0000000104616b88 cxxbridge1$str$ptr + 2907908\n2   chromedriver                        0x000000010412e2b0 _RNvCsgXDX2mvAJAg_7___rustc35___rust_no_alloc_shim_is_unstable_v2 + 74020\n3   chromedriver                        0x000000010413ee08 _RNvCsgXDX2mvAJAg_7___rustc35___rust_no_alloc_shim_is_unstable_v2 + 142460\n4   chromedriver                        0x000000010413dee4 _RNvCsgXDX2mvAJAg_7___rustc35___rust_no_alloc_shim_is_unstable_v2 + 138584\n5   chromedriver                        0x0000000104134968 _RNvCsgXDX2mvAJAg_7___rustc35___rust_no_alloc_shim_is_unstable_v2 + 100316\n6   chromedriver                        0x0000000104133170 _RNvCsgXDX2mvAJAg_7___rustc35___rust_no_alloc_shim_is_unstable_v2 + 94180\n7   chromedriver                        0x0000000104136314 _RNvCsgXDX2mvAJAg_7___rustc35___rust_no_alloc_shim_is_unstable_v2 + 106888\n8   chromedriver                        0x00000001041363cc _RNvCsgXDX2mvAJAg_7___rustc35___rust_no_alloc_shim_is_unstable_v2 + 107072\n9   chromedriver                        0x000000010417545c _RNvCsgXDX2mvAJAg_7___rustc35___rust_no_alloc_shim_is_unstable_v2 + 365264\n10  chromedriver                        0x000000010416b504 _RNvCsgXDX2mvAJAg_7___rustc35___rust_no_alloc_shim_is_unstable_v2 + 324472\n11  chromedriver                        0x00000001041b6d54 _RNvCsgXDX2mvAJAg_7___rustc35___rust_no_alloc_shim_is_unstable_v2 + 633800\n12  chromedriver                        0x0000000104169ef0 _RNvCsgXDX2mvAJAg_7___rustc35___rust_no_alloc_shim_is_unstable_v2 + 318820\n13  chromedriver                        0x00000001045e20c8 cxxbridge1$str$ptr + 2692164\n14  chromedriver                        0x00000001045e58dc cxxbridge1$str$ptr + 2706520\n15  chromedriver                        0x00000001045c284c cxxbridge1$str$ptr + 2563016\n16  chromedriver                        0x00000001045e61b4 cxxbridge1$str$ptr + 2708784\n17  chromedriver                        0x00000001045b40f4 cxxbridge1$str$ptr + 2503792\n18  chromedriver                        0x0000000104605498 cxxbridge1$str$ptr + 2836500\n19  chromedriver                        0x000000010460561c cxxbridge1$str$ptr + 2836888\n20  chromedriver                        0x00000001046167d8 cxxbridge1$str$ptr + 2906964\n21  libsystem_pthread.dylib             0x0000000187809f94 _pthread_start + 136\n22  libsystem_pthread.dylib             0x0000000187804d34 thread_start + 8\n"}} | headers=HTTPHeaderDict({'Content-Length': '2694', 'Content-Type': 'application/json; charset=utf-8', 'cache-control': 'no-cache'})
2025-12-03 07:55:54 [selenium.webdriver.remote.remote_connection] DEBUG: Finished Request
2025-12-03 07:55:54 [software] DEBUG: Skipping row: Message: stale element reference: stale element not found
  (Session info: chrome=142.0.7444.176); For documentation on this error, please visit: https://www.selenium.dev/documentation/webdriver/troubleshooting/errors#staleelementreferenceexception
Stacktrace:
0   chromedriver                        0x000000010461eecc cxxbridge1$str$ptr + 2941512
1   chromedriver                        0x0000000104616b88 cxxbridge1$str$ptr + 2907908
2   chromedriver                        0x000000010412e2b0 _RNvCsgXDX2mvAJAg_7___rustc35___rust_no_alloc_shim_is_unstable_v2 + 74020
3   chromedriver                        0x000000010413ee08 _RNvCsgXDX2mvAJAg_7___rustc35___rust_no_alloc_shim_is_unstable_v2 + 142460
4   chromedriver                        0x000000010413dee4 _RNvCsgXDX2mvAJAg_7___rustc35___rust_no_alloc_shim_is_unstable_v2 + 138584
5   chromedriver                        0x0000000104134968 _RNvCsgXDX2mvAJAg_7___rustc35___rust_no_alloc_shim_is_unstable_v2 + 100316
6   chromedriver                        0x0000000104133170 _RNvCsgXDX2mvAJAg_7___rustc35___rust_no_alloc_shim_is_unstable_v2 + 94180
7   chromedriver                        0x0000000104136314 _RNvCsgXDX2mvAJAg_7___rustc35___rust_no_alloc_shim_is_unstable_v2 + 106888
8   chromedriver                        0x00000001041363cc _RNvCsgXDX2mvAJAg_7___rustc35___rust_no_alloc_shim_is_unstable_v2 + 107072
9   chromedriver                        0x000000010417545c _RNvCsgXDX2mvAJAg_7___rustc35___rust_no_alloc_shim_is_unstable_v2 + 365264
10  chromedriver                        0x000000010416b504 _RNvCsgXDX2mvAJAg_7___rustc35___rust_no_alloc_shim_is_unstable_v2 + 324472
11  chromedriver                        0x00000001041b6d54 _RNvCsgXDX2mvAJAg_7___rustc35___rust_no_alloc_shim_is_unstable_v2 + 633800
12  chromedriver                        0x0000000104169ef0 _RNvCsgXDX2mvAJAg_7___rustc35___rust_no_alloc_shim_is_unstable_v2 + 318820
13  chromedriver                        0x00000001045e20c8 cxxbridge1$str$ptr + 2692164
14  chromedriver                        0x00000001045e58dc cxxbridge1$str$ptr + 2706520
15  chromedriver                        0x00000001045c284c cxxbridge1$str$ptr + 2563016
16  chromedriver                        0x00000001045e61b4 cxxbridge1$str$ptr + 2708784
17  chromedriver                        0x00000001045b40f4 cxxbridge1$str$ptr + 2503792
18  chromedriver                        0x0000000104605498 cxxbridge1$str$ptr + 2836500
19  chromedriver                        0x000000010460561c cxxbridge1$str$ptr + 2836888
20  chromedriver                        0x00000001046167d8 cxxbridge1$str$ptr + 2906964
21  libsystem_pthread.dylib             0x0000000187809f94 _pthread_start + 136
22  libsystem_pthread.dylib             0x0000000187804d34 thread_start + 8

2025-12-03 07:55:54 [selenium.webdriver.remote.remote_connection] DEBUG: POST http://localhost:61666/session/b3d1ea40d79140ae4ff71c7dd94cd1cc/element/f.353BA92EEAAC468A2145AAFD4E55641B.d.6841BEE517690502BE68CFB1E00B496B.e.62/element {'using': 'css selector', 'value': 'td a'}
2025-12-03 07:55:54 [urllib3.connectionpool] DEBUG: http://localhost:61666 "POST /session/b3d1ea40d79140ae4ff71c7dd94cd1cc/element/f.353BA92EEAAC468A2145AAFD4E55641B.d.6841BEE517690502BE68CFB1E00B496B.e.62/element HTTP/1.1" 404 0
2025-12-03 07:55:54 [selenium.webdriver.remote.remote_connection] DEBUG: Remote response: status=404 | data={"value":{"error":"stale element reference","message":"stale element reference: stale element not found\n  (Session info: chrome=142.0.7444.176)","stacktrace":"0   chromedriver                        0x000000010461eecc cxxbridge1$str$ptr + 2941512\n1   chromedriver                        0x0000000104616b88 cxxbridge1$str$ptr + 2907908\n2   chromedriver                        0x000000010412e2b0 _RNvCsgXDX2mvAJAg_7___rustc35___rust_no_alloc_shim_is_unstable_v2 + 74020\n3   chromedriver                        0x000000010413ee08 _RNvCsgXDX2mvAJAg_7___rustc35___rust_no_alloc_shim_is_unstable_v2 + 142460\n4   chromedriver                        0x000000010413dee4 _RNvCsgXDX2mvAJAg_7___rustc35___rust_no_alloc_shim_is_unstable_v2 + 138584\n5   chromedriver                        0x0000000104134968 _RNvCsgXDX2mvAJAg_7___rustc35___rust_no_alloc_shim_is_unstable_v2 + 100316\n6   chromedriver                        0x0000000104133170 _RNvCsgXDX2mvAJAg_7___rustc35___rust_no_alloc_shim_is_unstable_v2 + 94180\n7   chromedriver                        0x0000000104136314 _RNvCsgXDX2mvAJAg_7___rustc35___rust_no_alloc_shim_is_unstable_v2 + 106888\n8   chromedriver                        0x00000001041363cc _RNvCsgXDX2mvAJAg_7___rustc35___rust_no_alloc_shim_is_unstable_v2 + 107072\n9   chromedriver                        0x000000010417545c _RNvCsgXDX2mvAJAg_7___rustc35___rust_no_alloc_shim_is_unstable_v2 + 365264\n10  chromedriver                        0x000000010416b504 _RNvCsgXDX2mvAJAg_7___rustc35___rust_no_alloc_shim_is_unstable_v2 + 324472\n11  chromedriver                        0x00000001041b6d54 _RNvCsgXDX2mvAJAg_7___rustc35___rust_no_alloc_shim_is_unstable_v2 + 633800\n12  chromedriver                        0x0000000104169ef0 _RNvCsgXDX2mvAJAg_7___rustc35___rust_no_alloc_shim_is_unstable_v2 + 318820\n13  chromedriver                        0x00000001045e20c8 cxxbridge1$str$ptr + 2692164\n14  chromedriver                        0x00000001045e58dc cxxbridge1$str$ptr + 2706520\n15  chromedriver                        0x00000001045c284c cxxbridge1$str$ptr + 2563016\n16  chromedriver                        0x00000001045e61b4 cxxbridge1$str$ptr + 2708784\n17  chromedriver                        0x00000001045b40f4 cxxbridge1$str$ptr + 2503792\n18  chromedriver                        0x0000000104605498 cxxbridge1$str$ptr + 2836500\n19  chromedriver                        0x000000010460561c cxxbridge1$str$ptr + 2836888\n20  chromedriver                        0x00000001046167d8 cxxbridge1$str$ptr + 2906964\n21  libsystem_pthread.dylib             0x0000000187809f94 _pthread_start + 136\n22  libsystem_pthread.dylib             0x0000000187804d34 thread_start + 8\n"}} | headers=HTTPHeaderDict({'Content-Length': '2694', 'Content-Type': 'application/json; charset=utf-8', 'cache-control': 'no-cache'})
2025-12-03 07:55:54 [selenium.webdriver.remote.remote_connection] DEBUG: Finished Request
2025-12-03 07:55:54 [software] DEBUG: Skipping row: Message: stale element reference: stale element not found
  (Session info: chrome=142.0.7444.176); For documentation on this error, please visit: https://www.selenium.dev/documentation/webdriver/troubleshooting/errors#staleelementreferenceexception
Stacktrace:
0   chromedriver                        0x000000010461eecc cxxbridge1$str$ptr + 2941512
1   chromedriver                        0x0000000104616b88 cxxbridge1$str$ptr + 2907908
2   chromedriver                        0x000000010412e2b0 _RNvCsgXDX2mvAJAg_7___rustc35___rust_no_alloc_shim_is_unstable_v2 + 74020
3   chromedriver                        0x000000010413ee08 _RNvCsgXDX2mvAJAg_7___rustc35___rust_no_alloc_shim_is_unstable_v2 + 142460
4   chromedriver                        0x000000010413dee4 _RNvCsgXDX2mvAJAg_7___rustc35___rust_no_alloc_shim_is_unstable_v2 + 138584
5   chromedriver                        0x0000000104134968 _RNvCsgXDX2mvAJAg_7___rustc35___rust_no_alloc_shim_is_unstable_v2 + 100316
6   chromedriver                        0x0000000104133170 _RNvCsgXDX2mvAJAg_7___rustc35___rust_no_alloc_shim_is_unstable_v2 + 94180
7   chromedriver                        0x0000000104136314 _RNvCsgXDX2mvAJAg_7___rustc35___rust_no_alloc_shim_is_unstable_v2 + 106888
8   chromedriver                        0x00000001041363cc _RNvCsgXDX2mvAJAg_7___rustc35___rust_no_alloc_shim_is_unstable_v2 + 107072
9   chromedriver                        0x000000010417545c _RNvCsgXDX2mvAJAg_7___rustc35___rust_no_alloc_shim_is_unstable_v2 + 365264
10  chromedriver                        0x000000010416b504 _RNvCsgXDX2mvAJAg_7___rustc35___rust_no_alloc_shim_is_unstable_v2 + 324472
11  chromedriver                        0x00000001041b6d54 _RNvCsgXDX2mvAJAg_7___rustc35___rust_no_alloc_shim_is_unstable_v2 + 633800
12  chromedriver                        0x0000000104169ef0 _RNvCsgXDX2mvAJAg_7___rustc35___rust_no_alloc_shim_is_unstable_v2 + 318820
13  chromedriver                        0x00000001045e20c8 cxxbridge1$str$ptr + 2692164
14  chromedriver                        0x00000001045e58dc cxxbridge1$str$ptr + 2706520
15  chromedriver                        0x00000001045c284c cxxbridge1$str$ptr + 2563016
16  chromedriver                        0x00000001045e61b4 cxxbridge1$str$ptr + 2708784
17  chromedriver                        0x00000001045b40f4 cxxbridge1$str$ptr + 2503792
18  chromedriver                        0x0000000104605498 cxxbridge1$str$ptr + 2836500
19  chromedriver                        0x000000010460561c cxxbridge1$str$ptr + 2836888
20  chromedriver                        0x00000001046167d8 cxxbridge1$str$ptr + 2906964
21  libsystem_pthread.dylib             0x0000000187809f94 _pthread_start + 136
22  libsystem_pthread.dylib             0x0000000187804d34 thread_start + 8

2025-12-03 07:55:54 [selenium.webdriver.remote.remote_connection] DEBUG: POST http://localhost:61666/session/b3d1ea40d79140ae4ff71c7dd94cd1cc/element/f.353BA92EEAAC468A2145AAFD4E55641B.d.6841BEE517690502BE68CFB1E00B496B.e.63/element {'using': 'css selector', 'value': 'td a'}
2025-12-03 07:55:54 [urllib3.connectionpool] DEBUG: http://localhost:61666 "POST /session/b3d1ea40d79140ae4ff71c7dd94cd1cc/element/f.353BA92EEAAC468A2145AAFD4E55641B.d.6841BEE517690502BE68CFB1E00B496B.e.63/element HTTP/1.1" 404 0
2025-12-03 07:55:54 [selenium.webdriver.remote.remote_connection] DEBUG: Remote response: status=404 | data={"value":{"error":"stale element reference","message":"stale element reference: stale element not found\n  (Session info: chrome=142.0.7444.176)","stacktrace":"0   chromedriver                        0x000000010461eecc cxxbridge1$str$ptr + 2941512\n1   chromedriver                        0x0000000104616b88 cxxbridge1$str$ptr + 2907908\n2   chromedriver                        0x000000010412e2b0 _RNvCsgXDX2mvAJAg_7___rustc35___rust_no_alloc_shim_is_unstable_v2 + 74020\n3   chromedriver                        0x000000010413ee08 _RNvCsgXDX2mvAJAg_7___rustc35___rust_no_alloc_shim_is_unstable_v2 + 142460\n4   chromedriver                        0x000000010413dee4 _RNvCsgXDX2mvAJAg_7___rustc35___rust_no_alloc_shim_is_unstable_v2 + 138584\n5   chromedriver                        0x0000000104134968 _RNvCsgXDX2mvAJAg_7___rustc35___rust_no_alloc_shim_is_unstable_v2 + 100316\n6   chromedriver                        0x0000000104133170 _RNvCsgXDX2mvAJAg_7___rustc35___rust_no_alloc_shim_is_unstable_v2 + 94180\n7   chromedriver                        0x0000000104136314 _RNvCsgXDX2mvAJAg_7___rustc35___rust_no_alloc_shim_is_unstable_v2 + 106888\n8   chromedriver                        0x00000001041363cc _RNvCsgXDX2mvAJAg_7___rustc35___rust_no_alloc_shim_is_unstable_v2 + 107072\n9   chromedriver                        0x000000010417545c _RNvCsgXDX2mvAJAg_7___rustc35___rust_no_alloc_shim_is_unstable_v2 + 365264\n10  chromedriver                        0x000000010416b504 _RNvCsgXDX2mvAJAg_7___rustc35___rust_no_alloc_shim_is_unstable_v2 + 324472\n11  chromedriver                        0x00000001041b6d54 _RNvCsgXDX2mvAJAg_7___rustc35___rust_no_alloc_shim_is_unstable_v2 + 633800\n12  chromedriver                        0x0000000104169ef0 _RNvCsgXDX2mvAJAg_7___rustc35___rust_no_alloc_shim_is_unstable_v2 + 318820\n13  chromedriver                        0x00000001045e20c8 cxxbridge1$str$ptr + 2692164\n14  chromedriver                        0x00000001045e58dc cxxbridge1$str$ptr + 2706520\n15  chromedriver                        0x00000001045c284c cxxbridge1$str$ptr + 2563016\n16  chromedriver                        0x00000001045e61b4 cxxbridge1$str$ptr + 2708784\n17  chromedriver                        0x00000001045b40f4 cxxbridge1$str$ptr + 2503792\n18  chromedriver                        0x0000000104605498 cxxbridge1$str$ptr + 2836500\n19  chromedriver                        0x000000010460561c cxxbridge1$str$ptr + 2836888\n20  chromedriver                        0x00000001046167d8 cxxbridge1$str$ptr + 2906964\n21  libsystem_pthread.dylib             0x0000000187809f94 _pthread_start + 136\n22  libsystem_pthread.dylib             0x0000000187804d34 thread_start + 8\n"}} | headers=HTTPHeaderDict({'Content-Length': '2694', 'Content-Type': 'application/json; charset=utf-8', 'cache-control': 'no-cache'})
2025-12-03 07:55:54 [selenium.webdriver.remote.remote_connection] DEBUG: Finished Request
2025-12-03 07:55:54 [software] DEBUG: Skipping row: Message: stale element reference: stale element not found
  (Session info: chrome=142.0.7444.176); For documentation on this error, please visit: https://www.selenium.dev/documentation/webdriver/troubleshooting/errors#staleelementreferenceexception
Stacktrace:
0   chromedriver                        0x000000010461eecc cxxbridge1$str$ptr + 2941512
1   chromedriver                        0x0000000104616b88 cxxbridge1$str$ptr + 2907908
2   chromedriver                        0x000000010412e2b0 _RNvCsgXDX2mvAJAg_7___rustc35___rust_no_alloc_shim_is_unstable_v2 + 74020
3   chromedriver                        0x000000010413ee08 _RNvCsgXDX2mvAJAg_7___rustc35___rust_no_alloc_shim_is_unstable_v2 + 142460
4   chromedriver                        0x000000010413dee4 _RNvCsgXDX2mvAJAg_7___rustc35___rust_no_alloc_shim_is_unstable_v2 + 138584
5   chromedriver                        0x0000000104134968 _RNvCsgXDX2mvAJAg_7___rustc35___rust_no_alloc_shim_is_unstable_v2 + 100316
6   chromedriver                        0x0000000104133170 _RNvCsgXDX2mvAJAg_7___rustc35___rust_no_alloc_shim_is_unstable_v2 + 94180
7   chromedriver                        0x0000000104136314 _RNvCsgXDX2mvAJAg_7___rustc35___rust_no_alloc_shim_is_unstable_v2 + 106888
8   chromedriver                        0x00000001041363cc _RNvCsgXDX2mvAJAg_7___rustc35___rust_no_alloc_shim_is_unstable_v2 + 107072
9   chromedriver                        0x000000010417545c _RNvCsgXDX2mvAJAg_7___rustc35___rust_no_alloc_shim_is_unstable_v2 + 365264
10  chromedriver                        0x000000010416b504 _RNvCsgXDX2mvAJAg_7___rustc35___rust_no_alloc_shim_is_unstable_v2 + 324472
11  chromedriver                        0x00000001041b6d54 _RNvCsgXDX2mvAJAg_7___rustc35___rust_no_alloc_shim_is_unstable_v2 + 633800
12  chromedriver                        0x0000000104169ef0 _RNvCsgXDX2mvAJAg_7___rustc35___rust_no_alloc_shim_is_unstable_v2 + 318820
13  chromedriver                        0x00000001045e20c8 cxxbridge1$str$ptr + 2692164
14  chromedriver                        0x00000001045e58dc cxxbridge1$str$ptr + 2706520
15  chromedriver                        0x00000001045c284c cxxbridge1$str$ptr + 2563016
16  chromedriver                        0x00000001045e61b4 cxxbridge1$str$ptr + 2708784
17  chromedriver                        0x00000001045b40f4 cxxbridge1$str$ptr + 2503792
18  chromedriver                        0x0000000104605498 cxxbridge1$str$ptr + 2836500
19  chromedriver                        0x000000010460561c cxxbridge1$str$ptr + 2836888
20  chromedriver                        0x00000001046167d8 cxxbridge1$str$ptr + 2906964
21  libsystem_pthread.dylib             0x0000000187809f94 _pthread_start + 136
22  libsystem_pthread.dylib             0x0000000187804d34 thread_start + 8

2025-12-03 07:55:54 [selenium.webdriver.remote.remote_connection] DEBUG: POST http://localhost:61666/session/b3d1ea40d79140ae4ff71c7dd94cd1cc/element/f.353BA92EEAAC468A2145AAFD4E55641B.d.6841BEE517690502BE68CFB1E00B496B.e.64/element {'using': 'css selector', 'value': 'td a'}
2025-12-03 07:55:54 [urllib3.connectionpool] DEBUG: http://localhost:61666 "POST /session/b3d1ea40d79140ae4ff71c7dd94cd1cc/element/f.353BA92EEAAC468A2145AAFD4E55641B.d.6841BEE517690502BE68CFB1E00B496B.e.64/element HTTP/1.1" 404 0
2025-12-03 07:55:54 [selenium.webdriver.remote.remote_connection] DEBUG: Remote response: status=404 | data={"value":{"error":"stale element reference","message":"stale element reference: stale element not found\n  (Session info: chrome=142.0.7444.176)","stacktrace":"0   chromedriver                        0x000000010461eecc cxxbridge1$str$ptr + 2941512\n1   chromedriver                        0x0000000104616b88 cxxbridge1$str$ptr + 2907908\n2   chromedriver                        0x000000010412e2b0 _RNvCsgXDX2mvAJAg_7___rustc35___rust_no_alloc_shim_is_unstable_v2 + 74020\n3   chromedriver                        0x000000010413ee08 _RNvCsgXDX2mvAJAg_7___rustc35___rust_no_alloc_shim_is_unstable_v2 + 142460\n4   chromedriver                        0x000000010413dee4 _RNvCsgXDX2mvAJAg_7___rustc35___rust_no_alloc_shim_is_unstable_v2 + 138584\n5   chromedriver                        0x0000000104134968 _RNvCsgXDX2mvAJAg_7___rustc35___rust_no_alloc_shim_is_unstable_v2 + 100316\n6   chromedriver                        0x0000000104133170 _RNvCsgXDX2mvAJAg_7___rustc35___rust_no_alloc_shim_is_unstable_v2 + 94180\n7   chromedriver                        0x0000000104136314 _RNvCsgXDX2mvAJAg_7___rustc35___rust_no_alloc_shim_is_unstable_v2 + 106888\n8   chromedriver                        0x00000001041363cc _RNvCsgXDX2mvAJAg_7___rustc35___rust_no_alloc_shim_is_unstable_v2 + 107072\n9   chromedriver                        0x000000010417545c _RNvCsgXDX2mvAJAg_7___rustc35___rust_no_alloc_shim_is_unstable_v2 + 365264\n10  chromedriver                        0x000000010416b504 _RNvCsgXDX2mvAJAg_7___rustc35___rust_no_alloc_shim_is_unstable_v2 + 324472\n11  chromedriver                        0x00000001041b6d54 _RNvCsgXDX2mvAJAg_7___rustc35___rust_no_alloc_shim_is_unstable_v2 + 633800\n12  chromedriver                        0x0000000104169ef0 _RNvCsgXDX2mvAJAg_7___rustc35___rust_no_alloc_shim_is_unstable_v2 + 318820\n13  chromedriver                        0x00000001045e20c8 cxxbridge1$str$ptr + 2692164\n14  chromedriver                        0x00000001045e58dc cxxbridge1$str$ptr + 2706520\n15  chromedriver                        0x00000001045c284c cxxbridge1$str$ptr + 2563016\n16  chromedriver                        0x00000001045e61b4 cxxbridge1$str$ptr + 2708784\n17  chromedriver                        0x00000001045b40f4 cxxbridge1$str$ptr + 2503792\n18  chromedriver                        0x0000000104605498 cxxbridge1$str$ptr + 2836500\n19  chromedriver                        0x000000010460561c cxxbridge1$str$ptr + 2836888\n20  chromedriver                        0x00000001046167d8 cxxbridge1$str$ptr + 2906964\n21  libsystem_pthread.dylib             0x0000000187809f94 _pthread_start + 136\n22  libsystem_pthread.dylib             0x0000000187804d34 thread_start + 8\n"}} | headers=HTTPHeaderDict({'Content-Length': '2694', 'Content-Type': 'application/json; charset=utf-8', 'cache-control': 'no-cache'})
2025-12-03 07:55:54 [selenium.webdriver.remote.remote_connection] DEBUG: Finished Request
2025-12-03 07:55:54 [software] DEBUG: Skipping row: Message: stale element reference: stale element not found
  (Session info: chrome=142.0.7444.176); For documentation on this error, please visit: https://www.selenium.dev/documentation/webdriver/troubleshooting/errors#staleelementreferenceexception
Stacktrace:
0   chromedriver                        0x000000010461eecc cxxbridge1$str$ptr + 2941512
1   chromedriver                        0x0000000104616b88 cxxbridge1$str$ptr + 2907908
2   chromedriver                        0x000000010412e2b0 _RNvCsgXDX2mvAJAg_7___rustc35___rust_no_alloc_shim_is_unstable_v2 + 74020
3   chromedriver                        0x000000010413ee08 _RNvCsgXDX2mvAJAg_7___rustc35___rust_no_alloc_shim_is_unstable_v2 + 142460
4   chromedriver                        0x000000010413dee4 _RNvCsgXDX2mvAJAg_7___rustc35___rust_no_alloc_shim_is_unstable_v2 + 138584
5   chromedriver                        0x0000000104134968 _RNvCsgXDX2mvAJAg_7___rustc35___rust_no_alloc_shim_is_unstable_v2 + 100316
6   chromedriver                        0x0000000104133170 _RNvCsgXDX2mvAJAg_7___rustc35___rust_no_alloc_shim_is_unstable_v2 + 94180
7   chromedriver                        0x0000000104136314 _RNvCsgXDX2mvAJAg_7___rustc35___rust_no_alloc_shim_is_unstable_v2 + 106888
8   chromedriver                        0x00000001041363cc _RNvCsgXDX2mvAJAg_7___rustc35___rust_no_alloc_shim_is_unstable_v2 + 107072
9   chromedriver                        0x000000010417545c _RNvCsgXDX2mvAJAg_7___rustc35___rust_no_alloc_shim_is_unstable_v2 + 365264
10  chromedriver                        0x000000010416b504 _RNvCsgXDX2mvAJAg_7___rustc35___rust_no_alloc_shim_is_unstable_v2 + 324472
11  chromedriver                        0x00000001041b6d54 _RNvCsgXDX2mvAJAg_7___rustc35___rust_no_alloc_shim_is_unstable_v2 + 633800
12  chromedriver                        0x0000000104169ef0 _RNvCsgXDX2mvAJAg_7___rustc35___rust_no_alloc_shim_is_unstable_v2 + 318820
13  chromedriver                        0x00000001045e20c8 cxxbridge1$str$ptr + 2692164
14  chromedriver                        0x00000001045e58dc cxxbridge1$str$ptr + 2706520
15  chromedriver                        0x00000001045c284c cxxbridge1$str$ptr + 2563016
16  chromedriver                        0x00000001045e61b4 cxxbridge1$str$ptr + 2708784
17  chromedriver                        0x00000001045b40f4 cxxbridge1$str$ptr + 2503792
18  chromedriver                        0x0000000104605498 cxxbridge1$str$ptr + 2836500
19  chromedriver                        0x000000010460561c cxxbridge1$str$ptr + 2836888
20  chromedriver                        0x00000001046167d8 cxxbridge1$str$ptr + 2906964
21  libsystem_pthread.dylib             0x0000000187809f94 _pthread_start + 136
22  libsystem_pthread.dylib             0x0000000187804d34 thread_start + 8

2025-12-03 07:55:54 [selenium.webdriver.remote.remote_connection] DEBUG: POST http://localhost:61666/session/b3d1ea40d79140ae4ff71c7dd94cd1cc/element/f.353BA92EEAAC468A2145AAFD4E55641B.d.6841BEE517690502BE68CFB1E00B496B.e.65/element {'using': 'css selector', 'value': 'td a'}
2025-12-03 07:55:54 [urllib3.connectionpool] DEBUG: http://localhost:61666 "POST /session/b3d1ea40d79140ae4ff71c7dd94cd1cc/element/f.353BA92EEAAC468A2145AAFD4E55641B.d.6841BEE517690502BE68CFB1E00B496B.e.65/element HTTP/1.1" 404 0
2025-12-03 07:55:54 [selenium.webdriver.remote.remote_connection] DEBUG: Remote response: status=404 | data={"value":{"error":"stale element reference","message":"stale element reference: stale element not found\n  (Session info: chrome=142.0.7444.176)","stacktrace":"0   chromedriver                        0x000000010461eecc cxxbridge1$str$ptr + 2941512\n1   chromedriver                        0x0000000104616b88 cxxbridge1$str$ptr + 2907908\n2   chromedriver                        0x000000010412e2b0 _RNvCsgXDX2mvAJAg_7___rustc35___rust_no_alloc_shim_is_unstable_v2 + 74020\n3   chromedriver                        0x000000010413ee08 _RNvCsgXDX2mvAJAg_7___rustc35___rust_no_alloc_shim_is_unstable_v2 + 142460\n4   chromedriver                        0x000000010413dee4 _RNvCsgXDX2mvAJAg_7___rustc35___rust_no_alloc_shim_is_unstable_v2 + 138584\n5   chromedriver                        0x0000000104134968 _RNvCsgXDX2mvAJAg_7___rustc35___rust_no_alloc_shim_is_unstable_v2 + 100316\n6   chromedriver                        0x0000000104133170 _RNvCsgXDX2mvAJAg_7___rustc35___rust_no_alloc_shim_is_unstable_v2 + 94180\n7   chromedriver                        0x0000000104136314 _RNvCsgXDX2mvAJAg_7___rustc35___rust_no_alloc_shim_is_unstable_v2 + 106888\n8   chromedriver                        0x00000001041363cc _RNvCsgXDX2mvAJAg_7___rustc35___rust_no_alloc_shim_is_unstable_v2 + 107072\n9   chromedriver                        0x000000010417545c _RNvCsgXDX2mvAJAg_7___rustc35___rust_no_alloc_shim_is_unstable_v2 + 365264\n10  chromedriver                        0x000000010416b504 _RNvCsgXDX2mvAJAg_7___rustc35___rust_no_alloc_shim_is_unstable_v2 + 324472\n11  chromedriver                        0x00000001041b6d54 _RNvCsgXDX2mvAJAg_7___rustc35___rust_no_alloc_shim_is_unstable_v2 + 633800\n12  chromedriver                        0x0000000104169ef0 _RNvCsgXDX2mvAJAg_7___rustc35___rust_no_alloc_shim_is_unstable_v2 + 318820\n13  chromedriver                        0x00000001045e20c8 cxxbridge1$str$ptr + 2692164\n14  chromedriver                        0x00000001045e58dc cxxbridge1$str$ptr + 2706520\n15  chromedriver                        0x00000001045c284c cxxbridge1$str$ptr + 2563016\n16  chromedriver                        0x00000001045e61b4 cxxbridge1$str$ptr + 2708784\n17  chromedriver                        0x00000001045b40f4 cxxbridge1$str$ptr + 2503792\n18  chromedriver                        0x0000000104605498 cxxbridge1$str$ptr + 2836500\n19  chromedriver                        0x000000010460561c cxxbridge1$str$ptr + 2836888\n20  chromedriver                        0x00000001046167d8 cxxbridge1$str$ptr + 2906964\n21  libsystem_pthread.dylib             0x0000000187809f94 _pthread_start + 136\n22  libsystem_pthread.dylib             0x0000000187804d34 thread_start + 8\n"}} | headers=HTTPHeaderDict({'Content-Length': '2694', 'Content-Type': 'application/json; charset=utf-8', 'cache-control': 'no-cache'})
2025-12-03 07:55:54 [selenium.webdriver.remote.remote_connection] DEBUG: Finished Request
2025-12-03 07:55:54 [software] DEBUG: Skipping row: Message: stale element reference: stale element not found
  (Session info: chrome=142.0.7444.176); For documentation on this error, please visit: https://www.selenium.dev/documentation/webdriver/troubleshooting/errors#staleelementreferenceexception
Stacktrace:
0   chromedriver                        0x000000010461eecc cxxbridge1$str$ptr + 2941512
1   chromedriver                        0x0000000104616b88 cxxbridge1$str$ptr + 2907908
2   chromedriver                        0x000000010412e2b0 _RNvCsgXDX2mvAJAg_7___rustc35___rust_no_alloc_shim_is_unstable_v2 + 74020
3   chromedriver                        0x000000010413ee08 _RNvCsgXDX2mvAJAg_7___rustc35___rust_no_alloc_shim_is_unstable_v2 + 142460
4   chromedriver                        0x000000010413dee4 _RNvCsgXDX2mvAJAg_7___rustc35___rust_no_alloc_shim_is_unstable_v2 + 138584
5   chromedriver                        0x0000000104134968 _RNvCsgXDX2mvAJAg_7___rustc35___rust_no_alloc_shim_is_unstable_v2 + 100316
6   chromedriver                        0x0000000104133170 _RNvCsgXDX2mvAJAg_7___rustc35___rust_no_alloc_shim_is_unstable_v2 + 94180
7   chromedriver                        0x0000000104136314 _RNvCsgXDX2mvAJAg_7___rustc35___rust_no_alloc_shim_is_unstable_v2 + 106888
8   chromedriver                        0x00000001041363cc _RNvCsgXDX2mvAJAg_7___rustc35___rust_no_alloc_shim_is_unstable_v2 + 107072
9   chromedriver                        0x000000010417545c _RNvCsgXDX2mvAJAg_7___rustc35___rust_no_alloc_shim_is_unstable_v2 + 365264
10  chromedriver                        0x000000010416b504 _RNvCsgXDX2mvAJAg_7___rustc35___rust_no_alloc_shim_is_unstable_v2 + 324472
11  chromedriver                        0x00000001041b6d54 _RNvCsgXDX2mvAJAg_7___rustc35___rust_no_alloc_shim_is_unstable_v2 + 633800
12  chromedriver                        0x0000000104169ef0 _RNvCsgXDX2mvAJAg_7___rustc35___rust_no_alloc_shim_is_unstable_v2 + 318820
13  chromedriver                        0x00000001045e20c8 cxxbridge1$str$ptr + 2692164
14  chromedriver                        0x00000001045e58dc cxxbridge1$str$ptr + 2706520
15  chromedriver                        0x00000001045c284c cxxbridge1$str$ptr + 2563016
16  chromedriver                        0x00000001045e61b4 cxxbridge1$str$ptr + 2708784
17  chromedriver                        0x00000001045b40f4 cxxbridge1$str$ptr + 2503792
18  chromedriver                        0x0000000104605498 cxxbridge1$str$ptr + 2836500
19  chromedriver                        0x000000010460561c cxxbridge1$str$ptr + 2836888
20  chromedriver                        0x00000001046167d8 cxxbridge1$str$ptr + 2906964
21  libsystem_pthread.dylib             0x0000000187809f94 _pthread_start + 136
22  libsystem_pthread.dylib             0x0000000187804d34 thread_start + 8

2025-12-03 07:55:54 [selenium.webdriver.remote.remote_connection] DEBUG: POST http://localhost:61666/session/b3d1ea40d79140ae4ff71c7dd94cd1cc/element/f.353BA92EEAAC468A2145AAFD4E55641B.d.6841BEE517690502BE68CFB1E00B496B.e.66/element {'using': 'css selector', 'value': 'td a'}
2025-12-03 07:55:54 [urllib3.connectionpool] DEBUG: http://localhost:61666 "POST /session/b3d1ea40d79140ae4ff71c7dd94cd1cc/element/f.353BA92EEAAC468A2145AAFD4E55641B.d.6841BEE517690502BE68CFB1E00B496B.e.66/element HTTP/1.1" 404 0
2025-12-03 07:55:54 [selenium.webdriver.remote.remote_connection] DEBUG: Remote response: status=404 | data={"value":{"error":"stale element reference","message":"stale element reference: stale element not found\n  (Session info: chrome=142.0.7444.176)","stacktrace":"0   chromedriver                        0x000000010461eecc cxxbridge1$str$ptr + 2941512\n1   chromedriver                        0x0000000104616b88 cxxbridge1$str$ptr + 2907908\n2   chromedriver                        0x000000010412e2b0 _RNvCsgXDX2mvAJAg_7___rustc35___rust_no_alloc_shim_is_unstable_v2 + 74020\n3   chromedriver                        0x000000010413ee08 _RNvCsgXDX2mvAJAg_7___rustc35___rust_no_alloc_shim_is_unstable_v2 + 142460\n4   chromedriver                        0x000000010413dee4 _RNvCsgXDX2mvAJAg_7___rustc35___rust_no_alloc_shim_is_unstable_v2 + 138584\n5   chromedriver                        0x0000000104134968 _RNvCsgXDX2mvAJAg_7___rustc35___rust_no_alloc_shim_is_unstable_v2 + 100316\n6   chromedriver                        0x0000000104133170 _RNvCsgXDX2mvAJAg_7___rustc35___rust_no_alloc_shim_is_unstable_v2 + 94180\n7   chromedriver                        0x0000000104136314 _RNvCsgXDX2mvAJAg_7___rustc35___rust_no_alloc_shim_is_unstable_v2 + 106888\n8   chromedriver                        0x00000001041363cc _RNvCsgXDX2mvAJAg_7___rustc35___rust_no_alloc_shim_is_unstable_v2 + 107072\n9   chromedriver                        0x000000010417545c _RNvCsgXDX2mvAJAg_7___rustc35___rust_no_alloc_shim_is_unstable_v2 + 365264\n10  chromedriver                        0x000000010416b504 _RNvCsgXDX2mvAJAg_7___rustc35___rust_no_alloc_shim_is_unstable_v2 + 324472\n11  chromedriver                        0x00000001041b6d54 _RNvCsgXDX2mvAJAg_7___rustc35___rust_no_alloc_shim_is_unstable_v2 + 633800\n12  chromedriver                        0x0000000104169ef0 _RNvCsgXDX2mvAJAg_7___rustc35___rust_no_alloc_shim_is_unstable_v2 + 318820\n13  chromedriver                        0x00000001045e20c8 cxxbridge1$str$ptr + 2692164\n14  chromedriver                        0x00000001045e58dc cxxbridge1$str$ptr + 2706520\n15  chromedriver                        0x00000001045c284c cxxbridge1$str$ptr + 2563016\n16  chromedriver                        0x00000001045e61b4 cxxbridge1$str$ptr + 2708784\n17  chromedriver                        0x00000001045b40f4 cxxbridge1$str$ptr + 2503792\n18  chromedriver                        0x0000000104605498 cxxbridge1$str$ptr + 2836500\n19  chromedriver                        0x000000010460561c cxxbridge1$str$ptr + 2836888\n20  chromedriver                        0x00000001046167d8 cxxbridge1$str$ptr + 2906964\n21  libsystem_pthread.dylib             0x0000000187809f94 _pthread_start + 136\n22  libsystem_pthread.dylib             0x0000000187804d34 thread_start + 8\n"}} | headers=HTTPHeaderDict({'Content-Length': '2694', 'Content-Type': 'application/json; charset=utf-8', 'cache-control': 'no-cache'})
2025-12-03 07:55:54 [selenium.webdriver.remote.remote_connection] DEBUG: Finished Request
2025-12-03 07:55:54 [software] DEBUG: Skipping row: Message: stale element reference: stale element not found
  (Session info: chrome=142.0.7444.176); For documentation on this error, please visit: https://www.selenium.dev/documentation/webdriver/troubleshooting/errors#staleelementreferenceexception
Stacktrace:
0   chromedriver                        0x000000010461eecc cxxbridge1$str$ptr + 2941512
1   chromedriver                        0x0000000104616b88 cxxbridge1$str$ptr + 2907908
2   chromedriver                        0x000000010412e2b0 _RNvCsgXDX2mvAJAg_7___rustc35___rust_no_alloc_shim_is_unstable_v2 + 74020
3   chromedriver                        0x000000010413ee08 _RNvCsgXDX2mvAJAg_7___rustc35___rust_no_alloc_shim_is_unstable_v2 + 142460
4   chromedriver                        0x000000010413dee4 _RNvCsgXDX2mvAJAg_7___rustc35___rust_no_alloc_shim_is_unstable_v2 + 138584
5   chromedriver                        0x0000000104134968 _RNvCsgXDX2mvAJAg_7___rustc35___rust_no_alloc_shim_is_unstable_v2 + 100316
6   chromedriver                        0x0000000104133170 _RNvCsgXDX2mvAJAg_7___rustc35___rust_no_alloc_shim_is_unstable_v2 + 94180
7   chromedriver                        0x0000000104136314 _RNvCsgXDX2mvAJAg_7___rustc35___rust_no_alloc_shim_is_unstable_v2 + 106888
8   chromedriver                        0x00000001041363cc _RNvCsgXDX2mvAJAg_7___rustc35___rust_no_alloc_shim_is_unstable_v2 + 107072
9   chromedriver                        0x000000010417545c _RNvCsgXDX2mvAJAg_7___rustc35___rust_no_alloc_shim_is_unstable_v2 + 365264
10  chromedriver                        0x000000010416b504 _RNvCsgXDX2mvAJAg_7___rustc35___rust_no_alloc_shim_is_unstable_v2 + 324472
11  chromedriver                        0x00000001041b6d54 _RNvCsgXDX2mvAJAg_7___rustc35___rust_no_alloc_shim_is_unstable_v2 + 633800
12  chromedriver                        0x0000000104169ef0 _RNvCsgXDX2mvAJAg_7___rustc35___rust_no_alloc_shim_is_unstable_v2 + 318820
13  chromedriver                        0x00000001045e20c8 cxxbridge1$str$ptr + 2692164
14  chromedriver                        0x00000001045e58dc cxxbridge1$str$ptr + 2706520
15  chromedriver                        0x00000001045c284c cxxbridge1$str$ptr + 2563016
16  chromedriver                        0x00000001045e61b4 cxxbridge1$str$ptr + 2708784
17  chromedriver                        0x00000001045b40f4 cxxbridge1$str$ptr + 2503792
18  chromedriver                        0x0000000104605498 cxxbridge1$str$ptr + 2836500
19  chromedriver                        0x000000010460561c cxxbridge1$str$ptr + 2836888
20  chromedriver                        0x00000001046167d8 cxxbridge1$str$ptr + 2906964
21  libsystem_pthread.dylib             0x0000000187809f94 _pthread_start + 136
22  libsystem_pthread.dylib             0x0000000187804d34 thread_start + 8

2025-12-03 07:55:54 [selenium.webdriver.remote.remote_connection] DEBUG: POST http://localhost:61666/session/b3d1ea40d79140ae4ff71c7dd94cd1cc/element/f.353BA92EEAAC468A2145AAFD4E55641B.d.6841BEE517690502BE68CFB1E00B496B.e.67/element {'using': 'css selector', 'value': 'td a'}
2025-12-03 07:55:54 [urllib3.connectionpool] DEBUG: http://localhost:61666 "POST /session/b3d1ea40d79140ae4ff71c7dd94cd1cc/element/f.353BA92EEAAC468A2145AAFD4E55641B.d.6841BEE517690502BE68CFB1E00B496B.e.67/element HTTP/1.1" 404 0
2025-12-03 07:55:54 [selenium.webdriver.remote.remote_connection] DEBUG: Remote response: status=404 | data={"value":{"error":"stale element reference","message":"stale element reference: stale element not found\n  (Session info: chrome=142.0.7444.176)","stacktrace":"0   chromedriver                        0x000000010461eecc cxxbridge1$str$ptr + 2941512\n1   chromedriver                        0x0000000104616b88 cxxbridge1$str$ptr + 2907908\n2   chromedriver                        0x000000010412e2b0 _RNvCsgXDX2mvAJAg_7___rustc35___rust_no_alloc_shim_is_unstable_v2 + 74020\n3   chromedriver                        0x000000010413ee08 _RNvCsgXDX2mvAJAg_7___rustc35___rust_no_alloc_shim_is_unstable_v2 + 142460\n4   chromedriver                        0x000000010413dee4 _RNvCsgXDX2mvAJAg_7___rustc35___rust_no_alloc_shim_is_unstable_v2 + 138584\n5   chromedriver                        0x0000000104134968 _RNvCsgXDX2mvAJAg_7___rustc35___rust_no_alloc_shim_is_unstable_v2 + 100316\n6   chromedriver                        0x0000000104133170 _RNvCsgXDX2mvAJAg_7___rustc35___rust_no_alloc_shim_is_unstable_v2 + 94180\n7   chromedriver                        0x0000000104136314 _RNvCsgXDX2mvAJAg_7___rustc35___rust_no_alloc_shim_is_unstable_v2 + 106888\n8   chromedriver                        0x00000001041363cc _RNvCsgXDX2mvAJAg_7___rustc35___rust_no_alloc_shim_is_unstable_v2 + 107072\n9   chromedriver                        0x000000010417545c _RNvCsgXDX2mvAJAg_7___rustc35___rust_no_alloc_shim_is_unstable_v2 + 365264\n10  chromedriver                        0x000000010416b504 _RNvCsgXDX2mvAJAg_7___rustc35___rust_no_alloc_shim_is_unstable_v2 + 324472\n11  chromedriver                        0x00000001041b6d54 _RNvCsgXDX2mvAJAg_7___rustc35___rust_no_alloc_shim_is_unstable_v2 + 633800\n12  chromedriver                        0x0000000104169ef0 _RNvCsgXDX2mvAJAg_7___rustc35___rust_no_alloc_shim_is_unstable_v2 + 318820\n13  chromedriver                        0x00000001045e20c8 cxxbridge1$str$ptr + 2692164\n14  chromedriver                        0x00000001045e58dc cxxbridge1$str$ptr + 2706520\n15  chromedriver                        0x00000001045c284c cxxbridge1$str$ptr + 2563016\n16  chromedriver                        0x00000001045e61b4 cxxbridge1$str$ptr + 2708784\n17  chromedriver                        0x00000001045b40f4 cxxbridge1$str$ptr + 2503792\n18  chromedriver                        0x0000000104605498 cxxbridge1$str$ptr + 2836500\n19  chromedriver                        0x000000010460561c cxxbridge1$str$ptr + 2836888\n20  chromedriver                        0x00000001046167d8 cxxbridge1$str$ptr + 2906964\n21  libsystem_pthread.dylib             0x0000000187809f94 _pthread_start + 136\n22  libsystem_pthread.dylib             0x0000000187804d34 thread_start + 8\n"}} | headers=HTTPHeaderDict({'Content-Length': '2694', 'Content-Type': 'application/json; charset=utf-8', 'cache-control': 'no-cache'})
2025-12-03 07:55:54 [selenium.webdriver.remote.remote_connection] DEBUG: Finished Request
2025-12-03 07:55:54 [software] DEBUG: Skipping row: Message: stale element reference: stale element not found
  (Session info: chrome=142.0.7444.176); For documentation on this error, please visit: https://www.selenium.dev/documentation/webdriver/troubleshooting/errors#staleelementreferenceexception
Stacktrace:
0   chromedriver                        0x000000010461eecc cxxbridge1$str$ptr + 2941512
1   chromedriver                        0x0000000104616b88 cxxbridge1$str$ptr + 2907908
2   chromedriver                        0x000000010412e2b0 _RNvCsgXDX2mvAJAg_7___rustc35___rust_no_alloc_shim_is_unstable_v2 + 74020
3   chromedriver                        0x000000010413ee08 _RNvCsgXDX2mvAJAg_7___rustc35___rust_no_alloc_shim_is_unstable_v2 + 142460
4   chromedriver                        0x000000010413dee4 _RNvCsgXDX2mvAJAg_7___rustc35___rust_no_alloc_shim_is_unstable_v2 + 138584
5   chromedriver                        0x0000000104134968 _RNvCsgXDX2mvAJAg_7___rustc35___rust_no_alloc_shim_is_unstable_v2 + 100316
6   chromedriver                        0x0000000104133170 _RNvCsgXDX2mvAJAg_7___rustc35___rust_no_alloc_shim_is_unstable_v2 + 94180
7   chromedriver                        0x0000000104136314 _RNvCsgXDX2mvAJAg_7___rustc35___rust_no_alloc_shim_is_unstable_v2 + 106888
8   chromedriver                        0x00000001041363cc _RNvCsgXDX2mvAJAg_7___rustc35___rust_no_alloc_shim_is_unstable_v2 + 107072
9   chromedriver                        0x000000010417545c _RNvCsgXDX2mvAJAg_7___rustc35___rust_no_alloc_shim_is_unstable_v2 + 365264
10  chromedriver                        0x000000010416b504 _RNvCsgXDX2mvAJAg_7___rustc35___rust_no_alloc_shim_is_unstable_v2 + 324472
11  chromedriver                        0x00000001041b6d54 _RNvCsgXDX2mvAJAg_7___rustc35___rust_no_alloc_shim_is_unstable_v2 + 633800
12  chromedriver                        0x0000000104169ef0 _RNvCsgXDX2mvAJAg_7___rustc35___rust_no_alloc_shim_is_unstable_v2 + 318820
13  chromedriver                        0x00000001045e20c8 cxxbridge1$str$ptr + 2692164
14  chromedriver                        0x00000001045e58dc cxxbridge1$str$ptr + 2706520
15  chromedriver                        0x00000001045c284c cxxbridge1$str$ptr + 2563016
16  chromedriver                        0x00000001045e61b4 cxxbridge1$str$ptr + 2708784
17  chromedriver                        0x00000001045b40f4 cxxbridge1$str$ptr + 2503792
18  chromedriver                        0x0000000104605498 cxxbridge1$str$ptr + 2836500
19  chromedriver                        0x000000010460561c cxxbridge1$str$ptr + 2836888
20  chromedriver                        0x00000001046167d8 cxxbridge1$str$ptr + 2906964
21  libsystem_pthread.dylib             0x0000000187809f94 _pthread_start + 136
22  libsystem_pthread.dylib             0x0000000187804d34 thread_start + 8

2025-12-03 07:55:54 [selenium.webdriver.remote.remote_connection] DEBUG: POST http://localhost:61666/session/b3d1ea40d79140ae4ff71c7dd94cd1cc/element/f.353BA92EEAAC468A2145AAFD4E55641B.d.6841BEE517690502BE68CFB1E00B496B.e.68/element {'using': 'css selector', 'value': 'td a'}
2025-12-03 07:55:54 [urllib3.connectionpool] DEBUG: http://localhost:61666 "POST /session/b3d1ea40d79140ae4ff71c7dd94cd1cc/element/f.353BA92EEAAC468A2145AAFD4E55641B.d.6841BEE517690502BE68CFB1E00B496B.e.68/element HTTP/1.1" 404 0
2025-12-03 07:55:54 [selenium.webdriver.remote.remote_connection] DEBUG: Remote response: status=404 | data={"value":{"error":"stale element reference","message":"stale element reference: stale element not found\n  (Session info: chrome=142.0.7444.176)","stacktrace":"0   chromedriver                        0x000000010461eecc cxxbridge1$str$ptr + 2941512\n1   chromedriver                        0x0000000104616b88 cxxbridge1$str$ptr + 2907908\n2   chromedriver                        0x000000010412e2b0 _RNvCsgXDX2mvAJAg_7___rustc35___rust_no_alloc_shim_is_unstable_v2 + 74020\n3   chromedriver                        0x000000010413ee08 _RNvCsgXDX2mvAJAg_7___rustc35___rust_no_alloc_shim_is_unstable_v2 + 142460\n4   chromedriver                        0x000000010413dee4 _RNvCsgXDX2mvAJAg_7___rustc35___rust_no_alloc_shim_is_unstable_v2 + 138584\n5   chromedriver                        0x0000000104134968 _RNvCsgXDX2mvAJAg_7___rustc35___rust_no_alloc_shim_is_unstable_v2 + 100316\n6   chromedriver                        0x0000000104133170 _RNvCsgXDX2mvAJAg_7___rustc35___rust_no_alloc_shim_is_unstable_v2 + 94180\n7   chromedriver                        0x0000000104136314 _RNvCsgXDX2mvAJAg_7___rustc35___rust_no_alloc_shim_is_unstable_v2 + 106888\n8   chromedriver                        0x00000001041363cc _RNvCsgXDX2mvAJAg_7___rustc35___rust_no_alloc_shim_is_unstable_v2 + 107072\n9   chromedriver                        0x000000010417545c _RNvCsgXDX2mvAJAg_7___rustc35___rust_no_alloc_shim_is_unstable_v2 + 365264\n10  chromedriver                        0x000000010416b504 _RNvCsgXDX2mvAJAg_7___rustc35___rust_no_alloc_shim_is_unstable_v2 + 324472\n11  chromedriver                        0x00000001041b6d54 _RNvCsgXDX2mvAJAg_7___rustc35___rust_no_alloc_shim_is_unstable_v2 + 633800\n12  chromedriver                        0x0000000104169ef0 _RNvCsgXDX2mvAJAg_7___rustc35___rust_no_alloc_shim_is_unstable_v2 + 318820\n13  chromedriver                        0x00000001045e20c8 cxxbridge1$str$ptr + 2692164\n14  chromedriver                        0x00000001045e58dc cxxbridge1$str$ptr + 2706520\n15  chromedriver                        0x00000001045c284c cxxbridge1$str$ptr + 2563016\n16  chromedriver                        0x00000001045e61b4 cxxbridge1$str$ptr + 2708784\n17  chromedriver                        0x00000001045b40f4 cxxbridge1$str$ptr + 2503792\n18  chromedriver                        0x0000000104605498 cxxbridge1$str$ptr + 2836500\n19  chromedriver                        0x000000010460561c cxxbridge1$str$ptr + 2836888\n20  chromedriver                        0x00000001046167d8 cxxbridge1$str$ptr + 2906964\n21  libsystem_pthread.dylib             0x0000000187809f94 _pthread_start + 136\n22  libsystem_pthread.dylib             0x0000000187804d34 thread_start + 8\n"}} | headers=HTTPHeaderDict({'Content-Length': '2694', 'Content-Type': 'application/json; charset=utf-8', 'cache-control': 'no-cache'})
2025-12-03 07:55:54 [selenium.webdriver.remote.remote_connection] DEBUG: Finished Request
2025-12-03 07:55:54 [software] DEBUG: Skipping row: Message: stale element reference: stale element not found
  (Session info: chrome=142.0.7444.176); For documentation on this error, please visit: https://www.selenium.dev/documentation/webdriver/troubleshooting/errors#staleelementreferenceexception
Stacktrace:
0   chromedriver                        0x000000010461eecc cxxbridge1$str$ptr + 2941512
1   chromedriver                        0x0000000104616b88 cxxbridge1$str$ptr + 2907908
2   chromedriver                        0x000000010412e2b0 _RNvCsgXDX2mvAJAg_7___rustc35___rust_no_alloc_shim_is_unstable_v2 + 74020
3   chromedriver                        0x000000010413ee08 _RNvCsgXDX2mvAJAg_7___rustc35___rust_no_alloc_shim_is_unstable_v2 + 142460
4   chromedriver                        0x000000010413dee4 _RNvCsgXDX2mvAJAg_7___rustc35___rust_no_alloc_shim_is_unstable_v2 + 138584
5   chromedriver                        0x0000000104134968 _RNvCsgXDX2mvAJAg_7___rustc35___rust_no_alloc_shim_is_unstable_v2 + 100316
6   chromedriver                        0x0000000104133170 _RNvCsgXDX2mvAJAg_7___rustc35___rust_no_alloc_shim_is_unstable_v2 + 94180
7   chromedriver                        0x0000000104136314 _RNvCsgXDX2mvAJAg_7___rustc35___rust_no_alloc_shim_is_unstable_v2 + 106888
8   chromedriver                        0x00000001041363cc _RNvCsgXDX2mvAJAg_7___rustc35___rust_no_alloc_shim_is_unstable_v2 + 107072
9   chromedriver                        0x000000010417545c _RNvCsgXDX2mvAJAg_7___rustc35___rust_no_alloc_shim_is_unstable_v2 + 365264
10  chromedriver                        0x000000010416b504 _RNvCsgXDX2mvAJAg_7___rustc35___rust_no_alloc_shim_is_unstable_v2 + 324472
11  chromedriver                        0x00000001041b6d54 _RNvCsgXDX2mvAJAg_7___rustc35___rust_no_alloc_shim_is_unstable_v2 + 633800
12  chromedriver                        0x0000000104169ef0 _RNvCsgXDX2mvAJAg_7___rustc35___rust_no_alloc_shim_is_unstable_v2 + 318820
13  chromedriver                        0x00000001045e20c8 cxxbridge1$str$ptr + 2692164
14  chromedriver                        0x00000001045e58dc cxxbridge1$str$ptr + 2706520
15  chromedriver                        0x00000001045c284c cxxbridge1$str$ptr + 2563016
16  chromedriver                        0x00000001045e61b4 cxxbridge1$str$ptr + 2708784
17  chromedriver                        0x00000001045b40f4 cxxbridge1$str$ptr + 2503792
18  chromedriver                        0x0000000104605498 cxxbridge1$str$ptr + 2836500
19  chromedriver                        0x000000010460561c cxxbridge1$str$ptr + 2836888
20  chromedriver                        0x00000001046167d8 cxxbridge1$str$ptr + 2906964
21  libsystem_pthread.dylib             0x0000000187809f94 _pthread_start + 136
22  libsystem_pthread.dylib             0x0000000187804d34 thread_start + 8

2025-12-03 07:55:54 [selenium.webdriver.remote.remote_connection] DEBUG: POST http://localhost:61666/session/b3d1ea40d79140ae4ff71c7dd94cd1cc/element/f.353BA92EEAAC468A2145AAFD4E55641B.d.6841BEE517690502BE68CFB1E00B496B.e.69/element {'using': 'css selector', 'value': 'td a'}
2025-12-03 07:55:54 [urllib3.connectionpool] DEBUG: http://localhost:61666 "POST /session/b3d1ea40d79140ae4ff71c7dd94cd1cc/element/f.353BA92EEAAC468A2145AAFD4E55641B.d.6841BEE517690502BE68CFB1E00B496B.e.69/element HTTP/1.1" 404 0
2025-12-03 07:55:54 [selenium.webdriver.remote.remote_connection] DEBUG: Remote response: status=404 | data={"value":{"error":"stale element reference","message":"stale element reference: stale element not found\n  (Session info: chrome=142.0.7444.176)","stacktrace":"0   chromedriver                        0x000000010461eecc cxxbridge1$str$ptr + 2941512\n1   chromedriver                        0x0000000104616b88 cxxbridge1$str$ptr + 2907908\n2   chromedriver                        0x000000010412e2b0 _RNvCsgXDX2mvAJAg_7___rustc35___rust_no_alloc_shim_is_unstable_v2 + 74020\n3   chromedriver                        0x000000010413ee08 _RNvCsgXDX2mvAJAg_7___rustc35___rust_no_alloc_shim_is_unstable_v2 + 142460\n4   chromedriver                        0x000000010413dee4 _RNvCsgXDX2mvAJAg_7___rustc35___rust_no_alloc_shim_is_unstable_v2 + 138584\n5   chromedriver                        0x0000000104134968 _RNvCsgXDX2mvAJAg_7___rustc35___rust_no_alloc_shim_is_unstable_v2 + 100316\n6   chromedriver                        0x0000000104133170 _RNvCsgXDX2mvAJAg_7___rustc35___rust_no_alloc_shim_is_unstable_v2 + 94180\n7   chromedriver                        0x0000000104136314 _RNvCsgXDX2mvAJAg_7___rustc35___rust_no_alloc_shim_is_unstable_v2 + 106888\n8   chromedriver                        0x00000001041363cc _RNvCsgXDX2mvAJAg_7___rustc35___rust_no_alloc_shim_is_unstable_v2 + 107072\n9   chromedriver                        0x000000010417545c _RNvCsgXDX2mvAJAg_7___rustc35___rust_no_alloc_shim_is_unstable_v2 + 365264\n10  chromedriver                        0x000000010416b504 _RNvCsgXDX2mvAJAg_7___rustc35___rust_no_alloc_shim_is_unstable_v2 + 324472\n11  chromedriver                        0x00000001041b6d54 _RNvCsgXDX2mvAJAg_7___rustc35___rust_no_alloc_shim_is_unstable_v2 + 633800\n12  chromedriver                        0x0000000104169ef0 _RNvCsgXDX2mvAJAg_7___rustc35___rust_no_alloc_shim_is_unstable_v2 + 318820\n13  chromedriver                        0x00000001045e20c8 cxxbridge1$str$ptr + 2692164\n14  chromedriver                        0x00000001045e58dc cxxbridge1$str$ptr + 2706520\n15  chromedriver                        0x00000001045c284c cxxbridge1$str$ptr + 2563016\n16  chromedriver                        0x00000001045e61b4 cxxbridge1$str$ptr + 2708784\n17  chromedriver                        0x00000001045b40f4 cxxbridge1$str$ptr + 2503792\n18  chromedriver                        0x0000000104605498 cxxbridge1$str$ptr + 2836500\n19  chromedriver                        0x000000010460561c cxxbridge1$str$ptr + 2836888\n20  chromedriver                        0x00000001046167d8 cxxbridge1$str$ptr + 2906964\n21  libsystem_pthread.dylib             0x0000000187809f94 _pthread_start + 136\n22  libsystem_pthread.dylib             0x0000000187804d34 thread_start + 8\n"}} | headers=HTTPHeaderDict({'Content-Length': '2694', 'Content-Type': 'application/json; charset=utf-8', 'cache-control': 'no-cache'})
2025-12-03 07:55:54 [selenium.webdriver.remote.remote_connection] DEBUG: Finished Request
2025-12-03 07:55:54 [software] DEBUG: Skipping row: Message: stale element reference: stale element not found
  (Session info: chrome=142.0.7444.176); For documentation on this error, please visit: https://www.selenium.dev/documentation/webdriver/troubleshooting/errors#staleelementreferenceexception
Stacktrace:
0   chromedriver                        0x000000010461eecc cxxbridge1$str$ptr + 2941512
1   chromedriver                        0x0000000104616b88 cxxbridge1$str$ptr + 2907908
2   chromedriver                        0x000000010412e2b0 _RNvCsgXDX2mvAJAg_7___rustc35___rust_no_alloc_shim_is_unstable_v2 + 74020
3   chromedriver                        0x000000010413ee08 _RNvCsgXDX2mvAJAg_7___rustc35___rust_no_alloc_shim_is_unstable_v2 + 142460
4   chromedriver                        0x000000010413dee4 _RNvCsgXDX2mvAJAg_7___rustc35___rust_no_alloc_shim_is_unstable_v2 + 138584
5   chromedriver                        0x0000000104134968 _RNvCsgXDX2mvAJAg_7___rustc35___rust_no_alloc_shim_is_unstable_v2 + 100316
6   chromedriver                        0x0000000104133170 _RNvCsgXDX2mvAJAg_7___rustc35___rust_no_alloc_shim_is_unstable_v2 + 94180
7   chromedriver                        0x0000000104136314 _RNvCsgXDX2mvAJAg_7___rustc35___rust_no_alloc_shim_is_unstable_v2 + 106888
8   chromedriver                        0x00000001041363cc _RNvCsgXDX2mvAJAg_7___rustc35___rust_no_alloc_shim_is_unstable_v2 + 107072
9   chromedriver                        0x000000010417545c _RNvCsgXDX2mvAJAg_7___rustc35___rust_no_alloc_shim_is_unstable_v2 + 365264
10  chromedriver                        0x000000010416b504 _RNvCsgXDX2mvAJAg_7___rustc35___rust_no_alloc_shim_is_unstable_v2 + 324472
11  chromedriver                        0x00000001041b6d54 _RNvCsgXDX2mvAJAg_7___rustc35___rust_no_alloc_shim_is_unstable_v2 + 633800
12  chromedriver                        0x0000000104169ef0 _RNvCsgXDX2mvAJAg_7___rustc35___rust_no_alloc_shim_is_unstable_v2 + 318820
13  chromedriver                        0x00000001045e20c8 cxxbridge1$str$ptr + 2692164
14  chromedriver                        0x00000001045e58dc cxxbridge1$str$ptr + 2706520
15  chromedriver                        0x00000001045c284c cxxbridge1$str$ptr + 2563016
16  chromedriver                        0x00000001045e61b4 cxxbridge1$str$ptr + 2708784
17  chromedriver                        0x00000001045b40f4 cxxbridge1$str$ptr + 2503792
18  chromedriver                        0x0000000104605498 cxxbridge1$str$ptr + 2836500
19  chromedriver                        0x000000010460561c cxxbridge1$str$ptr + 2836888
20  chromedriver                        0x00000001046167d8 cxxbridge1$str$ptr + 2906964
21  libsystem_pthread.dylib             0x0000000187809f94 _pthread_start + 136
22  libsystem_pthread.dylib             0x0000000187804d34 thread_start + 8

2025-12-03 07:55:54 [software] DEBUG: ✅ DB 저장 성공 (새로 생성): (재)운해장학재단 2026년도 제13... (PK: software_-2673705352209053922, Date: 2025-12-03)
2025-12-03 07:55:54 [scrapy.core.scraper] DEBUG: Scraped from <200 https://software.cbnu.ac.kr/sub0401>
{'board_type': '소프트웨어학과',
 'content': '(재)운해장학재단에서 2026년도 제13기 운해장학생을 선발하오니, 아래의 선발기준을 충족하는 학생분은 2025. '
            '12. 15.(월)까지 신청하시기 바랍니다. \n'
            '     - 메일발송 제목: [운해장학 신청] 학년, 학번, 이름\n'
            '   - 메일주소: comdpt@cbnu.ac.kr\n'
            '   - 제출자료: 붙임의 엑셀파일(전정대 최종 선발자는 이후 모든 서류 제출 예정) 및 증빙자료\n'
            '  가. 추천인원: 5명\n'
            '  나. 장학유형\n'
            '    - 이공계 학생(해당학기 평점평균 4.0 이상)으로 자기 전문 분야에서 탁월한 능력이 있는 자(수상경력, 관련 '
            '자격증 있는 자 등)\n'
            '   - 학업성적이 우수(2025-1학기 평점평균 4.0 이상)하며 가정형편이 어려운 자(기초생활수급자, '
            '차상위계층)\n'
            '   - 학업성적이 우수(2025-1학기 평점평균 4.0 이상)한 장애학생\n'
            '  다. 자격조건\n'
            '    - 2025년도 1, 2학기 모두 재학 상태로 12월 현재 기준 재학중인 1 ~ 3학년\n'
            '    - 2026년도 1, 2학기 모두 등록 예정인 자(복학생, 해외교환학생, 휴학, 군입대 및 해외 연수 예정자 '
            '신청 불가)\n'
            '  라.장학금액: 800만 원(학기당 400만 원, 생활비성)\n'
            '  마. 제출서류\n'
            '  - 평가표 엑셀파일 \n'
            '  - 2024년도 2학기 학자금 지원구간 통지서, 한부모증명서(해당학생만 제출)\n'
            '  붙임\n'
            '1. 2025년도 제 12기 운해장학생 선발요강 및 신청 안내문 1부.\n'
            '  2. 장학금 추천 명단 및 평가표(서식) 1부.',
 'notice_id': 'software_-2673705352209053922',
 'post_date': datetime.date(2025, 12, 3),
 'title': '(재)운해장학재단 2026년도 제13기 운해장학생 추천 안내( ~12.15)',
 'url': 'https://software.cbnu.ac.kr/sub0401/1150534'}
2025-12-03 07:55:54 [scrapy.core.engine] INFO: Closing spider (finished)
2025-12-03 07:55:54 [selenium.webdriver.remote.remote_connection] DEBUG: DELETE http://localhost:61666/session/b3d1ea40d79140ae4ff71c7dd94cd1cc {}
2025-12-03 07:55:54 [urllib3.connectionpool] DEBUG: http://localhost:61666 "DELETE /session/b3d1ea40d79140ae4ff71c7dd94cd1cc HTTP/1.1" 200 0
2025-12-03 07:55:54 [selenium.webdriver.remote.remote_connection] DEBUG: Remote response: status=200 | data={"value":null} | headers=HTTPHeaderDict({'Content-Length': '14', 'Content-Type': 'application/json; charset=utf-8', 'cache-control': 'no-cache'})
2025-12-03 07:55:54 [selenium.webdriver.remote.remote_connection] DEBUG: Finished Request
2025-12-03 07:55:54 [scrapy.statscollectors] INFO: Dumping Scrapy stats:
{'downloader/request_bytes': 314,
 'downloader/request_count': 1,
 'downloader/request_method_count/GET': 1,
 'downloader/response_bytes': 11955,
 'downloader/response_count': 1,
 'downloader/response_status_count/200': 1,
 'elapsed_time_seconds': 8.094374,
 'finish_reason': 'finished',
 'finish_time': datetime.datetime(2025, 12, 2, 22, 55, 54, 909124, tzinfo=datetime.timezone.utc),
 'httpcompression/response_bytes': 72068,
 'httpcompression/response_count': 1,
 'item_scraped_count': 1,
 'items_per_minute': 7.5,
 'log_count/DEBUG': 199,
 'log_count/INFO': 10,
 'memusage/max': 104235008,
 'memusage/startup': 104235008,
 'response_received_count': 1,
 'responses_per_minute': 7.5,
 'scheduler/dequeued': 1,
 'scheduler/dequeued/memory': 1,
 'scheduler/enqueued': 1,
 'scheduler/enqueued/memory': 1,
 'start_time': datetime.datetime(2025, 12, 2, 22, 55, 46, 814750, tzinfo=datetime.timezone.utc)}
2025-12-03 07:55:54 [scrapy.core.engine] INFO: Spider closed (finished)
